TradDt,BizDt,Sgmt,Src,FinInstrmTp,FinInstrmId,ISIN,TckrSymb,SctySrs,XpryDt,FininstrmActlXpryDt,StrkPric,OptnTp,FinInstrmNm,OpnPric,HghPric,LwPric,ClsPric,LastPric,PrvsClsgPric,UndrlygPric,SttlmPric,OpnIntrst,ChngInOpnIntrst,TtlTradgVol,TtlTrfVal,TtlNbOfTxsExctd,SsnId,NewBrdLotQty,Rmks,Rsvd1,Rsvd2,Rsvd3,Rsvd4
2026-06-30,2026-06-30,CM,BSE,STK,500002,INE117A01022,ABB,A,,,,,ABB INDIA LIMITED,7049.50,7097.00,6995.00,7030.85,7022.50,7131.25,,7031.00,,,9105,64131280.00,1702,F1,1,,,,,
2026-06-30,2026-06-30,CM,BSE,STK,500003,INE208C01025,AEGISLOG,A,,,,,AEGIS LOGISTICS LTD.,1172.25,1193.85,1127.90,1171.30,1176.70,1173.70,,1173.85,,,110497,127609509.00,4344,F1,1,,,,,
2026-06-30,2026-06-30,CM,BSE,STK,500008,INE885A01032,ARE&M,A,,,,,Amara Raja Energy & Mobility L,829.25,852.25,825.80,842.05,841.55,822.20,,841.95,,,58528,49304408.00,3276,F1,1,,,,,
2026-06-30,2026-06-30,CM,BSE,STK,500009,INE432A01017,AMBALALSA,B,,,,,AMBALAL SARABHAI ENTERPRISES L,32.00,33.00,31.45,32.39,32.39,31.08,,32.72,,,12534,401277.00,103,F1,1,,,,,
2026-06-30,2026-06-30,CM,BSE,STK,500012,INE714B01016,ANDHRAPET,X,,,,,ANDHRA PETROCHEMICALS LTD.,44.80,45.44,43.12,43.99,43.88,44.22,,43.99,,,50572,2216243.00,390,F1,1,,,,,
2026-06-30,2026-06-30,CM,BSE,STK,500013,INE436A01026,ANSALAPI,Z,,,,,ANSAL PROPERTIES & INFRASTRUCT,3.71,3.71,3.71,3.71,3.71,3.78,,2.93,,,1,3.00,1,F1,1,,,,,
2026-06-30,2026-06-30,CM,BSE,STK,500014,INE096A01010,UTIQUE,X,,,,,UTIQUE ENTERPRISES LIMITED,4.05,4.47,3.87,3.92,3.87,3.97,,3.92,,,37852,155538.00,100,F1,1,,,,,
2026-06-30,2026-06-30,CM,BSE,STK,500016,INE957C01019,ARUNAHTEL,X,,,,,ARUNA HOTELS LTD.,7.79,7.79,7.13,7.58,7.75,7.42,,7.58,,,17317,131447.00,26,F1,1,,,,,
2026-06-30,2026-06-30,CM,BSE,STK,500020,INE032A01023,BOMDYEING,A,,,,,BOMBAY DYEING & MFG.CO.LTD.,129.00,133.40,129.00,132.70,132.90,129.10,,132.71,,,29371,3870939.00,399,F1,1,,,,,
2026-06-30,2026-06-30,CM,BSE,STK,500023,INE363A01022,ASIANHOTNR,B,,,,,ASIAN HOTELS (NORTH) LIMITED,295.20,295.75,287.50,287.50,287.50,292.05,,290.30,,,90,26288.00,31,F1,1,,,,,
2026-06-30,2026-06-30,CM,BSE,STK,500027,INE100A01010,ATUL,A,,,,,ATUL LTD.,6586.15,6587.75,6440.00,6472.30,6440.00,6609.45,,6465.00,,,893,5811508.00,293,F1,1,,,,,
2026-06-30,2026-06-30,CM,BSE,STK,500028,INE447A01015,ATVPR,X,,,,,ATV PROJECTS INDIA LTD.,27.99,27.99,26.11,26.89,26.89,27.58,,26.89,,,20004,541407.00,200,F1,1,,,,,
2026-06-30,2026-06-30,CM,BSE,STK,500031,INE193E01025,BAJAJELEC,A,,,,,BAJAJ ELECTRICALS LTD.,317.00,323.00,314.60,319.65,319.65,317.25,,319.50,,,6218,1981234.00,468,F1,1,,,,,
2026-06-30,2026-06-30,CM,BSE,STK,500032,INE306A01021,BAJAJHIND,A,,,,,BAJAJ HINDUSTHAN SUGAR LIMITED,17.92,18.05,17.49,17.65,17.65,18.03,,17.65,,,592453,10453596.00,1766,F1,1,,,,,
2026-06-30,2026-06-30,CM,BSE,STK,500033,INE451A01017,FORCEMOT,A,,,,,FORCE MOTORS LTD.,18042.70,18678.95,17745.00,18574.15,18599.00,17837.25,,18579.00,,,13183,240842889.00,3098,F1,1,,,,,
2026-06-30,2026-06-30,CM,BSE,STK,500034,INE296A01032,BAJFINANCE,A,,,,,BAJAJ FINANCE LIMITED,988.95,1010.75,977.55,1004.75,1004.75,982.90,,1004.75,,,1496697,1497187534.00,31831,F1,1,,,,,
2026-06-30,2026-06-30,CM,BSE,STK,500038,INE119A01028,BALRAMCHIN,A,,,,,BALRAMPUR CHINI MILLS LTD.,525.90,563.00,525.90,555.40,555.40,527.50,,555.00,,,69334,37919948.00,3547,F1,1,,,,,
2026-06-30,2026-06-30,CM,BSE,STK,500039,INE213C01025,BANCOINDIA,A,,,,,BANCO PRODUCTS (INDIA) LTD.,666.10,680.50,666.10,670.20,669.50,653.05,,670.35,,,18003,12125040.00,677,F1,1,,,,,
2026-06-30,2026-06-30,CM,BSE,STK,500040,INE055A01016,ABREL,A,,,,,ADITYA BIRLA REAL ESTATE LIMIT,1333.05,1347.00,1308.00,1322.40,1322.70,1313.15,,1323.60,,,9232,12256676.00,598,F1,1,,,,,
2026-06-30,2026-06-30,CM,BSE,STK,500042,INE373A01013,BASF,A,,,,,BASF INDIA LTD.,3647.10,3647.10,3585.00,3607.95,3585.00,3635.10,,3603.80,,,416,1501324.00,91,F1,1,,,,,
2026-06-30,2026-06-30,CM,BSE,STK,500043,INE176A01028,BATAINDIA,A,,,,,BATA INDIA LTD.,693.75,694.90,680.85,684.00,684.00,696.40,,683.95,,,33738,23093195.00,1965,F1,1,,,,,
2026-06-30,2026-06-30,CM,BSE,STK,500048,INE258A01024,BEML,A,,,,,BEML LTD.,1738.90,1770.95,1715.00,1760.45,1761.00,1709.95,,1760.40,,,71998,125631897.00,1847,F1,1,,,,,
2026-06-30,2026-06-30,CM,BSE,STK,500049,INE263A01024,BEL,A,,,,,BHARAT ELECTRONICS LTD.,413.50,414.50,408.55,412.15,412.15,412.25,,411.80,,,2460496,1014118358.00,12692,F1,1,,,,,
2026-06-30,2026-06-30,CM,BSE,STK,500051,INE099C01010,BHAGGAS,XT,,,,,BHAGAWATI GAS LIMITED,8.77,8.77,8.77,8.77,8.77,8.60,,8.77,,,1186,10401.00,12,F1,1,,,,,
2026-06-30,2026-06-30,CM,BSE,STK,500052,INE922A01025,BEPL,B,,,,,BHANSALI ENGINEERING POLYMERS,98.80,100.47,98.80,99.47,99.47,98.99,,99.42,,,15585,1552617.00,308,F1,1,,,,,
2026-06-30,2026-06-30,CM,BSE,STK,500058,INE819C01011,BIHSPONG,X,,,,,BIHAR SPONGE IRON LTD.,12.35,12.35,11.90,12.15,12.28,12.05,,12.15,,,9930,120818.00,103,F1,1,,,,,
2026-06-30,2026-06-30,CM,BSE,STK,500059,INE071A01013,BILVYAPAR,T,,,,,BIL VYAPAR LIMITED,4.25,4.38,4.11,4.11,4.11,4.25,,4.13,,,3407,14788.00,8,F1,1,,,,,
2026-06-30,2026-06-30,CM,BSE,STK,500060,INE800A01015,BIRLACABLE,T,,,,,Birla Cable Limited,203.00,209.50,200.80,205.85,205.85,201.20,,202.23,,,5307,1090918.00,130,F1,1,,,,,
2026-06-30,2026-06-30,CM,BSE,STK,500067,INE472A01039,BLUESTARCO,A,,,,,BLUE STAR LTD.,1648.80,1650.00,1620.80,1627.05,1627.05,1639.05,,1628.30,,,18459,30208559.00,1882,F1,1,,,,,
2026-06-30,2026-06-30,CM,BSE,STK,500068,INE131C01011,DISAQ,B,,,,,DISA INDIA LTD.,12148.75,12148.75,11927.00,11927.00,11927.00,12148.75,,11888.00,,,18,216832.00,14,F1,1,,,,,
2026-06-30,2026-06-30,CM,BSE,STK,500069,INE418C01012,QUESTCAP,X,,,,,QUEST CAPITAL MARKETS LIMITED,284.15,285.00,280.00,283.60,283.60,285.00,,283.60,,,37,10516.00,9,F1,1,,,,,
2026-06-30,2026-06-30,CM,BSE,STK,500074,INE110A01019,BPL,B,,,,,BPL LTD.,56.00,56.00,55.03,55.12,55.35,54.93,,55.26,,,2689,148814.00,68,F1,1,,,,,
2026-06-30,2026-06-30,CM,BSE,STK,500078,INE959C01023,OAL,B,,,,,ORIENTAL AROMATICS LIMITED,319.05,319.05,304.50,309.05,305.20,311.80,,307.90,,,781,241756.00,110,F1,1,,,,,
2026-06-30,2026-06-30,CM,BSE,STK,500083,INE281A01026,CENTEXT,B,,,,,CENTURY EXTRUSIONS LTD.,19.00,19.55,19.00,19.18,19.17,19.20,,19.19,,,2768,53108.00,74,F1,1,,,,,
2026-06-30,2026-06-30,CM,BSE,STK,500084,INE486A01021,CESC,A,,,,,CESC LTD.,164.25,169.80,164.25,168.95,168.50,164.40,,168.82,,,130245,21962341.00,1640,F1,1,,,,,
2026-06-30,2026-06-30,CM,BSE,STK,500085,INE085A01013,CHAMBLFERT,A,,,,,CHAMBAL FERTILISERS & CHEMICAL,470.20,471.75,466.80,468.45,468.00,474.75,,468.00,,,29936,14044999.00,972,F1,1,,,,,
2026-06-30,2026-06-30,CM,BSE,STK,500086,INE302A01020,EXIDEIND,A,,,,,EXIDE INDUSTRIES LTD.,387.55,395.40,385.30,387.50,388.00,386.30,,387.60,,,380847,149203745.00,4784,F1,1,,,,,
2026-06-30,2026-06-30,CM,BSE,STK,500087,INE059A01026,CIPLA,A,,,,,CIPLA LTD.,1454.20,1480.80,1449.35,1465.15,1468.00,1453.50,,1465.40,,,101557,148858590.00,6048,F1,1,,,,,
2026-06-30,2026-06-30,CM,BSE,STK,500089,INE303A01010,DICIND,B,,,,,DIC INDIA LTD.,517.00,517.00,505.00,514.00,514.00,505.00,,513.80,,,1167,595516.00,49,F1,1,,,,,
2026-06-30,2026-06-30,CM,BSE,STK,500092,INE007A01025,CRISIL,A,,,,,CRISIL LTD.,4100.00,4129.55,4068.50,4080.20,4098.35,4081.30,,4079.00,,,1256,5144638.00,324,F1,1,,,,,
2026-06-30,2026-06-30,CM,BSE,STK,500093,INE067A01029,CGPOWER,A,,,,,CG Power and Industrial Soluti,965.90,968.90,949.80,952.25,952.25,957.05,,952.15,,,331348,317892968.00,7601,F1,1,,,,,
2026-06-30,2026-06-30,CM,BSE,STK,500096,INE016A01026,DABUR,A,,,,,DABUR INDIA LTD.,423.45,426.20,421.70,422.10,422.75,426.20,,422.20,,,79893,33856840.00,1707,F1,1,,,,,
2026-06-30,2026-06-30,CM,BSE,STK,500097,INE495A01022,DALMIASUG,B,,,,,DALMIA BHARAT SUGAR AND INDUST,329.55,329.55,323.60,325.10,327.95,325.05,,325.75,,,1376,447146.00,52,F1,1,,,,,
2026-06-30,2026-06-30,CM,BSE,STK,500101,INE034A01011,ARVIND,A,,,,,ARVIND LTD.,550.70,600.00,550.70,586.30,586.30,549.00,,587.10,,,207889,121914426.00,6867,F1,1,,,,,
2026-06-30,2026-06-30,CM,BSE,STK,500103,INE257A01026,BHEL,A,,,,,BHARAT HEAVY ELECTRICALS LTD.,414.85,420.00,411.85,413.90,413.90,413.60,,414.10,,,540917,224586270.00,6700,F1,1,,,,,
2026-06-30,2026-06-30,CM,BSE,STK,500104,INE094A01015,HINDPETRO,A,,,,,HINDUSTAN PETROLEUM CORPORATIO,392.30,395.80,389.75,394.55,394.55,389.65,,394.45,,,305437,119967365.00,5496,F1,1,,,,,
2026-06-30,2026-06-30,CM,BSE,STK,500106,INE039A01010,IFCI,A,,,,,IFCI LTD.,77.60,77.82,74.63,74.91,74.91,77.18,,74.88,,,1879498,142662830.00,6709,F1,1,,,,,
2026-06-30,2026-06-30,CM,BSE,STK,500108,INE153A01019,MTNL,B,,,,,MAHANAGAR TELEPHONE NIGAM LTD.,29.68,29.87,29.42,29.55,29.55,29.67,,29.54,,,70611,2088858.00,478,F1,1,,,,,
2026-06-30,2026-06-30,CM,BSE,STK,500109,INE103A01014,MRPL,A,,,,,MANGALORE REFINERY & PETROCHEM,150.15,151.50,148.05,149.10,149.10,149.15,,149.05,,,199393,29773160.00,1835,F1,1,,,,,
2026-06-30,2026-06-30,CM,BSE,STK,500110,INE178A01016,CHENNPETRO,A,,,,,CHENNAI PETROLEUM CORPORATION,1152.45,1171.00,1140.55,1156.55,1156.00,1154.00,,1156.30,,,39548,45789715.00,2580,F1,1,,,,,
2026-06-30,2026-06-30,CM,BSE,STK,500112,INE062A01020,SBIN,A,,,,,STATE BANK OF INDIA,1037.10,1043.95,1025.10,1027.10,1027.10,1036.45,,1026.90,,,505560,523097410.00,14246,F1,1,,,,,
2026-06-30,2026-06-30,CM,BSE,STK,500113,INE114A01011,SAIL,A,,,,,STEEL AUTHORITY OF INDIA LTD.,174.70,175.25,171.35,173.25,173.25,175.15,,173.49,,,475898,82360596.00,2974,F1,1,,,,,
2026-06-30,2026-06-30,CM,BSE,STK,500114,INE280A01028,TITAN,A,,,,,TITAN COMPANY LIMITED,4280.05,4427.95,4276.65,4405.30,4405.30,4280.05,,4404.00,,,66152,290146329.00,7545,F1,1,,,,,
2026-06-30,2026-06-30,CM,BSE,STK,500116,INE008A01015,IDBI,A,,,,,IDBI BANK LTD.,85.54,86.24,82.85,83.95,83.95,86.01,,83.54,,,714276,60631030.00,3327,F1,1,,,,,
2026-06-30,2026-06-30,CM,BSE,STK,500117,INE500A01029,DCW,B,,,,,DCW LTD.,47.44,47.58,46.87,47.43,47.35,47.05,,47.44,,,65392,3093650.00,216,F1,1,,,,,
2026-06-30,2026-06-30,CM,BSE,STK,500119,INE041A01016,DHAMPURSUG,B,,,,,DHAMPUR SUGAR MILLS LTD.,138.35,140.40,136.00,139.25,138.65,137.65,,139.14,,,10936,1506503.00,229,F1,1,,,,,
2026-06-30,2026-06-30,CM,BSE,STK,500120,INE591D01014,DIAMINESQ,B,,,,,DIAMINES & CHEMICALS LTD.,240.25,240.25,238.00,238.00,238.00,240.35,,240.45,,,6,1437.00,4,F1,1,,,,,
2026-06-30,2026-06-30,CM,BSE,STK,500123,INE280B01018,ELANTAS,B,,,,,ELANTAS BECK INDIA LTD.,10650.00,10841.30,10650.00,10711.40,10715.00,10602.30,,10721.50,,,138,1488131.00,42,F1,1,,,,,
2026-06-30,2026-06-30,CM,BSE,STK,500124,INE089A01031,DRREDDY,A,,,,,DR.REDDYS LABORATORIES LTD.,1376.00,1376.00,1346.85,1356.85,1356.85,1376.30,,1357.10,,,122852,167271940.00,5507,F1,1,,,,,
2026-06-30,2026-06-30,CM,BSE,STK,500125,INE126A01031,EIDPARRY,A,,,,,E.I.D.-PARRY (INDIA) LTD.,712.05,722.90,707.30,713.25,713.60,714.10,,713.90,,,48751,34937092.00,1471,F1,1,,,,,
2026-06-30,2026-06-30,CM,BSE,STK,500126,INE199A01012,PGHL,A,,,,,PROCTER & GAMBLE HEALTH LIMITE,6248.75,6354.60,6235.00,6328.55,6328.15,6248.75,,6326.50,,,416,2621866.00,145,F1,1,,,,,
2026-06-30,2026-06-30,CM,BSE,STK,500128,INE086A01029,ELECTCAST,A,,,,,ELECTROSTEEL CASTINGS LTD.,77.50,82.89,76.30,80.10,80.10,76.74,,79.81,,,613226,48956979.00,1306,F1,1,,,,,
2026-06-30,2026-06-30,CM,BSE,STK,500133,INE284A01012,ESABINDIA,A,,,,,ESAB INDIA LTD.,5746.50,5746.50,5693.10,5704.85,5704.85,5766.95,,5718.00,,,133,760022.00,48,F1,1,,,,,
2026-06-30,2026-06-30,CM,BSE,STK,500135,INE255A01020,EPL,A,,,,,EPL LIMITED,225.00,227.20,223.30,224.65,225.00,225.55,,224.80,,,6120,1377550.00,197,F1,1,,,,,
2026-06-30,2026-06-30,CM,BSE,STK,500136,INE778B01029,ESTER,B,,,,,ESTER INDUSTRIES LTD.,89.85,90.45,88.50,90.45,90.45,89.00,,89.86,,,249,22442.00,54,F1,1,,,,,
2026-06-30,2026-06-30,CM,BSE,STK,500142,INE512A01016,FGP,X,,,,,FGP LTD.,11.55,12.00,11.31,11.95,11.95,11.55,,11.95,,,2059,23871.00,19,F1,1,,,,,
2026-06-30,2026-06-30,CM,BSE,STK,500143,INE160F01013,PHCAP,XT,,,,,PH CAPITAL LTD.,970.00,999.00,961.00,995.10,995.00,977.70,,995.10,,,3230,3163689.00,80,F1,1,,,,,
2026-06-30,2026-06-30,CM,BSE,STK,500144,INE235A01022,FINCABLES,A,,,,,FINOLEX CABLES LTD.,1181.00,1188.60,1154.00,1168.40,1168.40,1178.95,,1169.40,,,23722,27769930.00,1445,F1,1,,,,,
2026-06-30,2026-06-30,CM,BSE,STK,500147,INE515A01019,COCKERILL,B,,,,,JOHN COCKERILL INDIA LIMITED,8820.00,9290.65,8760.70,9202.45,9202.45,8737.00,,9208.00,,,2409,21999414.00,724,F1,1,,,,,
2026-06-30,2026-06-30,CM,BSE,STK,500148,INE516A01017,UFLEX,B,,,,,UFLEX LTD.,419.95,423.30,416.85,421.00,423.25,418.05,,419.95,,,759,318875.00,53,F1,1,,,,,
2026-06-30,2026-06-30,CM,BSE,STK,500150,INE519A01011,FOSECOIND,B,,,,,FOSECO INDIA LTD.,5297.00,5376.65,5297.00,5344.05,5302.00,5340.15,,5331.30,,,203,1086294.00,48,F1,1,,,,,
2026-06-30,2026-06-30,CM,BSE,STK,500151,INE973A01010,GOLDENTOBC,Z,,,,,GOLDEN TOBACCO LTD.,26.00,26.80,26.00,26.69,26.69,25.56,,25.33,,,447,11935.00,13,F1,1,,,,,
2026-06-30,2026-06-30,CM,BSE,STK,500153,INE388A01029,GANESHBE,B,,,,,GANESH BENZOPLAST LTD.,104.75,104.75,101.44,103.24,102.05,103.19,,103.25,,,9602,988580.00,188,F1,1,,,,,
2026-06-30,2026-06-30,CM,BSE,STK,500160,INE043A01012,GTL,B,,,,,GTL LTD.,7.42,7.81,7.42,7.71,7.73,7.62,,7.72,,,43413,333181.00,205,F1,1,,,,,
2026-06-30,2026-06-30,CM,BSE,STK,500163,INE260B01028,GODFRYPHLP,A,,,,,GODFREY PHILLIPS INDIA LTD.,2214.75,2220.00,2151.50,2175.50,2173.30,2192.30,,2173.20,,,13144,28644168.00,1432,F1,1,,,,,
2026-06-30,2026-06-30,CM,BSE,STK,500164,INE233A01035,GODREJIND,A,,,,,GODREJ INDUSTRIES LTD.,1155.65,1178.55,1144.60,1174.05,1176.00,1154.05,,1174.70,,,12242,14314522.00,775,F1,1,,,,,
2026-06-30,2026-06-30,CM,BSE,STK,500165,INE531A01024,KANSAINER,A,,,,,KANSAI NEROLAC PAINTS LTD.,203.70,206.40,202.60,203.95,204.25,205.30,,204.05,,,14685,2995240.00,466,F1,1,,,,,
2026-06-30,2026-06-30,CM,BSE,STK,500166,INE300A01016,GOODRICKE,X,,,,,GOODRICKE GROUP LTD.,183.00,183.00,180.00,180.80,180.80,182.95,,180.80,,,2893,522886.00,54,F1,1,,,,,
2026-06-30,2026-06-30,CM,BSE,STK,500168,INE533A01012,GOODYEAR,B,,,,,GOODYEAR INDIA LTD.,758.90,767.00,753.60,757.70,755.00,756.55,,755.70,,,631,478209.00,90,F1,1,,,,,
2026-06-30,2026-06-30,CM,BSE,STK,500170,INE537A01013,GTNINDS,X,,,,,GTN INDUSTRIES LTD.,21.85,21.85,20.10,20.75,20.78,20.97,,20.75,,,1399,28860.00,38,F1,1,,,,,
2026-06-30,2026-06-30,CM,BSE,STK,500171,INE539A01019,GHCL,A,,,,,GHCL LTD.,430.00,437.10,427.10,436.30,436.10,429.70,,436.55,,,8104,3502242.00,197,F1,1,,,,,
2026-06-30,2026-06-30,CM,BSE,STK,500173,INE538A01037,GFLLIMITED,B,,,,,GFL LIMITED,46.70,46.82,45.66,46.00,46.00,46.09,,45.99,,,1081,49731.00,29,F1,1,,,,,
2026-06-30,2026-06-30,CM,BSE,STK,500174,INE540A01017,GLFL,T,,,,,GUJARAT LEASE FINANCING LTD.,6.98,6.98,6.98,6.98,6.98,7.12,,6.62,,,1,6.00,1,F1,1,,,,,
2026-06-30,2026-06-30,CM,BSE,STK,500178,INE905C01034,HARCR,XT,,,,,HARIG CRANKSHAFTS LTD.,10.02,10.02,10.02,10.02,10.02,9.55,,10.02,,,59,591.00,14,F1,1,,,,,
2026-06-30,2026-06-30,CM,BSE,STK,500179,INE236A01020,HCL-INSYS,B,,,,,HCL INFOSYSTEMS LTD.,12.90,12.90,11.93,12.02,12.02,12.22,,11.96,,,31770,382367.00,189,F1,1,,,,,
2026-06-30,2026-06-30,CM,BSE,STK,500180,INE040A01034,HDFCBANK,A,,,,,HDFC BANK LTD.,805.00,806.00,792.65,798.40,798.40,799.00,,797.95,,,1823075,1455036106.00,33162,F1,1,,,,,
2026-06-30,2026-06-30,CM,BSE,STK,500182,INE158A01026,HEROMOTOCO,A,,,,,HERO MOTOCORP LTD.,4806.45,4832.45,4671.55,4796.05,4796.05,4817.70,,4794.30,,,36333,173006681.00,7543,F1,1,,,,,
2026-06-30,2026-06-30,CM,BSE,STK,500183,INE548A01028,HFCL,A,,,,,HFCL LIMITED,213.25,219.95,209.25,212.75,212.75,210.45,,212.85,,,1233549,264561897.00,10194,F1,1,,,,,
2026-06-30,2026-06-30,CM,BSE,STK,500184,INE019C01026,HSCL,A,,,,,Himadri Speciality Chemical Lt,678.00,693.00,669.70,679.20,679.20,675.70,,679.20,,,634803,432899763.00,9449,F1,1,,,,,
2026-06-30,2026-06-30,CM,BSE,STK,500185,INE549A01026,HCC,A,,,,,HINDUSTAN CONSTRUCTION CO.LTD.,25.76,25.99,25.39,25.65,25.65,25.71,,25.65,,,1605316,41228796.00,1940,F1,1,,,,,
2026-06-30,2026-06-30,CM,BSE,STK,500186,INE345A01011,HINDOILEXP,B,,,,,HINDUSTAN OIL EXPLORATION CO.L,156.60,163.00,156.60,161.45,161.35,159.80,,160.94,,,38509,6208234.00,395,F1,1,,,,,
2026-06-30,2026-06-30,CM,BSE,STK,500187,INE415A01038,AGI,A,,,,,AGI GREENPAC LIMITED,690.00,695.75,685.70,689.70,689.70,682.35,,689.30,,,5157,3563183.00,372,F1,1,,,,,
2026-06-30,2026-06-30,CM,BSE,STK,500188,INE267A01025,HINDZINC,A,,,,,HINDUSTAN ZINC LTD.,525.00,534.50,517.55,533.15,533.15,525.85,,533.15,,,303835,159920139.00,7769,F1,1,,,,,
2026-06-30,2026-06-30,CM,BSE,STK,500189,INE353A01023,NDLVENTURE,B,,,,,NDL Ventures Limited,133.95,134.00,126.00,131.20,131.20,131.45,,131.59,,,415,54564.00,15,F1,1,,,,,
2026-06-30,2026-06-30,CM,BSE,STK,500191,INE262A01018,HMT,Z,,,,,HMT LTD.,66.30,68.74,65.56,68.14,68.50,66.47,,68.02,,,9814,665285.00,112,F1,1,,,,,
2026-06-30,2026-06-30,CM,BSE,STK,500192,INE962B01011,PRAGBOS,X,,,,,PRAG BOSIMI SYNTHETICS LTD.,1.86,1.86,1.71,1.81,1.82,1.84,,1.81,,,8785,15548.00,28,F1,1,,,,,
2026-06-30,2026-06-30,CM,BSE,STK,500193,INE102A01024,HLVLTD,B,,,,,HLV LIMITED,7.99,7.99,7.68,7.70,7.69,7.70,,7.69,,,15753,121729.00,61,F1,1,,,,,
2026-06-30,2026-06-30,CM,BSE,STK,500199,INE204A01010,IGPL,B,,,,,I G PETROCHEMICALS LTD.,450.50,465.00,450.50,459.50,454.40,452.30,,456.65,,,3032,1393769.00,344,F1,1,,,,,
2026-06-30,2026-06-30,CM,BSE,STK,500201,INE560A01023,INDIAGLYCO,B,,,,,INDIA GLYCOLS LTD.,989.00,999.60,982.00,984.75,984.75,980.65,,986.30,,,5486,5436117.00,311,F1,1,,,,,
2026-06-30,2026-06-30,CM,BSE,STK,500202,INE333C01013,INDLEASE,X,,,,,INDIA LEASE DEVELOPMENT LTD.,9.50,10.20,9.50,9.50,9.50,9.72,,9.50,,,411,3936.00,6,F1,1,,,,,
2026-06-30,2026-06-30,CM,BSE,STK,500206,INE680B01019,MARGOFIN,X,,,,,MARGO FINANCE LIMITED,65.17,65.50,65.17,65.50,65.50,65.17,,65.50,,,6,391.00,2,F1,1,,,,,
2026-06-30,2026-06-30,CM,BSE,STK,500207,INE156A01020,INDORAMA,B,,,,,INDO RAMA SYNTHETICS (INDIA) L,44.91,44.91,44.02,44.50,44.50,45.08,,44.32,,,6098,269513.00,90,F1,1,,,,,
2026-06-30,2026-06-30,CM,BSE,STK,500209,INE009A01021,INFY,A,,,,,INFOSYS LTD.,1031.50,1031.50,996.00,1000.60,1000.60,1036.80,,1000.40,,,1209579,1220656162.00,51055,F1,1,,,,,
2026-06-30,2026-06-30,CM,BSE,STK,500210,INE177A01018,INGERRAND,A,,,,,INGERSOLL-RAND (INDIA) LTD.,4478.05,4518.75,4462.00,4490.35,4462.75,4464.80,,4500.00,,,590,2652915.00,89,F1,1,,,,,
2026-06-30,2026-06-30,CM,BSE,STK,500213,INE262B01016,ITHL,X,,,,,INTERNATIONAL TRAVEL HOUSE LTD,316.25,320.05,302.00,310.50,310.50,315.80,,310.50,,,3957,1223211.00,128,F1,1,,,,,
2026-06-30,2026-06-30,CM,BSE,STK,500214,INE570A01022,IONEXCHANG,A,,,,,ION EXCHANGE (INDIA) LTD.,414.55,419.45,406.70,408.40,408.05,411.90,,408.20,,,23107,9545164.00,630,F1,1,,,,,
2026-06-30,2026-06-30,CM,BSE,STK,500215,INE209A01019,SUNDROP,B,,,,,SUNDROP BRANDS LIMITED,641.05,644.50,635.10,638.45,636.00,652.10,,638.10,,,319,204069.00,48,F1,1,,,,,
2026-06-30,2026-06-30,CM,BSE,STK,500219,INE175A01038,JISLJALEQS,A,,,,,JAIN IRRIGATION SYSTEMS LTD.,34.75,35.80,34.52,35.58,35.58,34.71,,35.55,,,177422,6249675.00,529,F1,1,,,,,
2026-06-30,2026-06-30,CM,BSE,STK,500220,INE711C01028,JASCH,XT,,,,,JASCH INDUSTRIES LTD.,270.55,274.90,265.50,268.05,268.05,270.70,,268.05,,,2164,581543.00,32,F1,1,,,,,
2026-06-30,2026-06-30,CM,BSE,STK,500227,INE197D01010,JINDALPOLY,B,,,,,JINDAL POLY FILMS LTD.,647.65,647.65,620.10,624.75,624.75,636.50,,621.95,,,3163,1981032.00,253,F1,1,,,,,
2026-06-30,2026-06-30,CM,BSE,STK,500228,INE019A01038,JSWSTEEL,A,,,,,JSW STEEL LTD.,1233.10,1239.20,1221.70,1226.30,1229.25,1231.70,,1226.40,,,42294,51973006.00,2470,F1,1,,,,,
2026-06-30,2026-06-30,CM,BSE,STK,500233,INE217B01036,KAJARIACER,A,,,,,KAJARIA CERAMICS LTD.,1200.90,1230.50,1196.40,1209.00,1210.00,1206.60,,1210.40,,,10262,12396234.00,714,F1,1,,,,,
2026-06-30,2026-06-30,CM,BSE,STK,500235,INE907A01026,KSL,B,,,,,KALYANI STEELS LTD.,845.00,889.95,840.00,880.50,880.50,844.80,,879.95,,,7065,6160531.00,588,F1,1,,,,,
2026-06-30,2026-06-30,CM,BSE,STK,500238,INE716A01013,WHIRLPOOL,A,,,,,WHIRLPOOL OF INDIA LTD.,800.00,833.55,795.90,812.55,810.50,800.05,,812.55,,,18196,14836977.00,714,F1,1,,,,,
2026-06-30,2026-06-30,CM,BSE,STK,500239,INE104A01012,KGDENIM,X,,,,,KG DENIM LTD.,16.29,16.29,15.25,15.62,15.79,15.55,,15.62,,,3245,50077.00,33,F1,1,,,,,
2026-06-30,2026-06-30,CM,BSE,STK,500240,INE266B01017,KINETICENG,X,,,,,KINETIC ENGINEERING LTD.,298.90,325.70,292.00,303.30,303.30,278.70,,303.30,,,82652,25076705.00,1205,F1,1,,,,,
2026-06-30,2026-06-30,CM,BSE,STK,500241,INE732A01036,KIRLOSBROS,A,,,,,KIRLOSKAR BROTHERS LTD.,1950.00,2093.35,1950.00,2052.35,2070.00,1961.30,,2053.40,,,20563,42121555.00,1524,F1,1,,,,,
2026-06-30,2026-06-30,CM,BSE,STK,500243,INE250A01039,KIRLOSIND,B,,,,,KIRLOSKAR INDUSTRIES LTD,4005.00,4005.00,3888.05,3907.30,3907.30,4005.90,,3914.90,,,948,3726839.00,101,F1,1,,,,,
2026-06-30,2026-06-30,CM,BSE,STK,500245,INE884B01025,KIRLFER,B,,,,,KIRLOSKAR FERROUS INDUSTRIES L,474.90,477.80,460.85,462.45,463.20,474.70,,462.25,,,7446,3475321.00,634,F1,1,,,,,
2026-06-30,2026-06-30,CM,BSE,STK,500246,INE601C01013,ENVAIREL,XT,,,,,ENVAIR ELECTRODYNE LTD.,84.80,84.80,83.15,83.15,83.15,84.80,,83.15,,,29,2413.00,6,F1,1,,,,,
2026-06-30,2026-06-30,CM,BSE,STK,500247,INE237A01036,KOTAKBANK,A,,,,,KOTAK MAHINDRA BANK LTD.,395.75,396.55,389.80,392.95,392.95,395.75,,392.30,,,3384385,1332424486.00,4861,F1,1,,,,,
2026-06-30,2026-06-30,CM,BSE,STK,500249,INE999A01023,KSB,A,,,,,KSB LIMITED,953.65,966.25,941.55,957.50,958.00,945.95,,958.65,,,19340,18503098.00,663,F1,1,,,,,
2026-06-30,2026-06-30,CM,BSE,STK,500250,INE337A01034,LGBBROSLTD,B,,,,,L.G.BALAKRISHNAN & BROS.LTD.,1607.90,1608.70,1582.00,1593.70,1597.65,1600.05,,1595.70,,,656,1046991.00,140,F1,1,,,,,
2026-06-30,2026-06-30,CM,BSE,STK,500251,INE849A01020,TRENT,A,,,,,TRENT LTD.,3261.25,3294.20,3243.00,3279.75,3279.75,3260.40,,3282.50,,,77050,252202508.00,7955,F1,1,,,,,
2026-06-30,2026-06-30,CM,BSE,STK,500252,INE269B01029,LMW,A,,,,,LMW Limited,15896.00,15963.40,15685.00,15731.00,15685.00,15958.05,,15721.00,,,102,1613851.00,48,F1,1,,,,,
2026-06-30,2026-06-30,CM,BSE,STK,500253,INE115A01026,LICHSGFIN,A,,,,,LIC HOUSING FINANCE LTD.,565.75,565.90,552.85,564.00,564.95,560.70,,564.00,,,42491,23833638.00,1420,F1,1,,,,,
2026-06-30,2026-06-30,CM,BSE,STK,500257,INE326A01037,LUPIN,A,,,,,LUPIN LTD.,2427.90,2439.00,2385.75,2420.15,2420.15,2407.45,,2419.00,,,36595,88545103.00,4113,F1,1,,,,,
2026-06-30,2026-06-30,CM,BSE,STK,500259,INE933A01014,LYKALABS,B,,,,,LYKA LABS LTD.,73.75,74.36,71.70,74.33,74.33,73.58,,74.04,,,8612,638252.00,148,F1,1,,,,,
2026-06-30,2026-06-30,CM,BSE,STK,500260,INE331A01037,RAMCOCEM,A,,,,,THE RAMCO CEMENTS LIMITED,928.90,936.50,915.95,930.40,926.30,928.90,,929.95,,,5355,4978961.00,258,F1,1,,,,,
2026-06-30,2026-06-30,CM,BSE,STK,500262,INE965B01022,HYBRIDFIN,T,,,,,HYBRID FINANCIAL SERVICES LIMI,20.30,20.30,20.30,20.30,20.30,21.36,,19.76,,,51,1035.00,2,F1,1,,,,,
2026-06-30,2026-06-30,CM,BSE,STK,500264,INE270B01035,MAFATIND,B,,,,,MAFATLAL INDUSTRIES LTD.,144.90,149.05,140.85,142.45,142.45,143.25,,142.45,,,40368,5847707.00,659,F1,1,,,,,
2026-06-30,2026-06-30,CM,BSE,STK,500265,INE271B01025,MAHSEAMLES,A,,,,,MAHARASHTRA SEAMLESS LTD.,615.20,620.00,594.95,597.75,597.00,620.50,,597.80,,,9510,5800490.00,585,F1,1,,,,,
2026-06-30,2026-06-30,CM,BSE,STK,500266,INE288A01013,MAHSCOOTER,A,,,,,MAHARASHTRA SCOOTERS LTD.,12352.05,12568.00,12352.00,12516.65,12525.00,12351.30,,12501.00,,,176,2188218.00,65,F1,1,,,,,
2026-06-30,2026-06-30,CM,BSE,STK,500267,INE201B01022,MAJESAUT,B,,,,,MAJESTIC AUTO LTD.,339.95,344.90,335.00,336.00,336.00,339.65,,337.40,,,326,110635.00,44,F1,1,,,,,
2026-06-30,2026-06-30,CM,BSE,STK,500268,INE201A01024,MANALIPETC,B,,,,,MANALI PETROCHEMICAL LTD.,63.92,65.29,63.17,64.04,64.49,63.32,,64.10,,,8939,574651.00,146,F1,1,,,,,
2026-06-30,2026-06-30,CM,BSE,STK,500270,INE461A01024,BARODARY,X,,,,,BARODA RAYON CORPORATION LTD.,126.10,130.00,122.50,126.75,126.75,126.55,,126.75,,,681,86087.00,73,F1,1,,,,,
2026-06-30,2026-06-30,CM,BSE,STK,500271,INE180A01020,MFSL,A,,,,,Max Financial Services Limited,1602.00,1602.05,1576.10,1583.10,1584.30,1604.00,,1584.00,,,13191,20966770.00,965,F1,1,,,,,
2026-06-30,2026-06-30,CM,BSE,STK,500277,INE401C01018,MIDINDIA,X,,,,,MID INDIA INDUSTRIES LTD.,6.50,6.50,6.50,6.50,6.50,6.32,,6.50,,,125,812.00,1,F1,1,,,,,
2026-06-30,2026-06-30,CM,BSE,STK,500279,INE831A01028,ONIDA,T,,,,,ONIDA ELECTRONICS LIMITED,39.00,41.90,38.50,40.15,40.45,39.92,,40.12,,,38643,1562237.00,98,F1,1,,,,,
2026-06-30,2026-06-30,CM,BSE,STK,500280,INE485A01015,CENTENKA,B,,,,,CENTURY ENKA LTD.,513.00,533.00,511.80,518.85,518.95,513.05,,520.00,,,873,457830.00,91,F1,1,,,,,
2026-06-30,2026-06-30,CM,BSE,STK,500282,INE794W01014,MODTHREAD,B,,,,,MODERN THREADS (INDIA) LTD.,47.00,49.60,47.00,48.39,48.26,47.85,,49.49,,,305,14848.00,11,F1,1,,,,,
2026-06-30,2026-06-30,CM,BSE,STK,500284,INE846D01012,LORDSCHLO,B,,,,,LORDS CHLORO ALKALI LTD.,134.15,134.15,133.75,133.75,133.75,133.00,,133.79,,,465,62236.00,93,F1,1,,,,,
2026-06-30,2026-06-30,CM,BSE,STK,500285,INE285B01017,SPICEJET,A,,,,,SPICEJET LTD.,12.30,12.67,12.30,12.33,12.33,12.30,,12.33,,,5180570,64458341.00,7640,F1,1,,,,,
2026-06-30,2026-06-30,CM,BSE,STK,500288,INE083A01026,MOREPENLAB,A,,,,,MOREPEN LABORATORIES LTD.,55.25,60.50,55.05,59.15,59.15,54.62,,59.12,,,2759568,161929389.00,7975,F1,1,,,,,
2026-06-30,2026-06-30,CM,BSE,STK,500290,INE883A01011,MRF,A,,,,,MRF LTD.,125500.00,128100.00,124500.00,127856.10,127856.10,124114.30,,127825.00,,,1168,147989553.00,828,F1,1,,,,,
2026-06-30,2026-06-30,CM,BSE,STK,500292,INE578A01017,HEIDELBERG,B,,,,,HEIDELBERGCEMENT INDIA LTD.,153.20,153.85,152.00,152.60,152.00,153.05,,152.80,,,1496,228604.00,46,F1,1,,,,,
2026-06-30,2026-06-30,CM,BSE,STK,500294,INE868B01028,NCC,A,,,,,NCC LIMITED,151.10,151.25,147.90,148.10,149.00,149.85,,148.13,,,1099782,163011625.00,2799,F1,1,,,,,
2026-06-30,2026-06-30,CM,BSE,STK,500295,INE205A01025,VEDL,A,,,,,VEDANTA LIMITED,284.35,284.35,278.10,280.80,280.80,284.00,,280.75,,,833515,233962319.00,8026,F1,1,,,,,
2026-06-30,2026-06-30,CM,BSE,STK,500296,INE290A01027,NAHARSPING,T,,,,,NAHAR SPINNING MILLS LTD.,260.25,260.25,254.05,259.85,260.00,255.95,,258.35,,,57,14522.00,4,F1,1,,,,,
2026-06-30,2026-06-30,CM,BSE,STK,500298,INE585A01020,NAPEROL,X,,,,,Naperol Investments Limited,658.00,669.95,645.00,659.50,660.00,652.10,,659.50,,,524,342317.00,61,F1,1,,,,,
2026-06-30,2026-06-30,CM,BSE,STK,500300,INE047A01021,GRASIM,A,,,,,GRASIM INDUSTRIES LTD.,3082.90,3128.70,3081.60,3100.70,3100.70,3082.85,,3100.00,,,62406,194234601.00,2365,F1,1,,,,,
2026-06-30,2026-06-30,CM,BSE,STK,500304,INE161A01038,NIITLTD,B,,,,,NIIT LTD.,98.06,103.71,96.57,100.68,100.30,96.21,,100.62,,,138020,13978694.00,1077,F1,1,,,,,
2026-06-30,2026-06-30,CM,BSE,STK,500306,INE903A01025,JAYKAY,B,,,,,Jaykay Enterprises Limited,174.65,177.25,173.90,175.15,175.00,173.80,,175.47,,,8154,1431685.00,367,F1,1,,,,,
2026-06-30,2026-06-30,CM,BSE,STK,500307,INE910A01012,NIRLON,B,,,,,NIRLON LTD.,620.00,624.75,616.60,618.20,616.60,621.50,,619.70,,,315,195281.00,40,F1,1,,,,,
2026-06-30,2026-06-30,CM,BSE,STK,500312,INE213A01029,ONGC,A,,,,,OIL AND NATURAL GAS CORPORATIO,235.45,235.75,227.60,234.85,234.85,233.70,,234.90,,,911500,212726047.00,7340,F1,1,,,,,
2026-06-30,2026-06-30,CM,BSE,STK,500313,INE591A01010,OILCOUNTUB,T,,,,,OIL COUNTRY TUBULAR LTD.,59.45,61.00,58.55,59.41,59.50,59.44,,59.59,,,4007,241480.00,28,F1,1,,,,,
2026-06-30,2026-06-30,CM,BSE,STK,500314,INE750A01020,ORIENTHOT,B,,,,,ORIENTAL HOTELS LTD.,141.82,141.82,138.88,141.21,141.21,141.00,,140.89,,,14207,1992608.00,170,F1,1,,,,,
2026-06-30,2026-06-30,CM,BSE,STK,500317,INE142A01012,OSWALAGRO,T,,,,,OSWAL AGRO MILLS LTD.,42.00,42.00,41.00,41.43,41.95,42.28,,41.82,,,1695,70546.00,26,F1,1,,,,,
2026-06-30,2026-06-30,CM,BSE,STK,500319,INE557C01017,INDSUCR,X,,,,,INDIAN SUCROSE LTD.,73.24,74.95,72.20,72.71,72.81,73.24,,72.71,,,6215,458679.00,65,F1,1,,,,,
2026-06-30,2026-06-30,CM,BSE,STK,500322,INE167E01037,PANCM,XT,,,,,PANYAM CEMENTS & MINERAL INDUS,95.00,95.00,95.00,95.00,95.00,92.15,,95.00,,,14,1330.00,2,F1,1,,,,,
2026-06-30,2026-06-30,CM,BSE,STK,500325,INE002A01018,RELIANCE,A,,,,,RELIANCE INDUSTRIES LTD.,1305.00,1307.50,1290.00,1293.85,1293.85,1300.85,,1293.90,,,750427,971886179.00,14549,F1,1,,,,,
2026-06-30,2026-06-30,CM,BSE,STK,500327,INE600A01035,PILITA,T,,,,,Pil Italica Lifestyle Limited,9.18,9.25,8.51,9.19,9.25,8.85,,9.24,,,36306,330730.00,79,F1,1,,,,,
2026-06-30,2026-06-30,CM,BSE,STK,500330,INE301A01014,RAYMOND,A,,,,,RAYMOND LTD.,583.00,589.70,578.45,581.90,582.00,583.55,,581.80,,,16141,9415275.00,600,F1,1,,,,,
2026-06-30,2026-06-30,CM,BSE,STK,500331,INE318A01026,PIDILITIND,A,,,,,PIDILITE INDUSTRIES LTD.,1595.05,1610.00,1585.00,1592.55,1591.40,1599.75,,1592.70,,,57211,91526345.00,4114,F1,1,,,,,
2026-06-30,2026-06-30,CM,BSE,STK,500333,INE751B01018,PIXTRANS,B,,,,,PIX TRANSMISSIONS LTD.,1859.95,1862.35,1810.00,1834.95,1829.80,1868.35,,1835.60,,,10744,19723734.00,656,F1,1,,,,,
2026-06-30,2026-06-30,CM,BSE,STK,500335,INE340A01012,BIRLACORPN,A,,,,,BIRLA CORPORATION LTD.,985.60,986.50,979.20,983.25,981.40,985.60,,982.50,,,1534,1505380.00,152,F1,1,,,,,
2026-06-30,2026-06-30,CM,BSE,STK,500336,INE335A01020,SURYAROSNI,A,,,,,SURYA ROSHNI LTD.,258.00,260.00,255.00,258.75,258.80,257.95,,258.73,,,13782,3552866.00,314,F1,1,,,,,
2026-06-30,2026-06-30,CM,BSE,STK,500337,INE032B01021,PRIMESECU,B,,,,,PRIME SECURITIES LTD.,290.00,291.00,286.35,288.30,290.55,288.15,,291.25,,,319,92134.00,28,F1,1,,,,,
2026-06-30,2026-06-30,CM,BSE,STK,500338,INE010A01011,PRSMJOHNSN,B,,,,,PRISM JOHNSON LIMITED.,118.45,118.45,117.50,117.65,117.85,117.60,,117.55,,,6452,758720.00,198,F1,1,,,,,
2026-06-30,2026-06-30,CM,BSE,STK,500339,INE855B01025,RAIN,A,,,,,RAIN INDUSTRIES LIMITED,183.70,186.40,180.45,181.45,180.45,184.95,,181.79,,,178697,32758623.00,1339,F1,1,,,,,
2026-06-30,2026-06-30,CM,BSE,STK,500342,INE024D01016,PRUDMOULI,T,,,,,PRUDENTIAL SUGAR CORPORATION L,14.80,15.50,14.72,15.50,15.50,15.49,,15.05,,,736,10912.00,10,F1,1,,,,,
2026-06-30,2026-06-30,CM,BSE,STK,500343,INE606A01024,AMJLAND,B,,,,,AMJ LAND HOLDINGS LIMITED,36.20,38.41,36.20,38.23,38.00,37.27,,37.50,,,117,4363.00,12,F1,1,,,,,
2026-06-30,2026-06-30,CM,BSE,STK,500346,INE609A01010,PUNJCOMMU,B,,,,,PUNJAB COMMUNICATIONS LTD.,49.99,50.50,47.07,49.09,50.47,48.95,,49.09,,,2192,109114.00,41,F1,1,,,,,
2026-06-30,2026-06-30,CM,BSE,STK,500350,INE611A01016,RSWM,T,,,,,RSWM LTD.,197.50,197.50,190.10,195.50,195.50,190.15,,192.65,,,883,171349.00,12,F1,1,,,,,
2026-06-30,2026-06-30,CM,BSE,STK,500354,INE562B01019,RAJSREESUG,B,,,,,RAJSHREE SUGARS & CHEMICALS LT,31.00,31.70,31.00,31.21,31.17,31.19,,31.22,,,958,30065.00,226,F1,1,,,,,
2026-06-30,2026-06-30,CM,BSE,STK,500355,INE613A01020,RALLIS,A,,,,,RALLIS INDIA LTD.,225.00,226.55,222.00,222.60,222.45,224.55,,222.53,,,17073,3814164.00,396,F1,1,,,,,
2026-06-30,2026-06-30,CM,BSE,STK,500357,INE425E01013,RAMAPPR-B,Z,,,,,RAMA PAPER MILLS LTD.,13.12,14.45,13.12,13.15,13.15,13.81,,13.15,,,4744,62370.00,16,F1,1,,,,,
2026-06-30,2026-06-30,CM,BSE,STK,500360,INE350D01015,RAPICUT,X,,,,,RAPICUT CARBIDES LTD.,203.00,205.00,198.05,204.50,205.00,200.00,,204.50,,,9423,1916649.00,143,F1,1,,,,,
2026-06-30,2026-06-30,CM,BSE,STK,500365,INE731F01037,WELSPLSOL,B,,,,,WELSPUN SPECIALTY SOLUTIONS LI,57.63,57.63,54.65,55.64,55.58,57.52,,55.71,,,119242,6654240.00,711,F1,1,,,,,
2026-06-30,2026-06-30,CM,BSE,STK,500367,INE642C01025,RUBFILA,B,,,,,RUBFILA INTERNATIONAL LTD.,70.33,73.56,69.50,71.98,72.05,70.55,,72.44,,,2192,154445.00,45,F1,1,,,,,
2026-06-30,2026-06-30,CM,BSE,STK,500368,INE619A01035,PATANJALI,A,,,,,Patanjali Foods Limited,413.00,413.30,406.55,411.20,411.20,412.60,,411.05,,,311874,127615293.00,22999,F1,1,,,,,
2026-06-30,2026-06-30,CM,BSE,STK,500370,INE924A01013,SALORAINTL,X,,,,,SALORA INTERNATIONAL LTD.,28.10,29.00,28.10,28.30,28.30,28.42,,28.30,,,191,5416.00,6,F1,1,,,,,
2026-06-30,2026-06-30,CM,BSE,STK,500371,INE538C01017,SAMTELIN,XT,,,,,SAMTEL INDIA LTD.,62.34,62.34,59.90,59.90,59.90,61.12,,59.90,,,6584,397116.00,38,F1,1,,,,,
2026-06-30,2026-06-30,CM,BSE,STK,500378,INE324A01032,JINDALSAW,A,,,,,JINDAL SAW LTD.,258.85,264.50,257.10,261.65,260.90,260.65,,261.50,,,158804,41555129.00,3949,F1,1,,,,,
2026-06-30,2026-06-30,CM,BSE,STK,500380,INE786A01032,JKLAKSHMI,A,,,,,JK LAKSHMI CEMENT LTD.,600.20,606.85,596.50,604.30,601.55,600.15,,605.80,,,5657,3412417.00,280,F1,1,,,,,
2026-06-30,2026-06-30,CM,BSE,STK,500387,INE070A01015,SHREECEM,A,,,,,SHREE CEMENT LTD.,25398.60,25398.60,25057.80,25257.10,25317.85,25132.40,,25250.00,,,567,14324280.00,214,F1,1,,,,,
2026-06-30,2026-06-30,CM,BSE,STK,500388,INE970C01012,SKPMIL,X,,,,,SHREE KRISHNA PAPER MILLS & IN,97.35,97.35,96.90,96.90,96.90,92.75,,96.90,,,472,45867.00,16,F1,1,,,,,
2026-06-30,2026-06-30,CM,BSE,STK,500400,INE245A01021,TATAPOWER,A,,,,,TATA POWER CO.LTD.,386.95,389.15,384.05,385.85,385.85,386.45,,385.50,,,252650,97619481.00,3669,F1,1,,,,,
2026-06-30,2026-06-30,CM,BSE,STK,500402,INE937A01023,SPMLINFRA,B,,,,,SPML INFRA LIMITED,200.00,200.00,195.00,196.70,196.55,197.85,,196.82,,,13500,2654640.00,260,F1,1,,,,,
2026-06-30,2026-06-30,CM,BSE,STK,500403,INE387A01021,SUNDRMFAST,A,,,,,SUNDRAM FASTENERS LTD.,933.90,941.95,919.30,932.15,930.75,926.00,,934.15,,,43557,40178994.00,452,F1,1,,,,,
2026-06-30,2026-06-30,CM,BSE,STK,500404,INE947A01014,SUNFLAG,B,,,,,SUNFLAG IRON & STEEL CO.LTD.,343.45,343.45,339.25,339.60,339.45,339.95,,340.05,,,7327,2497730.00,691,F1,1,,,,,
2026-06-30,2026-06-30,CM,BSE,STK,500405,INE663A01033,SPLPETRO,A,,,,,SUPREME PETROCHEM LTD.,742.20,743.90,709.20,714.65,720.00,730.75,,714.00,,,4483,3237285.00,450,F1,1,,,,,
2026-06-30,2026-06-30,CM,BSE,STK,500407,INE277A01016,SWARAJENG,B,,,,,SWARAJ ENGINES LTD.,3961.05,4015.00,3961.05,3996.95,4005.00,3959.05,,3997.50,,,2111,8426914.00,404,F1,1,,,,,
2026-06-30,2026-06-30,CM,BSE,STK,500408,INE670A01012,TATAELXSI,A,,,,,TATA ELXSI LTD.,3990.00,3994.75,3817.00,3830.10,3830.10,3982.85,,3829.70,,,49518,192058153.00,9935,F1,1,,,,,
2026-06-30,2026-06-30,CM,BSE,STK,500410,INE012A01025,ACC,A,,,,,ACC LTD.,1332.40,1333.60,1322.45,1328.00,1328.50,1332.40,,1328.00,,,410118,544642991.00,365,F1,1,,,,,
2026-06-30,2026-06-30,CM,BSE,STK,500411,INE152A01029,THERMAX,A,,,,,THERMAX LTD.,5131.50,5204.85,5037.75,5164.05,5150.70,5106.45,,5159.60,,,19451,100714060.00,1275,F1,1,,,,,
2026-06-30,2026-06-30,CM,BSE,STK,500412,INE338A01024,TIRUMALCHM,B,,,,,THIRUMALAI CHEMICALS LTD.,161.80,176.10,160.20,167.00,167.00,159.90,,166.84,,,113204,19049961.00,1814,F1,1,,,,,
2026-06-30,2026-06-30,CM,BSE,STK,500413,INE332A01027,THOMASCOOK,A,,,,,THOMAS COOK (INDIA) LTD.,108.99,109.03,106.96,107.85,107.67,108.45,,108.08,,,63742,6880953.00,360,F1,1,,,,,
2026-06-30,2026-06-30,CM,BSE,STK,500414,INE064A01026,TIMEX,B,,,,,TIMEX GROUP INDIA LTD.,519.50,540.00,519.50,529.25,529.25,512.95,,528.55,,,137725,73119268.00,6220,F1,1,,,,,
2026-06-30,2026-06-30,CM,BSE,STK,500418,INE932C01012,TOKYOPLAST,T,,,,,TOKYO PLAST INTERNATIONAL LTD.,86.00,87.26,84.00,87.26,87.22,83.11,,85.86,,,680,59205.00,9,F1,1,,,,,
2026-06-30,2026-06-30,CM,BSE,STK,500420,INE685A01028,TORNTPHARM,A,,,,,TORRENT PHARMACEUTICALS LTD.,4695.00,4695.00,4593.00,4622.60,4622.60,4660.15,,4620.10,,,9622,44624881.00,2345,F1,1,,,,,
2026-06-30,2026-06-30,CM,BSE,STK,500421,INE578C01021,TPINDIA,X,,,,,TPI INDIA LTD.,17.40,17.60,16.01,17.18,17.10,17.24,,17.18,,,99210,1687279.00,97,F1,1,,,,,
2026-06-30,2026-06-30,CM,BSE,STK,500422,INE019B01010,TRANSCHEM,XT,,,,,TRANSCHEM LTD.,342.10,342.10,342.10,342.10,342.10,349.05,,342.10,,,979,334915.00,12,F1,1,,,,,
2026-06-30,2026-06-30,CM,BSE,STK,500425,INE079A01024,AMBUJACEM,A,,,,,AMBUJA CEMENTS LTD.,424.15,426.70,419.60,421.70,422.95,424.15,,421.85,,,67431,28486639.00,1976,F1,1,,,,,
2026-06-30,2026-06-30,CM,BSE,STK,500426,INE184E01024,UTLINDS,X,,,,,UTL INDUSTRIES LIMITED,1.73,1.74,1.65,1.69,1.69,1.70,,1.69,,,22018,37118.00,56,F1,1,,,,,
2026-06-30,2026-06-30,CM,BSE,STK,500429,INE037A01022,UNIENTER,B,,,,,UNIPHOS ENTERPRISES LTD.,106.00,106.00,106.00,106.00,106.00,109.00,,107.96,,,1,106.00,1,F1,1,,,,,
2026-06-30,2026-06-30,CM,BSE,STK,500439,INE701A01023,VHL,B,,,,,VARDHMAN HOLDINGS LTD.,3523.00,3523.00,3511.50,3511.50,3511.50,3550.00,,3574.80,,,2,7034.00,2,F1,1,,,,,
2026-06-30,2026-06-30,CM,BSE,STK,500440,INE038A01020,HINDALCO,A,,,,,HINDALCO INDUSTRIES LTD.,960.00,966.70,948.50,956.65,960.60,963.75,,956.60,,,176419,169021031.00,4625,F1,1,,,,,
2026-06-30,2026-06-30,CM,BSE,STK,500444,INE976A01021,WSTCSTPAPR,B,,,,,West Coast Paper Mills Limited,516.05,553.20,509.60,534.10,539.00,515.60,,534.30,,,48223,25965601.00,1398,F1,1,,,,,
2026-06-30,2026-06-30,CM,BSE,STK,500449,INE048A01011,HOCL,T,,,,,HINDUSTAN ORGANIC CHEMICALS LT,37.80,37.80,36.40,36.78,36.78,37.10,,36.78,,,28813,1055500.00,156,F1,1,,,,,
2026-06-30,2026-06-30,CM,BSE,STK,500456,INE818B01023,PASUPTAC,T,,,,,PASUPATI ACRYLON LTD.,63.00,64.50,62.16,62.35,63.00,63.61,,63.42,,,8917,563384.00,79,F1,1,,,,,
2026-06-30,2026-06-30,CM,BSE,STK,500458,INE601A01017,TEAM24,X,,,,,TEAM24 CONSUMER PRODUCTS LIMIT,29.49,30.40,29.49,29.61,29.61,29.49,,29.61,,,10498,311000.00,22,F1,1,,,,,
2026-06-30,2026-06-30,CM,BSE,STK,500459,INE179A01014,PGHH,A,,,,,PROCTER & GAMBLE HYGIENE & HEA,8891.85,9220.35,8880.00,9031.70,8913.50,8806.20,,9082.50,,,1314,11887972.00,250,F1,1,,,,,
2026-06-30,2026-06-30,CM,BSE,STK,500460,INE304A01026,MUKANDLTD,B,,,,,MUKAND LTD.,131.90,133.20,131.80,132.05,132.10,132.15,,132.16,,,1738,229446.00,46,F1,1,,,,,
2026-06-30,2026-06-30,CM,BSE,STK,500463,INE676A01027,BBOX,A,,,,,BLACK BOX LIMITED,936.85,953.65,929.20,946.20,946.20,932.90,,947.20,,,13853,13092170.00,594,F1,1,,,,,
2026-06-30,2026-06-30,CM,BSE,STK,500464,INE139B01016,UCAL,B,,,,,UCAL LIMITED,124.29,125.55,122.59,123.19,122.59,120.80,,123.22,,,1685,209126.00,68,F1,1,,,,,
2026-06-30,2026-06-30,CM,BSE,STK,500467,INE544A01019,HARRMALAYA,B,,,,,HARRISONS MALAYALAM LTD.,200.00,200.10,200.00,200.10,200.10,199.00,,199.80,,,644,128850.00,55,F1,1,,,,,
2026-06-30,2026-06-30,CM,BSE,STK,500469,INE171A01029,FEDERALBNK,A,,,,,FEDERAL BANK LTD.,323.55,331.85,323.55,330.05,330.05,324.60,,330.05,,,569584,187589761.00,6653,F1,1,,,,,
2026-06-30,2026-06-30,CM,BSE,STK,500470,INE081A01020,TATASTEEL,A,,,,,TATA STEEL LTD.,189.60,190.25,187.05,188.15,188.15,189.60,,188.06,,,2010049,378503918.00,20174,F1,1,,,,,
2026-06-30,2026-06-30,CM,BSE,STK,500472,INE640A01023,SKFINDIA,A,,,,,SKF INDIA LTD.,1663.60,1679.00,1642.00,1673.25,1665.00,1656.05,,1672.50,,,5988,9971129.00,318,F1,1,,,,,
2026-06-30,2026-06-30,CM,BSE,STK,500477,INE208A01029,ASHOKLEY,A,,,,,ASHOK LEYLAND LTD.,159.00,159.80,155.80,157.70,157.70,157.40,,157.70,,,1072945,169470743.00,17058,F1,1,,,,,
2026-06-30,2026-06-30,CM,BSE,STK,500480,INE298A01020,CUMMINSIND,A,,,,,CUMMINS INDIA LTD.,5543.30,5698.00,5543.30,5656.30,5656.30,5540.35,,5659.50,,,29776,166778317.00,3760,F1,1,,,,,
2026-06-30,2026-06-30,CM,BSE,STK,500483,INE151A01013,TATACOMM,A,,,,,TATA COMMUNICATIONS LTD.,1997.60,1997.60,1954.95,1973.30,1973.30,1992.25,,1970.70,,,17668,34846012.00,1028,F1,1,,,,,
2026-06-30,2026-06-30,CM,BSE,STK,500488,INE358A01014,ABBOTINDIA,A,,,,,ABBOTT INDIA LTD.,25427.65,25501.75,25195.00,25436.75,25470.00,25301.15,,25440.00,,,1115,28290955.00,590,F1,1,,,,,
2026-06-30,2026-06-30,CM,BSE,STK,500490,INE118A01012,BAJAJHLDNG,A,,,,,BAJAJ HOLDINGS & INVESTMENT LT,10584.20,10676.75,10377.65,10612.25,10628.50,10590.85,,10603.00,,,3552,37415542.00,685,F1,1,,,,,
2026-06-30,2026-06-30,CM,BSE,STK,500493,INE465A01025,BHARATFORG,A,,,,,BHARAT FORGE LTD.,2138.55,2166.00,2056.60,2145.75,2154.80,2172.25,,2144.20,,,164822,350139646.00,12085,F1,1,,,,,
2026-06-30,2026-06-30,CM,BSE,STK,500495,INE042A01014,ESCORTS,A,,,,,Escorts Kubota Limited,2919.50,2964.00,2908.45,2932.00,2962.00,2896.10,,2935.70,,,3755,11010792.00,493,F1,1,,,,,
2026-06-30,2026-06-30,CM,BSE,STK,500500,INE253A01025,HINDMOTORS,XT,,,,,HINDUSTAN MOTORS LTD.,17.00,17.25,16.75,16.98,16.99,16.90,,16.98,,,148137,2520274.00,559,F1,1,,,,,
2026-06-30,2026-06-30,CM,BSE,STK,500510,INE018A01030,LT,A,,,,,LARSEN & TOUBRO LTD.,4199.95,4199.95,4133.85,4143.95,4143.95,4164.15,,4143.40,,,87098,361765027.00,4928,F1,1,,,,,
2026-06-30,2026-06-30,CM,BSE,STK,500520,INE101A01026,M&M,A,,,,,MAHINDRA & MAHINDRA LTD.,3103.00,3122.40,3063.00,3070.20,3070.20,3092.90,,3068.80,,,295163,911579191.00,6246,F1,1,,,,,
2026-06-30,2026-06-30,CM,BSE,STK,500530,INE323A01026,BOSCHLTD,A,,,,,BOSCH LTD.,40001.15,40700.00,39789.15,39895.75,39895.75,39894.90,,39900.00,,,671,26882669.00,406,F1,1,,,,,
2026-06-30,2026-06-30,CM,BSE,STK,500540,INE342A01018,PREMIER,T,,,,,PREMIER LTD.,2.96,3.01,2.92,2.97,2.97,3.00,,2.92,,,3566,10548.00,13,F1,1,,,,,
2026-06-30,2026-06-30,CM,BSE,STK,500547,INE029A01011,BPCL,A,,,,,BHARAT PETROLEUM CORPORATION L,301.50,304.40,300.00,303.50,303.50,300.75,,303.55,,,178805,54179263.00,2271,F1,1,,,,,
2026-06-30,2026-06-30,CM,BSE,STK,500550,INE003A01024,SIEMENS,A,,,,,SIEMENS LTD.,3595.00,3615.75,3577.00,3600.60,3600.60,3574.15,,3599.90,,,13432,48367637.00,1892,F1,1,,,,,
2026-06-30,2026-06-30,CM,BSE,STK,500570,INE155A01022,TMPV,A,,,,,TATA MOTORS PASSENGER VEHICLES,349.30,356.20,343.40,352.20,352.20,345.00,,352.20,,,659979,231610467.00,6664,F1,1,,,,,
2026-06-30,2026-06-30,CM,BSE,STK,500575,INE226A01021,VOLTAS,A,,,,,VOLTAS LTD.,1298.50,1302.30,1272.00,1277.45,1277.45,1296.10,,1277.60,,,50390,64659822.00,2124,F1,1,,,,,
2026-06-30,2026-06-30,CM,BSE,STK,500620,INE017A01032,GESHIP,A,,,,,GREAT EASTERN SHIPPING CO.LTD.,1526.75,1526.75,1455.65,1483.15,1480.50,1521.85,,1483.10,,,38256,56506118.00,3402,F1,1,,,,,
2026-06-30,2026-06-30,CM,BSE,STK,500645,INE501A01019,DEEPAKFERT,A,,,,,DEEPAK FERTILISERS & PETROCHEM,1561.50,1570.35,1552.55,1558.05,1557.25,1543.50,,1558.10,,,2648,4129396.00,188,F1,1,,,,,
2026-06-30,2026-06-30,CM,BSE,STK,500650,INE369A01029,EXCELINDUS,B,,,,,EXCEL INDUSTRIES LTD.,910.60,921.65,902.75,921.65,921.65,908.65,,909.75,,,24,21868.00,8,F1,1,,,,,
2026-06-30,2026-06-30,CM,BSE,STK,500655,INE291A01017,GRWRHITECH,A,,,,,GARWARE HI-TECH FILMS LIMITED,6686.30,6975.00,6665.00,6685.45,6685.45,6620.40,,6677.50,,,1914,13012297.00,465,F1,1,,,,,
2026-06-30,2026-06-30,CM,BSE,STK,500660,INE159A01016,GLAXO,A,,,,,GLAXOSMITHKLINE PHARMACEUTICAL,2387.15,2461.00,2336.10,2450.90,2450.00,2354.65,,2450.30,,,18320,44252159.00,2324,F1,1,,,,,
2026-06-30,2026-06-30,CM,BSE,STK,500670,INE113A01013,GNFC,A,,,,,GUJARAT NARMADA VALLEY FERTILI,549.00,550.95,541.05,543.10,542.25,546.90,,543.40,,,21803,11868151.00,638,F1,1,,,,,
2026-06-30,2026-06-30,CM,BSE,STK,500672,INE234A01025,NOVARTIND,B,,,,,NOVARTIS INDIA LTD.,1443.05,1462.75,1429.70,1434.95,1429.70,1440.95,,1434.50,,,895,1293313.00,161,F1,1,,,,,
2026-06-30,2026-06-30,CM,BSE,STK,500674,INE058A01010,SANOFI,A,,,,,SANOFI INDIA LTD,3399.00,3411.10,3360.20,3406.40,3407.00,3368.60,,3406.30,,,2228,7577685.00,463,F1,1,,,,,
2026-06-30,2026-06-30,CM,BSE,STK,500680,INE182A01018,PFIZER,A,,,,,PFIZER LTD.,4470.00,4474.55,4411.85,4441.00,4443.85,4401.25,,4439.40,,,738,3278683.00,142,F1,1,,,,,
2026-06-30,2026-06-30,CM,BSE,STK,500690,INE026A01025,GSFC,A,,,,,GUJARAT STATE FERTILIZERS & CH,162.20,162.70,161.65,161.90,161.90,162.15,,161.84,,,24076,3901605.00,383,F1,1,,,,,
2026-06-30,2026-06-30,CM,BSE,STK,500696,INE030A01027,HINDUNILVR,A,,,,,HINDUSTAN UNILEVER LTD.,2150.05,2150.05,2115.00,2118.90,2124.30,2151.10,,2118.20,,,81236,172392254.00,4041,F1,1,,,,,
2026-06-30,2026-06-30,CM,BSE,STK,500710,INE133A01011,JSWDULUX,A,,,,,JSW Dulux Limited,3279.95,3304.00,3212.75,3219.60,3216.85,3264.40,,3227.80,,,2122,6911077.00,421,F1,1,,,,,
2026-06-30,2026-06-30,CM,BSE,STK,500730,INE163A01018,NOCIL,B,,,,,NOCIL LTD.,184.55,184.55,179.35,179.90,180.65,182.30,,179.82,,,40695,7391780.00,584,F1,1,,,,,
2026-06-30,2026-06-30,CM,BSE,STK,500770,INE092A01019,TATACHEM,A,,,,,TATA CHEMICALS LTD.,736.90,736.90,715.00,715.80,715.80,729.35,,715.95,,,29901,21634036.00,1106,F1,1,,,,,
2026-06-30,2026-06-30,CM,BSE,STK,500777,INE148A01019,TNPETRO,B,,,,,TAMILNADU PETROPRODUCTS LTD.,94.41,95.69,93.29,95.51,95.44,94.45,,95.53,,,4948,468441.00,76,F1,1,,,,,
2026-06-30,2026-06-30,CM,BSE,STK,500780,INE217A01012,ZUARIIND,B,,,,,Zuari Industries Limited,253.25,258.15,253.25,255.60,256.10,254.40,,255.15,,,120,30734.00,7,F1,1,,,,,
2026-06-30,2026-06-30,CM,BSE,STK,500790,INE239A01024,NESTLEIND,A,,,,,NESTLE INDIA LTD.,1387.10,1421.10,1387.10,1407.20,1407.20,1387.10,,1405.30,,,124237,174639843.00,5963,F1,1,,,,,
2026-06-30,2026-06-30,CM,BSE,STK,500800,INE192A01025,TATACONSUM,A,,,,,TATA CONSUMER PRODUCTS LIMITED,1102.50,1102.50,1066.00,1075.00,1075.00,1112.45,,1075.60,,,117107,126326650.00,6679,F1,1,,,,,
2026-06-30,2026-06-30,CM,BSE,STK,500820,INE021A01026,ASIANPAINT,A,,,,,ASIAN PAINTS LTD.,2645.15,2671.00,2630.00,2637.50,2637.50,2657.30,,2635.70,,,421987,1123823785.00,5067,F1,1,,,,,
2026-06-30,2026-06-30,CM,BSE,STK,500825,INE216A01030,BRITANNIA,A,,,,,BRITANNIA INDUSTRIES LTD.,5120.10,5175.00,5072.45,5157.00,5175.00,5104.55,,5146.50,,,6156,31659534.00,1615,F1,1,,,,,
2026-06-30,2026-06-30,CM,BSE,STK,500830,INE259A01022,COLPAL,A,,,,,COLGATE-PALMOLIVE (INDIA) LTD.,1998.00,2004.00,1980.75,1998.55,1998.55,1998.75,,1997.90,,,9625,19186994.00,951,F1,1,,,,,
2026-06-30,2026-06-30,CM,BSE,STK,500840,INE230A01023,EIHOTEL,A,,,,,EIH LTD.,320.45,325.20,320.00,320.70,321.50,321.30,,320.30,,,9532,3065593.00,334,F1,1,,,,,
2026-06-30,2026-06-30,CM,BSE,STK,500850,INE053A01029,INDHOTEL,A,,,,,INDIAN HOTELS CO.LTD.,710.10,718.70,701.10,714.10,712.85,706.80,,713.95,,,91872,65603565.00,1639,F1,1,,,,,
2026-06-30,2026-06-30,CM,BSE,STK,500870,INE172A01027,CASTROLIND,A,,,,,CASTROL INDIA LTD.,184.60,185.55,184.20,184.45,184.45,185.20,,184.43,,,57791,10680916.00,1441,F1,1,,,,,
2026-06-30,2026-06-30,CM,BSE,STK,500875,INE154A01025,ITC,A,,,,,ITC LTD.,291.40,291.50,285.55,287.00,287.00,290.80,,286.95,,,932458,267777335.00,19712,F1,1,,,,,
2026-06-30,2026-06-30,CM,BSE,STK,500877,INE438A01022,APOLLOTYRE,A,,,,,APOLLO TYRES LTD.,428.00,431.50,423.35,430.05,430.05,421.25,,430.20,,,85152,36413743.00,3126,F1,1,,,,,
2026-06-30,2026-06-30,CM,BSE,STK,500878,INE482A01020,CEATLTD,A,,,,,CEAT LTD.,3386.35,3492.40,3386.35,3480.80,3484.00,3395.30,,3482.50,,,7040,24310223.00,1052,F1,1,,,,,
2026-06-30,2026-06-30,CM,BSE,STK,500940,INE183A01024,FINPIPE,A,,,,,FINOLEX INDUSTRIES LTD.,174.65,176.65,173.75,174.90,176.35,174.45,,174.87,,,30042,5267879.00,1136,F1,1,,,,,
2026-06-30,2026-06-30,CM,BSE,STK,501148,INE422D01012,DSINVEST,XT,,,,,DALAL STREET INVESTMENTS LTD.,386.15,386.15,386.15,386.15,386.15,394.00,,386.15,,,6,2316.00,1,F1,1,,,,,
2026-06-30,2026-06-30,CM,BSE,STK,501150,INE660C01027,CENTRUM,B,,,,,CENTRUM CAPITAL LTD.,21.97,21.97,21.55,21.61,21.61,21.67,,21.73,,,9915,215402.00,48,F1,1,,,,,
2026-06-30,2026-06-30,CM,BSE,STK,501151,INE524U01019,KARTKIN,XT,,,,,KARTIK INVESTMENTS TRUST LTD.,7745.65,7745.65,7745.65,7745.65,7745.65,7376.85,,7745.65,,,4,30982.00,2,F1,1,,,,,
2026-06-30,2026-06-30,CM,BSE,STK,501242,INE911B01018,TCIFINANCE,T,,,,,TCI FINANCE LTD.,16.62,16.62,16.62,16.62,16.62,17.49,,16.71,,,6719,111669.00,56,F1,1,,,,,
2026-06-30,2026-06-30,CM,BSE,STK,501270,INE825M01017,ANTARIKSH,XT,,,,,ANTARIKSH INDUSTRIES LIMITED,8.05,8.05,8.05,8.05,8.05,7.67,,8.05,,,1,8.00,1,F1,1,,,,,
2026-06-30,2026-06-30,CM,BSE,STK,501295,INE886A01014,IITL,B,,,,,INDUSTRIAL INVESTMENT TRUST LT,130.00,138.10,130.00,134.95,133.50,132.25,,135.18,,,9077,1241505.00,218,F1,1,,,,,
2026-06-30,2026-06-30,CM,BSE,STK,501298,INE620D01011,INDPRUD,B,,,,,INDUSTRIAL & PRUDENTIAL INVEST,6525.25,6525.25,6525.25,6525.25,6525.25,6649.00,,6525.00,,,2,13050.00,2,F1,1,,,,,
2026-06-30,2026-06-30,CM,BSE,STK,501301,INE672A01026,TATAINVEST,A,,,,,TATA INVESTMENT CORPORATION LT,667.25,670.75,665.85,666.95,668.45,665.95,,666.80,,,10633,7102708.00,465,F1,1,,,,,
2026-06-30,2026-06-30,CM,BSE,STK,501314,INE286N01028,PRISMX,X,,,,,PRISMX GLOBAL VENTURES LIMITED,0.59,0.59,0.57,0.59,0.59,0.59,,0.59,,,64865,37840.00,116,F1,1,,,,,
2026-06-30,2026-06-30,CM,BSE,STK,501343,INE861B01023,MOTOGENFIN,T,,,,,MOTOR & GENERAL FINANCE LTD.,28.50,29.00,28.21,28.55,28.55,29.01,,28.45,,,3035,86407.00,15,F1,1,,,,,
2026-06-30,2026-06-30,CM,BSE,STK,501351,INE154M01012,RAPIDIN,XT,,,,,RAPID INVESTMENTS LTD.,79.50,79.50,75.53,75.53,75.53,79.50,,75.53,,,2835,214139.00,4,F1,1,,,,,
2026-06-30,2026-06-30,CM,BSE,STK,501370,INE695D01021,WALCHPF,X,,,,,WALCHAND PEOPLEFIRST LTD.,132.35,132.35,130.10,130.15,130.10,132.35,,130.15,,,64,8381.00,7,F1,1,,,,,
2026-06-30,2026-06-30,CM,BSE,STK,501391,INE855A01019,WHBRADY,X,,,,,W.H.BRADY & CO.LTD.,549.65,549.65,510.25,522.75,518.10,538.35,,522.75,,,353,184628.00,51,F1,1,,,,,
2026-06-30,2026-06-30,CM,BSE,STK,501421,INE314H01012,TECHNVISN,B,,,,,TechNVision Ventures Limited,4765.40,4765.40,4378.10,4404.15,4378.10,4770.00,,4426.00,,,149,662402.00,41,F1,1,,,,,
2026-06-30,2026-06-30,CM,BSE,STK,501423,INE151G01028,SHAILY,A,,,,,SHAILY ENGINEERING PLASTICS LT,2910.00,2950.00,2871.10,2895.70,2894.85,2897.45,,2895.50,,,13266,38735045.00,1490,F1,1,,,,,
2026-06-30,2026-06-30,CM,BSE,STK,501425,INE050A01025,BBTC,A,,,,,The Bombay Burmah Trading Corp,1546.00,1546.00,1529.90,1537.60,1538.00,1545.05,,1535.30,,,1479,2272894.00,164,F1,1,,,,,
2026-06-30,2026-06-30,CM,BSE,STK,501455,INE224A01026,GREAVESCOT,A,,,,,GREAVES COTTON LTD.,210.00,222.80,210.00,220.20,220.20,209.40,,219.99,,,249640,54797607.00,2746,F1,1,,,,,
2026-06-30,2026-06-30,CM,BSE,STK,501477,INE003F01015,MULLER,X,,,,,MULLER & PHIPPS (INDIA) LTD.,220.00,220.00,211.85,211.85,211.85,223.00,,211.85,,,150,31860.00,8,F1,1,,,,,
2026-06-30,2026-06-30,CM,BSE,STK,501622,INE492N01022,AMALGAM,XT,,,,,AMALGAMATED ELECTRICITY CO.LTD,96.04,96.04,96.04,96.04,96.04,98.00,,96.04,,,3,288.00,1,F1,1,,,,,
2026-06-30,2026-06-30,CM,BSE,STK,501700,INE131H01028,INDIANVSH,X,,,,,INDIANIVESH LTD.,7.30,7.30,6.70,7.02,7.00,7.11,,7.02,,,10165,70965.00,33,F1,1,,,,,
2026-06-30,2026-06-30,CM,BSE,STK,501831,INE377E01024,COASTCORP,B,,,,,COASTAL CORPORATION LTD.,49.27,49.84,48.61,48.77,48.61,48.79,,48.87,,,3018,148644.00,75,F1,1,,,,,
2026-06-30,2026-06-30,CM,BSE,STK,501833,INE490A01015,CHOWGULSTM,X,,,,,CHOWGULE STEAMSHIPS LTD.,22.24,24.50,22.00,22.54,22.00,22.69,,22.54,,,5907,134107.00,86,F1,1,,,,,
2026-06-30,2026-06-30,CM,BSE,STK,501848,INE446C01013,GARWAOFFS,XT,,,,,GARWARE OFFSHORE SERVICES LIMI,56.90,56.90,54.00,54.09,54.00,55.97,,54.09,,,4224,233794.00,33,F1,1,,,,,
2026-06-30,2026-06-30,CM,BSE,STK,501945,INE758D01027,DHENUBUILD,Z,,,,,DHENU BUILDCON INFRA LTD.,11.46,11.46,11.02,11.37,11.45,11.24,,11.37,,,24123,273384.00,154,F1,1,,,,,
2026-06-30,2026-06-30,CM,BSE,STK,502015,INE443A01030,ASIIL,X,,,,,ASI INDUSTRIES LIMITED,25.49,25.50,24.65,25.48,25.49,24.95,,25.48,,,5711,144654.00,46,F1,1,,,,,
2026-06-30,2026-06-30,CM,BSE,STK,502090,INE229C01021,SAGCEM,B,,,,,SAGAR CEMENTS LTD.,175.05,179.30,175.05,178.00,178.00,175.45,,178.20,,,3208,570005.00,108,F1,1,,,,,
2026-06-30,2026-06-30,CM,BSE,STK,502137,INE583C01021,DECCANCE,B,,,,,DECCAN CEMENTS LTD.,622.95,622.95,595.75,596.60,596.00,596.15,,598.05,,,408,246386.00,24,F1,1,,,,,
2026-06-30,2026-06-30,CM,BSE,STK,502157,INE347A01017,MANGLMCEM,B,,,,,MANGALAM CEMENT LTD.,910.35,919.15,900.10,912.90,912.85,912.50,,913.20,,,1748,1598356.00,81,F1,1,,,,,
2026-06-30,2026-06-30,CM,BSE,STK,502168,INE732C01016,NCLIND,B,,,,,NCL INDUSTRIES LTD.,194.40,194.40,192.20,192.55,192.50,194.05,,192.53,,,735,142008.00,40,F1,1,,,,,
2026-06-30,2026-06-30,CM,BSE,STK,502175,INE626A01014,SAURASHCEM,B,,,,,SAURASHTRA CEMENT LTD.,57.80,57.80,55.61,56.32,56.50,57.15,,56.14,,,5613,316635.00,133,F1,1,,,,,
2026-06-30,2026-06-30,CM,BSE,STK,502180,INE232A01011,SHREDIGCEM,B,,,,,SHREE DIGVIJAY CEMENT CO.LTD.,72.85,74.77,72.85,74.76,74.77,74.13,,74.61,,,3042,224538.00,58,F1,1,,,,,
2026-06-30,2026-06-30,CM,BSE,STK,502219,INE666D01022,BORORENEW,A,,,,,BOROSIL RENEWABLES LIMITED,606.05,613.95,600.40,602.30,602.60,605.95,,602.25,,,24243,14694678.00,731,F1,1,,,,,
2026-06-30,2026-06-30,CM,BSE,STK,502250,INE347D01011,LERTHAI,XT,,,,,LERTHAI FINANCE LIMITED,624.15,624.15,624.15,624.15,624.15,594.50,,624.15,,,1,624.00,1,F1,1,,,,,
2026-06-30,2026-06-30,CM,BSE,STK,502281,INE094C01011,TRIVENIGQ,X,,,,,TRIVENI GLASS LTD.,6.50,6.50,6.05,6.12,6.12,6.35,,6.12,,,2852,17416.00,25,F1,1,,,,,
2026-06-30,2026-06-30,CM,BSE,STK,502330,INE435A01051,ANDHRAPAP,B,,,,,ANDHRA PAPER LIMITED,62.52,63.64,62.52,62.90,62.84,62.19,,62.96,,,4529,284840.00,283,F1,1,,,,,
2026-06-30,2026-06-30,CM,BSE,STK,502355,INE787D01026,BALKRISIND,A,,,,,BALKRISHNA INDUSTRIES LTD.,2197.85,2206.90,2143.00,2182.60,2179.65,2166.10,,2180.50,,,6787,14815696.00,676,F1,1,,,,,
2026-06-30,2026-06-30,CM,BSE,STK,502420,INE592A01026,ORIENTPPR,B,,,,,ORIENT PAPER & INDUSTRIES LTD.,16.90,17.00,16.52,16.78,16.88,16.86,,16.78,,,88884,1493886.00,144,F1,1,,,,,
2026-06-30,2026-06-30,CM,BSE,STK,502445,INE906D01014,CITADEL,X,,,,,CITADEL REALTY AND DEVELOPERS,35.00,35.00,34.16,35.00,35.00,35.00,,35.00,,,557,19469.00,26,F1,1,,,,,
2026-06-30,2026-06-30,CM,BSE,STK,502448,INE927A01040,ROLLT,T,,,,,ROLLATAINERS LTD.,2.79,2.79,2.79,2.79,2.79,2.93,,2.78,,,6902,19256.00,19,F1,1,,,,,
2026-06-30,2026-06-30,CM,BSE,STK,502450,INE630A01024,SESHAPAPER,B,,,,,SESHASAYEE PAPER & BOARDS LTD.,229.60,232.65,226.05,228.85,230.40,227.00,,229.28,,,1433,328073.00,76,F1,1,,,,,
2026-06-30,2026-06-30,CM,BSE,STK,502587,INE777A01023,NATHIND,X,,,,,NATH INDUSTRIES LIMITED,46.58,47.90,45.22,45.90,45.22,46.45,,45.90,,,726,33694.00,27,F1,1,,,,,
2026-06-30,2026-06-30,CM,BSE,STK,502820,INE498A01018,DCM,T,,,,,DCM LTD.,98.00,98.50,98.00,98.50,98.50,98.00,,99.17,,,432,42444.00,8,F1,1,,,,,
2026-06-30,2026-06-30,CM,BSE,STK,502865,INE518A01013,FORBESCO,X,,,,,FORBES & COMPANY LTD.,309.55,315.95,305.00,306.30,308.60,311.10,,306.30,,,2831,869422.00,61,F1,1,,,,,
2026-06-30,2026-06-30,CM,BSE,STK,502873,INE950C01014,HPCOTTON,X,,,,,H.P.COTTON TEXTILE MILLS LTD.,100.95,101.55,100.95,101.50,101.50,100.90,,101.50,,,55,5582.00,4,F1,1,,,,,
2026-06-30,2026-06-30,CM,BSE,STK,502893,INE706D01018,UNITEDINT,X,,,,,UNITED INTERACTIVE LTD.,69.15,72.69,69.15,69.15,69.15,72.78,,69.15,,,177,12243.00,11,F1,1,,,,,
2026-06-30,2026-06-30,CM,BSE,STK,502901,INE462D01034,JAMSHRI,X,,,,,JAMSHRI REALTY LIMITED,79.07,79.79,78.15,78.17,78.17,79.05,,78.17,,,426,33473.00,21,F1,1,,,,,
2026-06-30,2026-06-30,CM,BSE,STK,502933,INE498G01015,KATRSPG,X,,,,,KATARE SPINNING MILLS LTD.,101.00,103.95,98.05,103.95,103.95,101.00,,103.95,,,64,6452.00,4,F1,1,,,,,
2026-06-30,2026-06-30,CM,BSE,STK,502937,INE087A01019,KESORAMIND,T,,,,,KESORAM INDUSTRIES LTD.,11.58,11.58,11.27,11.58,11.58,11.36,,11.58,,,195943,2263930.00,145,F1,1,,,,,
2026-06-30,2026-06-30,CM,BSE,STK,502958,INE938C01019,LAKSHMIMIL,X,,,,,LAKSHMI MILLS COMPANY LTD.,7310.05,7449.95,7300.00,7400.00,7400.00,7419.75,,7400.00,,,61,447640.00,15,F1,1,,,,,
2026-06-30,2026-06-30,CM,BSE,STK,502986,INE825A01020,VTL,A,,,,,VARDHMAN TEXTILES LTD.,632.30,645.65,632.30,635.30,633.00,632.30,,636.05,,,27620,17613644.00,1079,F1,1,,,,,
2026-06-30,2026-06-30,CM,BSE,STK,503031,INE138A01028,PENINLAND,T,,,,,PENINSULA LAND LTD.,15.38,15.77,15.05,15.67,15.67,15.38,,15.35,,,9209,141488.00,65,F1,1,,,,,
2026-06-30,2026-06-30,CM,BSE,STK,503100,INE211B01039,PHOENIXLTD,A,,,,,THE PHOENIX MILLS LTD,1918.15,1969.40,1917.65,1949.50,1953.60,1917.20,,1948.60,,,31133,60699698.00,3673,F1,1,,,,,
2026-06-30,2026-06-30,CM,BSE,STK,503101,INE182D01020,MARATHON,B,,,,,MARATHON NEXTGEN REALTY LTD.,401.40,403.80,392.00,400.15,400.15,399.85,,400.70,,,2509,997864.00,136,F1,1,,,,,
2026-06-30,2026-06-30,CM,BSE,STK,503127,INE491N01016,RAJABAH,X,,,,,RAJA BAHADUR INTERNATIONAL LTD,5797.00,5797.00,5454.00,5775.00,5775.00,5737.00,,5775.00,,,58,318370.00,5,F1,1,,,,,
2026-06-30,2026-06-30,CM,BSE,STK,503162,INE750D01016,RELCHEMQ,B,,,,,RELIANCE CHEMOTEX INDUSTRIES L,134.20,134.45,134.20,134.40,134.40,135.35,,133.95,,,68,9138.00,7,F1,1,,,,,
2026-06-30,2026-06-30,CM,BSE,STK,503169,INE301D01026,RUBYMILLS,T,,,,,RUBY MILLS LTD.,320.00,330.00,320.00,321.90,320.30,326.00,,324.75,,,264,85509.00,14,F1,1,,,,,
2026-06-30,2026-06-30,CM,BSE,STK,503229,INE167H01014,SIMPLXREA,X,,,,,SIMPLEX REALTY LTD.,147.90,147.90,141.50,141.50,141.50,141.00,,141.50,,,116,16470.00,4,F1,1,,,,,
2026-06-30,2026-06-30,CM,BSE,STK,503310,INE665A01038,SWANCORP,A,,,,,Swan Corp Limited,311.60,316.65,311.60,313.20,313.20,311.60,,313.45,,,23003,7230860.00,490,F1,1,,,,,
2026-06-30,2026-06-30,CM,BSE,STK,503349,INE203D01016,VICTMILL,X,,,,,VICTORIA MILLS LTD.,5300.00,5310.00,5300.00,5310.00,5310.00,5295.00,,5310.00,,,4,21220.00,3,F1,1,,,,,
2026-06-30,2026-06-30,CM,BSE,STK,503624,INE406N01014,ZSVARAJT,X,,,,,SVARAJ TRADING & AGENCIES LTD.,7.55,8.28,7.55,7.72,7.72,7.53,,7.72,,,6034,48732.00,25,F1,1,,,,,
2026-06-30,2026-06-30,CM,BSE,STK,503635,INE315N01017,SALSAIN,XT,,,,,SHREE SALASAR INVESTMENT LTD.,218.40,224.25,218.40,219.45,219.45,219.45,,219.45,,,1205,264547.00,10,F1,1,,,,,
2026-06-30,2026-06-30,CM,BSE,STK,503639,INE314N01028,APOLLOIN,XT,,,,,Apollo Ingredients Limited,87.43,87.43,87.43,87.43,87.43,85.72,,87.43,,,2174,190072.00,8,F1,1,,,,,
2026-06-30,2026-06-30,CM,BSE,STK,503641,INE945J01027,ZODIACVEN,XT,,,,,ZODIAC VENTURES LIMITED,1.70,1.71,1.65,1.70,1.70,1.68,,1.70,,,113223,190926.00,95,F1,1,,,,,
2026-06-30,2026-06-30,CM,BSE,STK,503657,INE255E01030,VEERENRGY,X,,,,,VEER ENERGY & INFRASTRUCTURE L,12.88,12.88,12.35,12.60,12.60,12.63,,12.60,,,13092,164654.00,60,F1,1,,,,,
2026-06-30,2026-06-30,CM,BSE,STK,503659,INE948K01011,SW1,XT,,,,,SW INVESTMENTS LTD,110.25,110.25,110.25,110.25,110.25,105.00,,110.25,,,47,5181.00,1,F1,1,,,,,
2026-06-30,2026-06-30,CM,BSE,STK,503663,INE026L01022,TILAK,XT,,,,,Tilak Ventures Limited,1.22,1.25,1.20,1.22,1.22,1.22,,1.22,,,501713,609378.00,345,F1,1,,,,,
2026-06-30,2026-06-30,CM,BSE,STK,503675,INE786K01023,WAGEND,X,,,,,WAGEND INFRA VENTURE LIMITED,1.04,1.20,1.04,1.14,1.14,1.14,,1.14,,,6068,6820.00,17,F1,1,,,,,
2026-06-30,2026-06-30,CM,BSE,STK,503681,INE927X01018,ELCIDIN,B,,,,,ELCID INVESTMENTS LTD.,113000.05,113000.05,113000.00,113000.00,113000.00,115000.00,,113500.00,,,4,452000.00,4,F1,1,,,,,
2026-06-30,2026-06-30,CM,BSE,STK,503685,INE828I01019,MEDIAONE,Z,,,,,MEDIAONE GLOBAL ENTERTAINMENT,14.80,14.90,13.60,14.90,14.90,14.24,,14.90,,,118,1649.00,8,F1,1,,,,,
2026-06-30,2026-06-30,CM,BSE,STK,503722,INE629D01020,BANSWRAS,B,,,,,BANSWARA SYNTEX LTD.,133.95,134.10,132.90,133.15,134.10,134.00,,134.02,,,734,98043.00,52,F1,1,,,,,
2026-06-30,2026-06-30,CM,BSE,STK,503776,INE170C01019,MODIPON,XT,,,,,MODIPON LTD.,41.53,43.00,41.53,41.57,41.54,43.70,,41.57,,,50,2078.00,3,F1,1,,,,,
2026-06-30,2026-06-30,CM,BSE,STK,503804,INE204C01024,SHRIDINE,X,,,,,SHRI DINESH MILLS LTD.,362.00,362.00,346.25,355.80,353.10,355.60,,355.80,,,3385,1211138.00,78,F1,1,,,,,
2026-06-30,2026-06-30,CM,BSE,STK,503806,INE647A01010,SRF,A,,,,,SRF LTD.,2670.00,2781.15,2670.00,2738.50,2735.00,2665.35,,2739.00,,,20865,57221738.00,3061,F1,1,,,,,
2026-06-30,2026-06-30,CM,BSE,STK,503811,INE076B01028,SIYSIL,B,,,,,SIYARAM SILK MILLS LTD.,636.70,647.15,632.55,638.90,639.50,633.75,,638.15,,,1736,1111677.00,145,F1,1,,,,,
2026-06-30,2026-06-30,CM,BSE,STK,503816,INE243N01029,SWADPOL,X,,,,,SWADESHI POLYTEX LTD.,36.80,36.80,35.19,35.59,35.59,35.91,,35.59,,,7118,252336.00,45,F1,1,,,,,
2026-06-30,2026-06-30,CM,BSE,STK,503837,INE796C01011,SHRAJSYNQ,XT,,,,,SHREE RAJASTHAN SYNTEX LTD.,16.52,16.52,16.52,16.52,16.52,17.38,,16.52,,,400,6608.00,4,F1,1,,,,,
2026-06-30,2026-06-30,CM,BSE,STK,503960,INE464A01036,BBL,A,,,,,BHARAT BIJLEE LTD.,2806.45,2915.00,2792.75,2889.55,2881.55,2786.75,,2885.00,,,2139,6133736.00,277,F1,1,,,,,
2026-06-30,2026-06-30,CM,BSE,STK,504000,INE579B01039,ELPROINTL,B,,,,,ELPRO INTERNATIONAL LTD.,173.35,173.90,171.70,172.35,172.65,171.75,,172.42,,,7352,1270007.00,115,F1,1,,,,,
2026-06-30,2026-06-30,CM,BSE,STK,504028,INE064H01021,GEE,XT,,,,,GEE LTD.,110.20,115.93,106.02,109.93,109.93,110.41,,109.93,,,180213,20511249.00,443,F1,1,,,,,
2026-06-30,2026-06-30,CM,BSE,STK,504036,INE835D01023,HIRECT,B,,,,,HIND RECTIFIERS LTD.,1135.65,1163.50,1130.00,1158.15,1163.50,1131.10,,1159.20,,,3523,4044441.00,232,F1,1,,,,,
2026-06-30,2026-06-30,CM,BSE,STK,504058,INE567A01028,NIPPOBATRY,B,,,,,INDO-NATIONAL LTD.,350.00,350.00,340.00,341.35,344.90,352.65,,341.55,,,745,255011.00,135,F1,1,,,,,
2026-06-30,2026-06-30,CM,BSE,STK,504067,INE520A01027,ZENSARTECH,A,,,,,ZENSAR TECHNOLOGIES LTD.,436.55,439.95,424.25,425.25,425.25,433.75,,425.30,,,58214,24939154.00,2315,F1,1,,,,,
2026-06-30,2026-06-30,CM,BSE,STK,504076,INE511D01012,JYOTI,X,,,,,JYOTI LTD.,61.73,61.98,57.95,59.15,59.00,61.62,,59.15,,,39946,2380855.00,319,F1,1,,,,,
2026-06-30,2026-06-30,CM,BSE,STK,504080,INE581L01018,JSLINDL,X,,,,,JSL INDUSTRIES LTD.,900.00,900.05,900.00,900.00,900.00,919.90,,900.00,,,48,43200.00,17,F1,1,,,,,
2026-06-30,2026-06-30,CM,BSE,STK,504084,INE813G01023,KAYCEEI,X,,,,,KAYCEE INDUSTRIES LTD.,863.00,895.00,857.05,891.75,880.00,860.90,,891.75,,,665,588874.00,91,F1,1,,,,,
2026-06-30,2026-06-30,CM,BSE,STK,504092,INE716F01012,INDOKEM,B,,,,,INDOKEM LTD.,490.15,508.00,485.10,498.15,496.00,490.15,,498.15,,,4338,2164262.00,182,F1,1,,,,,
2026-06-30,2026-06-30,CM,BSE,STK,504093,INE795A01017,PANAENERG,X,,,,,PANASONIC ENERGY INDIA COMPANY,262.50,271.00,262.50,267.70,269.60,262.60,,267.70,,,4048,1084096.00,160,F1,1,,,,,
2026-06-30,2026-06-30,CM,BSE,STK,504112,INE045B01015,NELCO,B,,,,,NELCO LTD.,889.00,948.30,889.00,929.35,929.35,889.00,,929.75,,,31055,28628297.00,1266,F1,1,,,,,
2026-06-30,2026-06-30,CM,BSE,STK,504132,INE418E01018,PERMAGN,X,,,,,PERMANENT MAGNETS LTD.,944.00,970.00,939.10,955.55,954.00,944.90,,955.55,,,10195,9799407.00,351,F1,1,,,,,
2026-06-30,2026-06-30,CM,BSE,STK,504176,INE783E01023,HIGHENE,X,,,,,HIGH ENERGY BATTERIES (INDIA),548.45,554.70,542.10,550.45,551.00,545.75,,550.45,,,8753,4811098.00,349,F1,1,,,,,
2026-06-30,2026-06-30,CM,BSE,STK,504180,INE502C01039,STDBAT,X,,,,,STANDARD BATTERIES LTD.,46.50,48.50,46.50,47.75,47.75,47.49,,47.75,,,1066,50529.00,39,F1,1,,,,,
2026-06-30,2026-06-30,CM,BSE,STK,504212,INE279A01012,UNIVCABLES,B,,,,,UNIVERSAL CABLES LTD.,1216.55,1262.00,1201.65,1253.65,1253.65,1224.10,,1253.60,,,8758,10856792.00,688,F1,1,,,,,
2026-06-30,2026-06-30,CM,BSE,STK,504220,INE100D01014,WSI,B,,,,,W.S.INDUSTRIES (INDIA) LTD.,68.00,68.04,66.00,66.40,66.30,66.38,,66.31,,,1508,100418.00,42,F1,1,,,,,
2026-06-30,2026-06-30,CM,BSE,STK,504240,INE872E01016,DLTNCBL,X,,,,,DELTON CABLES LTD.,435.75,438.00,425.05,432.40,427.05,435.70,,432.40,,,860,372578.00,55,F1,1,,,,,
2026-06-30,2026-06-30,CM,BSE,STK,504258,INE284C01018,LAKSELEC,X,,,,,LAKSHMI ELECTRICAL CONTROL SYS,810.00,810.00,775.75,786.25,786.25,814.15,,786.25,,,1314,1043267.00,67,F1,1,,,,,
2026-06-30,2026-06-30,CM,BSE,STK,504273,INE064R01012,MODULEX,Z,,,,,MODULEX CONSTRUCTION TECHNOLOG,14.40,14.50,13.55,14.35,14.38,13.94,,14.35,,,60958,874299.00,71,F1,1,,,,,
2026-06-30,2026-06-30,CM,BSE,STK,504286,INE393A01011,DELTAMAGNT,B,,,,,DELTA MANUFACTURING LIMITED,58.04,63.92,58.02,60.04,60.04,62.93,,60.46,,,1456,86609.00,30,F1,1,,,,,
2026-06-30,2026-06-30,CM,BSE,STK,504340,INE180M01033,LONGSPUR,X,,,,,Longspur International Venture,9.46,9.46,9.05,9.05,9.05,9.50,,9.05,,,3969,35924.00,18,F1,1,,,,,
2026-06-30,2026-06-30,CM,BSE,STK,504341,INE206N01018,RELTD,B,,,,,RAVINDRA ENERGY LIMITED,164.75,168.00,161.90,165.40,164.70,162.90,,165.28,,,47255,7813196.00,632,F1,1,,,,,
2026-06-30,2026-06-30,CM,BSE,STK,504351,INE507F01023,EMPOWER,T,,,,,EMPOWER INDIA LTD.,2.39,2.48,2.39,2.46,2.46,2.38,,2.46,,,1961316,4822018.00,916,F1,1,,,,,
2026-06-30,2026-06-30,CM,BSE,STK,504369,INE927M01029,GRANDMA,X,,,,,GRANDMA TRADING & AGENCIES LTD,0.35,0.35,0.35,0.35,0.35,0.36,,0.35,,,331,115.00,5,F1,1,,,,,
2026-06-30,2026-06-30,CM,BSE,STK,504375,INE459E01012,IDREAM,P,,,,,IDream Film Infrastructure Com,548.65,548.65,548.65,548.65,548.65,522.55,,548.65,,,700,384055.00,9,F1,50,,,,,
2026-06-30,2026-06-30,CM,BSE,STK,504378,INE812K01027,NYSSACORP,X,,,,,NYSSA CORPORATION LIMITED,2.40,2.56,2.40,2.45,2.45,2.45,,2.45,,,13641,33542.00,67,F1,1,,,,,
2026-06-30,2026-06-30,CM,BSE,STK,504380,INE952M01019,FLOMIC,X,,,,,FLOMIC GLOBAL LOGISTICS LIMITE,51.85,53.89,51.85,53.76,53.76,51.85,,53.76,,,115,6104.00,10,F1,1,,,,,
2026-06-30,2026-06-30,CM,BSE,STK,504392,INE537L01010,KRISHNA,XT,,,,,KRISHNA VENTURES LIMITED,42.24,42.24,42.24,42.24,42.24,44.46,,42.24,,,8608,363601.00,16,F1,1,,,,,
2026-06-30,2026-06-30,CM,BSE,STK,504398,INE312B01027,SJCORP,XT,,,,,SJ CORPORATION LTD.,100.52,100.52,100.52,100.52,100.52,95.74,,100.52,,,34,3417.00,3,F1,1,,,,,
2026-06-30,2026-06-30,CM,BSE,STK,504605,INE361D01012,UNIABEXAL,XT,,,,,UNI ABEX ALLOY PRODUCTS LTD.,4999.90,5198.00,4800.00,5144.40,5170.00,5001.15,,5144.40,,,1688,8475352.00,158,F1,1,,,,,
2026-06-30,2026-06-30,CM,BSE,STK,504614,INE385C01021,SARDAEN,A,,,,,SARDA ENERGY & MINERALS LTD.,507.70,511.70,495.00,495.65,495.65,505.60,,496.25,,,28011,14066750.00,999,F1,1,,,,,
2026-06-30,2026-06-30,CM,BSE,STK,504646,INE106G01014,BGWTATO,X,,,,,BHAGWATI AUTOCAST LTD.,499.00,515.00,499.00,512.90,506.00,501.90,,512.90,,,382,193984.00,23,F1,1,,,,,
2026-06-30,2026-06-30,CM,BSE,STK,504648,INE089T01023,BOMBWIR,X,,,,,BOMBAY WIRE ROPES LTD.,51.25,51.25,51.25,51.25,51.25,51.25,,51.25,,,6,307.00,4,F1,1,,,,,
2026-06-30,2026-06-30,CM,BSE,STK,504731,INE566M01017,AZADIND,X,,,,,AZAD INDIA MOBILITY LIMITED,98.00,99.90,97.75,99.50,99.65,96.60,,99.50,,,2843,279695.00,45,F1,1,,,,,
2026-06-30,2026-06-30,CM,BSE,STK,504741,INE323C01030,INDIANHUME,B,,,,,INDIAN HUME PIPE CO.LTD.,331.05,331.40,327.35,330.05,331.00,332.35,,329.20,,,1264,417155.00,133,F1,1,,,,,
2026-06-30,2026-06-30,CM,BSE,STK,504746,INE359D01024,INLCM,X,,,,,INDIAN LINK CHAIN MANUFACTURES,895.00,895.00,817.45,857.90,870.00,818.00,,857.90,,,1268,1106158.00,78,F1,1,,,,,
2026-06-30,2026-06-30,CM,BSE,STK,504786,INE155E01016,INVPRECQ,B,,,,,INVESTMENT & PRECISION CASTING,840.05,858.50,827.75,844.50,827.75,837.25,,847.20,,,4543,3843011.00,201,F1,1,,,,,
2026-06-30,2026-06-30,CM,BSE,STK,504810,INE123E01014,INFORTEC,X,,,,,INFORMED TECHNOLOGIES INDIA LT,80.05,82.69,73.38,80.78,81.00,80.05,,80.78,,,583,46073.00,17,F1,1,,,,,
2026-06-30,2026-06-30,CM,BSE,STK,504840,INE375D01012,KAIRA,X,,,,,KAIRA CAN CO.LTD.,1607.00,1615.00,1607.00,1615.00,1615.00,1615.00,,1615.00,,,11,17685.00,2,F1,1,,,,,
2026-06-30,2026-06-30,CM,BSE,STK,504879,INE569C01020,ORIENTCER,B,,,,,ORIENT CERATECH LIMITED,40.25,40.25,39.47,39.68,39.60,39.91,,39.67,,,1353,53906.00,60,F1,1,,,,,
2026-06-30,2026-06-30,CM,BSE,STK,504882,INE166R01015,NATIONSTD,B,,,,,NATIONAL STANDARD (INDIA) LTD.,1300.20,1300.20,1298.00,1298.00,1298.00,1200.00,,1272.30,,,3,3896.00,3,F1,1,,,,,
2026-06-30,2026-06-30,CM,BSE,STK,504903,INE336C01016,RATHIST,X,,,,,RATHI STEEL & POWER LTD.,18.63,18.99,17.61,18.85,18.90,18.27,,18.85,,,41480,772628.00,227,F1,1,,,,,
2026-06-30,2026-06-30,CM,BSE,STK,504908,INE340F01011,DUNCANENG,X,,,,,Duncan Engineering Limited,355.25,360.25,349.95,360.25,360.25,365.00,,360.25,,,540,190189.00,26,F1,1,,,,,
2026-06-30,2026-06-30,CM,BSE,STK,504918,INE149K01016,SANDUMA,B,,,,,SANDUR MANGANESE & IRON ORES L,207.30,207.70,201.50,203.40,203.40,207.95,,202.90,,,142645,28999453.00,1789,F1,1,,,,,
2026-06-30,2026-06-30,CM,BSE,STK,504959,INE755D01015,STOVACQ,X,,,,,STOVEC INDUSTRIES LTD.,1700.25,1720.00,1672.05,1716.95,1716.95,1700.25,,1716.95,,,33,56239.00,10,F1,1,,,,,
2026-06-30,2026-06-30,CM,BSE,STK,504973,INE149A01033,CHOLAHLDNG,A,,,,,CHOLAMANDALAM FINANCIAL HOLDIN,1658.35,1669.55,1625.70,1663.95,1641.60,1645.25,,1663.10,,,583245,966784687.00,847,F1,1,,,,,
2026-06-30,2026-06-30,CM,BSE,STK,504988,INE380G01015,ZWELCAST,X,,,,,WELCAST STEELS LTD.,700.05,700.05,700.00,700.00,700.00,701.15,,700.00,,,31,21700.00,3,F1,1,,,,,
2026-06-30,2026-06-30,CM,BSE,STK,505010,INE449A01011,AUTOAXLES,B,,,,,AUTOMOTIVE AXLES LTD.,1772.90,1831.60,1749.20,1770.45,1773.40,1763.00,,1769.20,,,452,818328.00,48,F1,1,,,,,
2026-06-30,2026-06-30,CM,BSE,STK,505029,INE446A01025,ATLASCYCLE,B,,,,,ATLAS CYCLES (HARYANA) LTD.,98.05,99.90,98.05,99.90,99.90,100.00,,99.38,,,37,3663.00,7,F1,1,,,,,
2026-06-30,2026-06-30,CM,BSE,STK,505036,INE451C01013,ACGL,B,,,,,AUTOMOBILE CORPORATION OF GOA,2267.40,2342.00,2231.05,2291.40,2285.35,2256.15,,2291.40,,,4847,11140433.00,565,F1,1,,,,,
2026-06-30,2026-06-30,CM,BSE,STK,505075,INE878E01021,SETCO,T,,,,,SETCO AUTOMOTIVE LTD.,16.33,16.77,16.33,16.77,16.77,16.66,,16.77,,,43702,722399.00,31,F1,1,,,,,
2026-06-30,2026-06-30,CM,BSE,STK,505160,INE187D01029,TALBROAUTO,B,,,,,TALBROS AUTOMOTIVE COMPONENTS,419.60,425.50,407.65,417.55,418.45,415.65,,417.55,,,22377,9351064.00,757,F1,1,,,,,
2026-06-30,2026-06-30,CM,BSE,STK,505163,INE116C01012,ZFSTEERING,B,,,,,Z.F.STEERING GEAR (INDIA) LTD.,710.05,710.05,698.45,704.90,704.95,702.65,,700.25,,,175,123259.00,38,F1,1,,,,,
2026-06-30,2026-06-30,CM,BSE,STK,505192,INE294B01019,SMLMAH,B,,,,,SML Mahindra Limited,4022.35,4138.50,3988.00,4095.80,4123.00,4012.20,,4097.90,,,8311,33424484.00,868,F1,1,,,,,
2026-06-30,2026-06-30,CM,BSE,STK,505196,INE806C01018,TIL,B,,,,,TIL LTD.,213.90,213.90,201.05,205.55,205.55,210.10,,204.71,,,1888,389225.00,61,F1,1,,,,,
2026-06-30,2026-06-30,CM,BSE,STK,505200,INE066A01021,EICHERMOT,A,,,,,EICHER MOTORS LTD.,7407.95,7407.95,6947.95,7076.25,7076.25,7439.95,,7073.50,,,114244,810467467.00,18662,F1,1,,,,,
2026-06-30,2026-06-30,CM,BSE,STK,505212,INE280F01019,JAINEX,X,,,,,JAINEX AAMCOL LTD.,121.35,121.35,115.40,117.10,117.10,121.40,,117.10,,,677,80385.00,16,F1,1,,,,,
2026-06-30,2026-06-30,CM,BSE,STK,505216,INE782D01027,ALFREDHE,X,,,,,ALFRED HERBERT (INDIA) LTD.,2820.00,2850.00,2814.00,2834.60,2849.00,2820.00,,2834.60,,,70,198626.00,16,F1,1,,,,,
2026-06-30,2026-06-30,CM,BSE,STK,505232,INE232E01013,VELJAN,B,,,,,VELJAN DENISON LIMITED,1300.00,1416.70,1225.00,1416.70,1416.70,1180.60,,1430.80,,,2690,3667748.00,209,F1,1,,,,,
2026-06-30,2026-06-30,CM,BSE,STK,505242,INE221B01012,DYNAMATECH,B,,,,,DYNAMATIC TECHNOLOGIES LTD.,10071.75,10500.00,10071.75,10397.90,10444.00,9955.25,,10393.00,,,513,5285061.00,175,F1,1,,,,,
2026-06-30,2026-06-30,CM,BSE,STK,505250,INE631D01026,GGDPROP,X,,,,,G. G. Dandekar Properties Limi,65.00,67.39,64.56,65.00,65.00,64.12,,65.00,,,219,14205.00,10,F1,1,,,,,
2026-06-30,2026-06-30,CM,BSE,STK,505255,INE541A01023,GMMPFAUDLR,A,,,,,GMM PFAUDLER LTD.,786.90,803.00,786.90,789.30,791.30,792.85,,789.55,,,1191,949756.00,191,F1,1,,,,,
2026-06-30,2026-06-30,CM,BSE,STK,505283,INE811A01020,KIRLPNU,A,,,,,KIRLOSKAR PNEUMATIC CO.LTD.,1926.95,1974.80,1894.00,1955.95,1925.00,1904.40,,1953.10,,,9853,19020378.00,762,F1,1,,,,,
2026-06-30,2026-06-30,CM,BSE,STK,505299,INE731D01024,KPT,X,,,,,KPT INDUSTRIES LIMITED,441.00,480.90,441.00,462.65,469.00,488.95,,462.65,,,9639,4461842.00,220,F1,1,,,,,
2026-06-30,2026-06-30,CM,BSE,STK,505302,INE718M01022,LAKSHMIEW,X,,,,,LAKSHMI ENGINEERING AND WAREHO,2300.00,2450.00,2300.00,2416.65,2400.00,2400.00,,2416.65,,,11,26058.00,7,F1,1,,,,,
2026-06-30,2026-06-30,CM,BSE,STK,505324,INE867A01022,MANUGRAPH,T,,,,,MANUGRAPH INDIA LTD.,15.70,15.70,15.70,15.70,15.70,15.70,,15.68,,,100,1570.00,1,F1,1,,,,,
2026-06-30,2026-06-30,CM,BSE,STK,505336,INE098E01026,HARSHILAGR,XT,,,,,HARSHIL AGROTECH LIMITED,0.32,0.33,0.32,0.32,0.32,0.33,,0.32,,,1576220,512661.00,388,F1,1,,,,,
2026-06-30,2026-06-30,CM,BSE,STK,505343,INE811D01024,MONOT,X,,,,,MONOTYPE INDIA LTD.,0.37,0.37,0.35,0.36,0.36,0.36,,0.36,,,1432128,513202.00,467,F1,1,,,,,
2026-06-30,2026-06-30,CM,BSE,STK,505355,INE317F01035,NESCO,B,,,,,NESCO LTD.,1108.50,1108.50,1075.10,1079.20,1083.35,1090.05,,1078.40,,,1734,1876656.00,195,F1,1,,,,,
2026-06-30,2026-06-30,CM,BSE,STK,505358,INE984B01023,INTEGRAEN,XT,,,,,INTEGRA ENGINEERING INDIA LTD.,220.00,220.00,211.00,213.35,213.90,213.00,,213.35,,,16411,3520978.00,86,F1,1,,,,,
2026-06-30,2026-06-30,CM,BSE,STK,505400,INE435C01024,TEXINFRA,B,,,,,TEXMACO INFRASTRUCTURE & HOLDI,108.94,110.00,106.50,108.27,108.19,108.55,,108.82,,,2887,311721.00,42,F1,1,,,,,
2026-06-30,2026-06-30,CM,BSE,STK,505412,INE274C01019,WENDT,B,,,,,WENDT (INDIA) LTD.,7944.20,8428.55,7943.70,8242.40,8286.00,7865.90,,8246.00,,,2661,22002239.00,770,F1,1,,,,,
2026-06-30,2026-06-30,CM,BSE,STK,505502,INE953M01033,PSITINFRA,XT,,,,,PS IT INFRASTRUCTURE & SERVICE,1.10,1.10,1.10,1.10,1.10,1.12,,1.10,,,416,457.00,8,F1,1,,,,,
2026-06-30,2026-06-30,CM,BSE,STK,505504,INE809Q01020,GHVINFRA,X,,,,,GHV INFRA PROJECTS LIMITED,213.60,216.90,205.00,208.10,207.50,209.65,,208.10,,,28245,5939573.00,616,F1,1,,,,,
2026-06-30,2026-06-30,CM,BSE,STK,505509,INE688D01026,RESPONIND,B,,,,,RESPONSIVE INDUSTRIES LTD.,197.50,199.00,195.00,196.10,195.65,194.50,,195.55,,,2340,460551.00,71,F1,1,,,,,
2026-06-30,2026-06-30,CM,BSE,STK,505515,INE203N01015,SHYMINV,X,,,,,SHYAMKAMAL INVESTMENTS LTD.,12.89,13.59,12.21,12.69,12.69,12.82,,12.69,,,3345,42044.00,38,F1,1,,,,,
2026-06-30,2026-06-30,CM,BSE,STK,505523,INE272E01027,MAHACORP,X,,,,,MAHARASHTRA CORPORATION LTD.,0.33,0.33,0.32,0.32,0.32,0.33,,0.32,,,750475,244188.00,216,F1,1,,,,,
2026-06-30,2026-06-30,CM,BSE,STK,505526,INE966A01022,DOLATALGO,B,,,,,DOLAT ALGOTECH LIMITED,72.55,72.97,71.80,72.46,72.80,72.00,,72.48,,,2003,144797.00,42,F1,1,,,,,
2026-06-30,2026-06-30,CM,BSE,STK,505533,INE274F01020,WESTLIFE,A,,,,,WESTLIFE FOODWORLD LIMITED,474.45,491.55,466.80,488.50,490.00,475.10,,488.90,,,3660,1764907.00,364,F1,1,,,,,
2026-06-30,2026-06-30,CM,BSE,STK,505537,INE256A01028,ZEEL,A,,,,,ZEE ENTERTAINMENT ENTERPRISES,107.81,107.81,103.08,103.52,103.52,107.17,,103.51,,,1010710,105870765.00,5455,F1,1,,,,,
2026-06-30,2026-06-30,CM,BSE,STK,505650,INE178E01026,SKYLMILAR,X,,,,,SKYLINE MILLARS LTD.,15.48,15.50,15.10,15.50,15.50,15.41,,15.50,,,130,1988.00,5,F1,1,,,,,
2026-06-30,2026-06-30,CM,BSE,STK,505681,INE469A01019,BIMETAL,B,,,,,BIMETAL BEARINGS LTD.,651.65,651.70,640.00,640.05,640.05,651.70,,640.80,,,142,91293.00,27,F1,1,,,,,
2026-06-30,2026-06-30,CM,BSE,STK,505688,INE561C01019,BHARATGEAR,B,,,,,BHARAT GEARS LTD.,128.45,132.90,127.40,132.20,132.20,127.40,,132.29,,,7469,969915.00,369,F1,1,,,,,
2026-06-30,2026-06-30,CM,BSE,STK,505690,INE856A01017,BRADYM,X,,,,,BRADY & MORRIS ENGINEERING CO.,769.00,778.00,750.00,753.05,761.70,756.25,,753.05,,,186,140834.00,50,F1,1,,,,,
2026-06-30,2026-06-30,CM,BSE,STK,505693,INE501N01020,LATIMMETAL,X,,,,,La Tim Metal & Industries Limi,10.00,10.06,9.18,9.85,9.95,9.64,,9.85,,,244882,2374534.00,284,F1,1,,,,,
2026-06-30,2026-06-30,CM,BSE,STK,505700,INE205B01031,ELECON,A,,,,,ELECON ENGINEERING CO.LTD.,522.55,540.00,522.55,533.95,532.45,521.90,,533.80,,,16323,8690732.00,440,F1,1,,,,,
2026-06-30,2026-06-30,CM,BSE,STK,505710,INE266D01021,GRAUWEIL,B,,,,,GRAUER & WEIL (INDIA) LTD.,74.95,78.70,72.17,77.71,77.22,73.40,,77.67,,,119779,9127348.00,1494,F1,1,,,,,
2026-06-30,2026-06-30,CM,BSE,STK,505712,INE705G01021,HIMTEK,X,,,,,HIM TEKNOFORGE LIMITED,196.05,200.60,193.05,199.65,200.20,195.30,,199.65,,,1563,306119.00,47,F1,1,,,,,
2026-06-30,2026-06-30,CM,BSE,STK,505714,INE524A01029,GABRIEL,A,,,,,GABRIEL INDIA LTD.,1276.25,1277.00,1235.15,1239.25,1239.25,1275.95,,1239.30,,,37127,46462043.00,2439,F1,1,,,,,
2026-06-30,2026-06-30,CM,BSE,STK,505720,INE688E01024,HERCULES,X,,,,,Hercules Investments Limited,122.00,122.00,119.05,119.60,120.00,121.20,,119.60,,,7202,867358.00,153,F1,1,,,,,
2026-06-30,2026-06-30,CM,BSE,STK,505725,INE598D01035,ALGOQUANT,B,,,,,ALGOQUANT FINTECH LIMITED,56.00,57.00,54.93,56.16,56.16,55.45,,56.12,,,309986,17337305.00,505,F1,1,,,,,
2026-06-30,2026-06-30,CM,BSE,STK,505726,INE559A01017,IFBIND,B,,,,,IFB INDUSTRIES LTD.,1257.95,1298.90,1235.60,1291.10,1292.40,1247.55,,1287.90,,,4301,5524849.00,360,F1,1,,,,,
2026-06-30,2026-06-30,CM,BSE,STK,505729,INE638A01035,SINGERIND,B,,,,,SINGER INDIA LTD.,73.49,73.49,70.20,71.11,70.87,72.77,,70.58,,,11481,821133.00,368,F1,1,,,,,
2026-06-30,2026-06-30,CM,BSE,STK,505737,INE403C01014,INTLCOMBQ,X,,,,,INTERNATIONAL COMBUSTION (INDI,484.00,498.50,484.00,489.00,498.50,486.05,,489.00,,,1060,517812.00,54,F1,1,,,,,
2026-06-30,2026-06-30,CM,BSE,STK,505744,INE529A01010,FMGOETZE,B,,,,,FEDERAL-MOGUL GOETZE (INDIA) L,452.55,454.75,441.35,444.15,441.80,449.00,,444.15,,,2151,961179.00,95,F1,1,,,,,
2026-06-30,2026-06-30,CM,BSE,STK,505750,INE636D01041,JOSTS,X,,,,,JOSTS ENGINEERING CO.LTD.,244.15,255.00,242.45,254.25,254.45,241.70,,254.25,,,7188,1799135.00,169,F1,1,,,,,
2026-06-30,2026-06-30,CM,BSE,STK,505790,INE513A01022,SCHAEFFLER,A,,,,,Schaeffler India Limited,4095.15,4237.35,4070.35,4187.35,4183.60,4088.55,,4189.70,,,2266,9520377.00,311,F1,1,,,,,
2026-06-30,2026-06-30,CM,BSE,STK,505800,INE384A01010,RANEHOLDIN,B,,,,,RANE HOLDINGS LTD.,1720.90,1754.90,1661.90,1672.00,1672.20,1706.70,,1666.40,,,924,1579472.00,187,F1,1,,,,,
2026-06-30,2026-06-30,CM,BSE,STK,505807,INE775R01013,ROLCOEN,P,,,,,ROLCON ENGINEERING CO.LTD.,529.00,529.00,529.00,529.00,529.00,529.00,,529.00,,,200,105800.00,4,F1,50,,,,,
2026-06-30,2026-06-30,CM,BSE,STK,505827,INE568F01017,SNL,X,,,,,SNL BEARINGS LTD.,376.85,390.00,376.85,387.40,385.15,376.85,,387.40,,,2344,904482.00,53,F1,1,,,,,
2026-06-30,2026-06-30,CM,BSE,STK,505840,INE058D01030,JAIPAN,X,,,,,JAIPAN INDUSTRIES LTD.,31.10,31.10,28.62,29.67,29.67,30.80,,29.67,,,7724,225624.00,114,F1,1,,,,,
2026-06-30,2026-06-30,CM,BSE,STK,505850,INE545L01039,MANCREDIT,B,,,,,MANGAL CREDIT AND FINCORP LTD.,243.00,245.95,241.70,243.10,241.90,240.20,,242.73,,,11139,2718438.00,141,F1,1,,,,,
2026-06-30,2026-06-30,CM,BSE,STK,505854,INE391D01019,TRF,B,,,,,TRF LTD.,238.65,242.05,235.85,239.50,239.50,237.65,,239.84,,,576,137611.00,96,F1,1,,,,,
2026-06-30,2026-06-30,CM,BSE,STK,505872,INE765D01022,WPIL,B,,,,,WPIL LTD.,493.00,507.00,487.00,488.65,488.50,494.40,,489.30,,,14056,6986294.00,745,F1,1,,,,,
2026-06-30,2026-06-30,CM,BSE,STK,505890,INE717A01029,KENNAMET,B,,,,,KENNAMETAL INDIA LTD.,3009.15,3143.00,2985.90,3063.85,3087.00,2994.30,,3060.40,,,753,2293674.00,317,F1,1,,,,,
2026-06-30,2026-06-30,CM,BSE,STK,505893,INE724D01011,HINDHARD,X,,,,,HINDUSTAN HARDY LIMITED,820.00,828.00,806.25,812.30,811.00,816.80,,812.30,,,352,286018.00,26,F1,1,,,,,
2026-06-30,2026-06-30,CM,BSE,STK,505978,INE440G01017,TRITONV,X,,,,,TRITON VALVES LTD.,1119.95,1119.95,1070.00,1078.70,1078.70,1089.70,,1078.70,,,1744,1882344.00,130,F1,1,,,,,
2026-06-30,2026-06-30,CM,BSE,STK,506003,INE618D01015,SUDAI,X,,,,,SUDAL INDUSTRIES LTD.,35.66,35.66,34.36,34.36,34.36,36.16,,34.36,,,6292,216501.00,57,F1,1,,,,,
2026-06-30,2026-06-30,CM,BSE,STK,506022,INE603A01013,PRAKASH,B,,,,,PRAKASH INDUSTRIES LTD.,140.90,141.25,139.00,139.50,139.00,139.85,,139.28,,,16722,2345838.00,366,F1,1,,,,,
2026-06-30,2026-06-30,CM,BSE,STK,506074,INE968D01022,ARSHIYA,Z,,,,,ARSHIYA LIMITED,1.10,1.11,1.07,1.10,1.10,1.09,,1.09,,,19852,21756.00,17,F1,1,,,,,
2026-06-30,2026-06-30,CM,BSE,STK,506076,INE536A01023,GRINDWELL,A,,,,,GRINDWELL NORTON LTD.,2141.05,2200.00,2133.95,2171.25,2171.25,2138.85,,2166.20,,,1372,2972751.00,282,F1,1,,,,,
2026-06-30,2026-06-30,CM,BSE,STK,506105,INE441L01015,STANROS,X,,,,,STANROSE MAFATLAL INVESTMENTS,69.21,69.36,69.15,69.15,69.15,69.00,,69.15,,,39,2703.00,8,F1,1,,,,,
2026-06-30,2026-06-30,CM,BSE,STK,506109,INE727B01026,GENESYS,B,,,,,GENESYS INTERNATIONAL CORPORAT,325.50,328.00,317.50,318.90,318.35,323.10,,319.40,,,12109,3903277.00,428,F1,1,,,,,
2026-06-30,2026-06-30,CM,BSE,STK,506122,INE820M01018,VOLKAI,XT,,,,,Kairosoft AI Solutions Limited,77.52,77.52,77.52,77.52,77.52,76.00,,77.52,,,2615,202714.00,10,F1,1,,,,,
2026-06-30,2026-06-30,CM,BSE,STK,506128,INE383L01019,PARNAXLAB,X,,,,,PARNAX LAB LTD.,129.00,136.70,127.60,136.35,136.65,130.55,,136.35,,,7206,971932.00,44,F1,1,,,,,
2026-06-30,2026-06-30,CM,BSE,STK,506134,INE512D01028,GOURMET,XT,,,,,GOURMET GATEWAY INDIA LIMITED,12.88,13.98,12.88,13.83,13.83,13.54,,13.83,,,5218,69737.00,33,F1,1,,,,,
2026-06-30,2026-06-30,CM,BSE,STK,506146,INE370E01029,VIVIDHA,B,,,,,VISAGAR POLYTEX LTD.,0.53,0.56,0.51,0.54,0.54,0.54,,0.53,,,54012,28811.00,70,F1,1,,,,,
2026-06-30,2026-06-30,CM,BSE,STK,506166,INE070K01014,APIS,B,,,,,APIS INDIA LTD.,58.51,61.78,57.85,61.52,61.55,60.00,,61.52,,,35301,2103213.00,329,F1,1,,,,,
2026-06-30,2026-06-30,CM,BSE,STK,506180,INE668L01013,EMERGENT,XT,,,,,EMERGENT INDUSTRIAL SOLUTIONS,413.00,429.15,407.70,429.15,429.15,429.15,,429.15,,,38,15974.00,9,F1,1,,,,,
2026-06-30,2026-06-30,CM,BSE,STK,506184,INE879E01037,KANANIIND,B,,,,,KANANI INDUSTRIES LTD.,1.52,1.58,1.45,1.57,1.58,1.51,,1.55,,,38270,57389.00,75,F1,1,,,,,
2026-06-30,2026-06-30,CM,BSE,STK,506186,INE403B01016,GSLTD,X,,,,,GALAXY SUPERMARKET LIMITED,19.55,20.44,19.26,19.97,19.50,19.95,,19.97,,,2764,53638.00,19,F1,1,,,,,
2026-06-30,2026-06-30,CM,BSE,STK,506194,INE643K01018,ARIHANTSUP,B,,,,,ARIHANT SUPERSTRUCTURES LIMITE,254.75,254.75,254.75,254.75,254.75,254.75,,255.60,,,1,254.00,1,F1,1,,,,,
2026-06-30,2026-06-30,CM,BSE,STK,506197,INE416D01022,BLISSGVS,B,,,,,BLISS GVS PHARMA LTD.,535.90,552.90,530.35,539.75,538.25,530.35,,539.60,,,169431,90808124.00,3202,F1,1,,,,,
2026-06-30,2026-06-30,CM,BSE,STK,506222,INE189B01011,STYRENIX,A,,,,,Styrenix Performance Materials,2274.05,2319.00,2274.05,2290.80,2293.15,2274.20,,2297.30,,,973,2232522.00,136,F1,1,,,,,
2026-06-30,2026-06-30,CM,BSE,STK,506235,INE426A01027,ALEMBICLTD,B,,,,,ALEMBIC LTD.,90.85,92.25,90.34,91.36,91.10,90.34,,91.57,,,7346,671614.00,146,F1,1,,,,,
2026-06-30,2026-06-30,CM,BSE,STK,506260,INE489G01022,ANUHPHR,B,,,,,ANUH PHARMA LTD.,78.36,81.40,78.36,81.08,81.40,79.96,,81.22,,,3944,319125.00,165,F1,1,,,,,
2026-06-30,2026-06-30,CM,BSE,STK,506261,INE737D01021,MODISONLTD,T,,,,,MODISON LIMITED,309.00,317.50,293.50,300.85,303.65,308.90,,297.95,,,8322,2498860.00,190,F1,1,,,,,
2026-06-30,2026-06-30,CM,BSE,STK,506285,INE462A01022,BAYERCROP,A,,,,,BAYER CROPSCIENCE LTD.,4073.45,4165.00,4073.45,4145.25,4150.00,4057.45,,4146.50,,,2132,8824727.00,588,F1,1,,,,,
2026-06-30,2026-06-30,CM,BSE,STK,506365,INE320M01019,STARSOURCE,X,,,,,STARSOURCE MULTITRADE LIMITED,87.55,90.00,85.45,85.65,89.00,89.90,,85.65,,,2395,206120.00,33,F1,1,,,,,
2026-06-30,2026-06-30,CM,BSE,STK,506390,INE492A01029,SUDARCOLOR,B,,,,,Sudarshan Colorants India Limi,357.35,358.40,350.65,351.60,354.00,355.20,,352.40,,,616,216859.00,37,F1,1,,,,,
2026-06-30,2026-06-30,CM,BSE,STK,506395,INE169A01031,COROMANDEL,A,,,,,COROMANDEL INTERNATIONAL LTD.,1924.10,2025.00,1921.00,2008.80,2008.80,1915.05,,2005.20,,,83708,166138731.00,2809,F1,1,,,,,
2026-06-30,2026-06-30,CM,BSE,STK,506401,INE288B01029,DEEPAKNTR,A,,,,,DEEPAK NITRITE LTD.,1558.55,1577.05,1543.00,1547.05,1552.40,1564.00,,1546.50,,,42873,66662440.00,1639,F1,1,,,,,
2026-06-30,2026-06-30,CM,BSE,STK,506405,INE505A01010,DMCC,B,,,,,DMCC SPECIALITY CHEMICALS LIMI,261.30,261.30,251.20,253.65,254.00,260.35,,253.95,,,1733,442100.00,205,F1,1,,,,,
2026-06-30,2026-06-30,CM,BSE,STK,506414,INE225B01021,FERMENTA,B,,,,,FERMENTA BIOTECH LIMITED,359.85,368.85,351.00,354.90,355.00,356.70,,355.75,,,2823,1019603.00,152,F1,1,,,,,
2026-06-30,2026-06-30,CM,BSE,STK,506480,INE077F01035,GOCLCORP,B,,,,,GOCL Corporation Limited,406.85,409.10,400.65,408.15,407.00,403.05,,408.45,,,1388,562976.00,105,F1,1,,,,,
2026-06-30,2026-06-30,CM,BSE,STK,506520,INE693E01016,JAYCH,X,,,,,JAYSHREE CHEMICALS LTD.,6.00,6.14,5.90,6.01,5.98,6.03,,6.01,,,12710,76256.00,56,F1,1,,,,,
2026-06-30,2026-06-30,CM,BSE,STK,506525,INE138C01024,KANORICHEM,T,,,,,KANORIA CHEMICALS & INDUSTRIES,131.00,135.01,128.50,134.02,134.00,131.00,,134.03,,,9697,1300066.00,74,F1,1,,,,,
2026-06-30,2026-06-30,CM,BSE,STK,506528,INE881E01017,KELENRG,XT,,,,,KELTECH ENERGIES LTD.,7000.00,7331.00,6756.00,7196.60,7200.00,6987.35,,7196.60,,,1456,10407088.00,241,F1,1,,,,,
2026-06-30,2026-06-30,CM,BSE,STK,506532,INE265B01019,NITTAGELA,B,,,,,NITTA GELATIN INDIA LTD.,1680.00,1738.50,1643.40,1707.50,1736.00,1666.60,,1703.50,,,1392,2353556.00,191,F1,1,,,,,
2026-06-30,2026-06-30,CM,BSE,STK,506543,INE468C01017,MPAGI,X,,,,,M.P.AGRO INDUSTRIES LTD.,11.00,11.00,9.53,9.85,9.85,10.28,,9.85,,,2060,21567.00,23,F1,1,,,,,
2026-06-30,2026-06-30,CM,BSE,STK,506579,INE321D01016,AGVENTURES,X,,,,,AG VENTURES LIMITED,127.70,127.70,119.00,122.20,122.20,120.45,,122.20,,,6562,793749.00,85,F1,1,,,,,
2026-06-30,2026-06-30,CM,BSE,STK,506590,INE602A01031,PCBL,A,,,,,PCBL Chemical Limited,319.80,327.65,317.45,321.30,322.45,319.50,,321.15,,,133680,43328765.00,2646,F1,1,,,,,
2026-06-30,2026-06-30,CM,BSE,STK,506597,INE841D01013,AMAL,X,,,,,AMAL LTD.,570.00,572.80,560.00,566.20,565.00,563.90,,566.20,,,2128,1203766.00,107,F1,1,,,,,
2026-06-30,2026-06-30,CM,BSE,STK,506605,INE752B01024,POLYCHEM,X,,,,,POLYCHEM LTD.,1960.00,1960.00,1960.00,1960.00,1960.00,1970.00,,1960.00,,,1,1960.00,1,F1,1,,,,,
2026-06-30,2026-06-30,CM,BSE,STK,506618,INE277B01014,PUNJABCHEM,B,,,,,PUNJAB CHEMICALS AND CROP PROT,1020.50,1117.45,1014.50,1078.10,1065.00,1009.85,,1075.70,,,2486,2689844.00,198,F1,1,,,,,
2026-06-30,2026-06-30,CM,BSE,STK,506640,INE218N01021,ZR2,XT,,,,,ZR2 BIOENERGY LIMITED,100.80,105.30,95.80,105.30,105.30,100.80,,105.30,,,274,28547.00,9,F1,1,,,,,
2026-06-30,2026-06-30,CM,BSE,STK,506642,INE888C01040,SADHNANIQ,T,,,,,SADHANA NITROCHEM LTD.,2.84,2.84,2.84,2.84,2.84,2.89,,2.84,,,201774,573038.00,99,F1,1,,,,,
2026-06-30,2026-06-30,CM,BSE,STK,506655,INE659A01023,SUDARSCHEM,A,,,,,SUDARSHAN CHEMICAL INDUSTRIES,878.50,889.75,872.25,880.40,880.40,880.15,,881.95,,,2735,2401413.00,212,F1,1,,,,,
2026-06-30,2026-06-30,CM,BSE,STK,506680,INE014B01011,TECILCHEM,B,,,,,TECIL CHEMICALS & HYDRO POWER,10.17,10.80,8.71,10.49,10.20,10.81,,10.38,,,3906,38239.00,31,F1,1,,,,,
2026-06-30,2026-06-30,CM,BSE,STK,506685,INE405A01021,ULTRAMAR,B,,,,,ULTRAMARINE & PIGMENTS LTD.,385.00,391.40,381.30,383.90,383.90,390.10,,382.80,,,5058,1954194.00,214,F1,1,,,,,
2026-06-30,2026-06-30,CM,BSE,STK,506687,INE687A01016,TRANSPEK,B,,,,,TRANSPEK INDUSTRY LTD.,1000.00,1000.00,965.00,987.40,980.00,997.55,,990.00,,,2631,2575795.00,190,F1,1,,,,,
2026-06-30,2026-06-30,CM,BSE,STK,506690,INE351A01035,UNICHEMLAB,B,,,,,UNICHEM LABORATORIES LTD.,449.95,465.55,448.50,464.40,460.00,453.40,,462.20,,,10673,4938071.00,388,F1,1,,,,,
2026-06-30,2026-06-30,CM,BSE,STK,506734,INE741A01011,MYSORPETRO,X,,,,,MYSORE PETRO CHEMICALS LTD.,94.31,97.77,93.25,94.28,94.05,93.68,,94.28,,,247,23558.00,17,F1,1,,,,,
2026-06-30,2026-06-30,CM,BSE,STK,506767,INE150B01039,ALKYLAMINE,A,,,,,ALKYL AMINES CHEMICALS LTD.,1672.50,1730.00,1663.00,1711.35,1711.35,1678.80,,1713.40,,,2784,4713715.00,342,F1,1,,,,,
2026-06-30,2026-06-30,CM,BSE,STK,506808,INE400A01014,TUTIALKA,X,,,,,TUTICORIN ALKALI CHEMICALS AND,50.10,56.99,50.10,54.26,54.26,50.36,,54.26,,,23068,1250566.00,196,F1,1,,,,,
2026-06-30,2026-06-30,CM,BSE,STK,506820,INE203A01020,ASTRAZEN,A,,,,,ASTRAZENECA PHARMA INDIA LTD.,8177.90,8286.00,8086.65,8216.00,8216.00,8054.15,,8226.00,,,518,4247585.00,153,F1,1,,,,,
2026-06-30,2026-06-30,CM,BSE,STK,506852,INE607A01022,PRIMO,B,,,,,Primo Chemicals Limited,24.86,25.00,24.38,24.48,24.38,24.55,,24.34,,,20682,508771.00,150,F1,1,,,,,
2026-06-30,2026-06-30,CM,BSE,STK,506854,INE639B01023,TANFACIND,B,,,,,TANFAC INDUSTRIES LTD.,2482.00,2510.00,2403.40,2478.65,2482.00,2483.30,,2478.65,,,54189,134450608.00,1278,F1,1,,,,,
2026-06-30,2026-06-30,CM,BSE,STK,506858,INE636P01011,GUJPETR,X,,,,,GUJARAT PETROSYNTHESE LTD.,55.00,59.98,55.00,57.80,57.80,56.32,,57.80,,,76,4392.00,17,F1,1,,,,,
2026-06-30,2026-06-30,CM,BSE,STK,506863,INE716M01034,SWADEIN,XT,,,,,SWADESHI INDUSTRIES LEASING CO,81.18,84.48,81.18,84.48,84.48,82.83,,84.48,,,9282,759618.00,33,F1,1,,,,,
2026-06-30,2026-06-30,CM,BSE,STK,506879,INE942C01045,GUJTHEM,B,,,,,GUJARAT THEMIS BIOSYN LTD.,389.00,400.50,388.95,396.80,396.80,384.25,,397.50,,,5541,2187955.00,179,F1,1,,,,,
2026-06-30,2026-06-30,CM,BSE,STK,506906,INE467X01023,SCBL,XT,,,,,Saptak Chem And Business Limit,43.05,46.48,43.05,46.00,46.00,44.49,,46.00,,,259,11172.00,7,F1,1,,,,,
2026-06-30,2026-06-30,CM,BSE,STK,506919,INE987A01010,MAKERSL,X,,,,,MAKERS LABORATORIES LTD.,154.30,154.30,144.95,145.85,145.85,152.90,,145.85,,,6996,1024206.00,116,F1,1,,,,,
2026-06-30,2026-06-30,CM,BSE,STK,506943,INE572A01036,JBCHEPHARM,A,,,,,J.B.CHEMICALS & PHARMACEUTICAL,2314.45,2317.65,2277.55,2295.40,2290.15,2301.85,,2295.90,,,3224,7411501.00,306,F1,1,,,,,
2026-06-30,2026-06-30,CM,BSE,STK,506975,INE374C01017,RAJSPTR,P,,,,,RAJASTHAN PETRO SYNTHETICS LTD,8.51,8.51,8.51,8.51,8.51,8.68,,8.51,,,200,1702.00,2,F1,100,,,,,
2026-06-30,2026-06-30,CM,BSE,STK,506979,INE046E01025,APTPACK,XT,,,,,APT PACKAGING LTD.,66.55,69.85,63.25,69.85,69.85,66.55,,69.85,,,983,66541.00,19,F1,1,,,,,
2026-06-30,2026-06-30,CM,BSE,STK,506981,INE472D01017,BLUECHIPT,X,,,,,BLUE CHIP TEX INDUSTRIES LTD.,121.10,121.55,121.05,121.05,121.05,121.10,,121.05,,,183,22164.00,10,F1,1,,,,,
2026-06-30,2026-06-30,CM,BSE,STK,507155,INE574A01016,JAGAJITIND,X,,,,,JAGATJIT INDUSTRIES LTD.,136.80,141.85,134.35,137.20,136.80,137.50,,137.20,,,5132,713281.00,75,F1,1,,,,,
2026-06-30,2026-06-30,CM,BSE,STK,507180,INE133B01027,KESARENT,X,,,,,KESAR ENTERPRISES LTD.,6.55,6.55,6.22,6.24,6.23,6.58,,6.24,,,11712,73960.00,58,F1,1,,,,,
2026-06-30,2026-06-30,CM,BSE,STK,507205,INE133E01013,TI,A,,,,,TILAKNAGAR INDUSTRIES LTD.,444.95,458.90,444.05,453.90,453.90,445.05,,455.10,,,48804,22087366.00,1276,F1,1,,,,,
2026-06-30,2026-06-30,CM,BSE,STK,507265,INE044N01021,EMERALL,X,,,,,Emerald Leisures Limited,204.00,204.00,176.00,183.30,180.00,189.00,,183.30,,,340,65446.00,15,F1,1,,,,,
2026-06-30,2026-06-30,CM,BSE,STK,507300,INE615A01025,RAVALSUGAR,X,,,,,The Ravalgaon Sugar Farm Limit,945.05,977.70,945.00,945.00,945.00,973.60,,945.00,,,32,30318.00,7,F1,1,,,,,
2026-06-30,2026-06-30,CM,BSE,STK,507315,INE623A01011,SAKHTISUG,B,,,,,SAKTHI SUGARS LTD.,16.63,17.48,16.51,17.07,17.07,16.56,,16.97,,,7875,133567.00,76,F1,1,,,,,
2026-06-30,2026-06-30,CM,BSE,STK,507410,INE711A01022,WALCHANNAG,B,,,,,WALCHANDNAGAR INDUSTRIES LTD.,276.10,279.40,271.45,272.60,272.60,273.80,,272.30,,,60296,16617716.00,920,F1,1,,,,,
2026-06-30,2026-06-30,CM,BSE,STK,507438,INE076C01018,IFBAGRO,T,,,,,IFB AGRO INDUSTRIES LTD.,936.00,936.00,897.10,914.90,914.90,906.85,,913.20,,,215,196021.00,17,F1,1,,,,,
2026-06-30,2026-06-30,CM,BSE,STK,507474,INE991B01010,KFBL,X,,,,,KOTHARI FERMENTATION & BIOCHEM,43.98,45.00,42.50,44.11,44.73,43.98,,44.11,,,14561,638861.00,60,F1,1,,,,,
2026-06-30,2026-06-30,CM,BSE,STK,507486,INE470N01010,CAPRO,X,,,,,CAPROLACTAM CHEMICALS LTD.,44.70,44.70,44.70,44.70,44.70,44.71,,44.70,,,160,7152.00,2,F1,1,,,,,
2026-06-30,2026-06-30,CM,BSE,STK,507488,INE075D01018,GMBREW,B,,,,,G.M.BREWERIES LTD.,945.00,964.05,943.00,956.00,963.00,940.90,,956.20,,,2856,2722473.00,216,F1,1,,,,,
2026-06-30,2026-06-30,CM,BSE,STK,507490,INE625B01014,RANASUG,B,,,,,RANA SUGARS LTD.,12.33,12.79,12.29,12.40,12.55,12.33,,12.37,,,36224,452892.00,127,F1,1,,,,,
2026-06-30,2026-06-30,CM,BSE,STK,507498,INE544C01023,PICCASUG,X,,,,,PICCADILY SUGAR & ALLIED INDUS,35.50,35.50,33.52,34.01,34.39,34.35,,34.01,,,1366,46761.00,47,F1,1,,,,,
2026-06-30,2026-06-30,CM,BSE,STK,507514,INE480C01038,SDBL,B,,,,,SOM DISTILLERIES & BREWERIES L,68.13,69.22,66.90,67.87,67.68,67.18,,67.79,,,48435,3284228.00,376,F1,1,,,,,
2026-06-30,2026-06-30,CM,BSE,STK,507515,INE557D01015,CJGEL,XT,,,,,C.J.GELATINE PRODUCTS LTD.,22.71,22.71,21.73,22.00,22.00,21.65,,22.00,,,455,9997.00,8,F1,1,,,,,
2026-06-30,2026-06-30,CM,BSE,STK,507526,INE073G01016,ASALCBR,B,,,,,ASSOCIATED ALCOHOLS & BREWERIE,856.20,880.00,851.10,875.25,876.00,858.50,,876.55,,,1730,1503068.00,191,F1,1,,,,,
2026-06-30,2026-06-30,CM,BSE,STK,507552,INE976E01023,FOODSIN,B,,,,,FOODS & INNS LTD.,54.11,55.48,53.80,54.54,54.20,54.15,,54.43,,,3215,175912.00,163,F1,1,,,,,
2026-06-30,2026-06-30,CM,BSE,STK,507580,INE043C01018,IVP,B,,,,,IVP LTD.,160.05,160.10,158.00,158.35,158.35,160.35,,158.63,,,1098,175043.00,110,F1,1,,,,,
2026-06-30,2026-06-30,CM,BSE,STK,507598,INE014E01015,KLRFM,X,,,,,KOVILPATTI LAKSHMI ROLLER FLOU,100.20,103.00,99.75,100.70,102.00,101.90,,100.70,,,640,64282.00,37,F1,1,,,,,
2026-06-30,2026-06-30,CM,BSE,STK,507609,INE286E01019,OLYOI,X,,,,,OLYMPIC OIL INDUSTRIES LTD.,23.69,23.69,23.69,23.69,23.69,22.57,,23.69,,,2000,47380.00,3,F1,1,,,,,
2026-06-30,2026-06-30,CM,BSE,STK,507621,INE588G01021,MLKFOOD,X,,,,,MILKFOOD LTD.,78.00,78.00,71.01,73.98,73.98,75.20,,73.98,,,33510,2502490.00,192,F1,1,,,,,
2026-06-30,2026-06-30,CM,BSE,STK,507645,INE339F01021,POLSON,X,,,,,POLSON LTD.,10810.30,10810.30,10325.60,10527.55,10527.55,11002.00,,10527.55,,,22,234325.00,15,F1,1,,,,,
2026-06-30,2026-06-30,CM,BSE,STK,507685,INE075A01022,WIPRO,A,,,,,WIPRO LTD.,175.20,175.40,170.10,170.40,170.40,175.50,,170.39,,,1911064,327688999.00,33695,F1,1,,,,,
2026-06-30,2026-06-30,CM,BSE,STK,507690,INE247F01018,ORIBEVER,X,,,,,ORIENT BEVERAGES LTD.,194.90,194.90,181.00,186.95,186.95,194.90,,186.95,,,886,166626.00,63,F1,1,,,,,
2026-06-30,2026-06-30,CM,BSE,STK,507717,INE435G01025,DHANUKA,B,,,,,DHANUKA AGRITECH LTD.,1050.25,1064.95,1046.60,1052.60,1058.35,1053.25,,1055.10,,,1241,1306947.00,118,F1,1,,,,,
2026-06-30,2026-06-30,CM,BSE,STK,507747,INE910C01018,TTKHLTCARE,B,,,,,TTK HEALTHCARE LTD.,929.90,930.55,908.20,911.05,911.05,925.30,,916.30,,,31,28420.00,17,F1,1,,,,,
2026-06-30,2026-06-30,CM,BSE,STK,507753,INE284B01028,TGVSL,B,,,,,TGV SRAAC Limited,102.80,102.80,99.55,100.80,100.80,101.20,,100.80,,,82352,8330042.00,928,F1,1,,,,,
2026-06-30,2026-06-30,CM,BSE,STK,507779,INE694E01014,KANPRPLA,B,,,,,KANPUR PLASTIPACK LTD.,189.60,198.00,188.80,198.00,198.00,187.85,,194.18,,,482,93335.00,63,F1,1,,,,,
2026-06-30,2026-06-30,CM,BSE,STK,507789,INE048B01035,JAGSNPHARM,B,,,,,JAGSONPAL PHARMACEUTICALS LTD.,241.00,264.65,234.00,236.65,236.65,231.25,,238.05,,,212005,53500527.00,3787,F1,1,,,,,
2026-06-30,2026-06-30,CM,BSE,STK,507794,INE745B01028,KHAICHEM,T,,,,,KHAITAN CHEMICALS & FERTILIZER,55.45,56.36,54.00,54.49,54.49,55.45,,53.54,,,9493,520002.00,48,F1,1,,,,,
2026-06-30,2026-06-30,CM,BSE,STK,507813,INE296D01010,NOL,X,,,,,NATIONAL OXYGEN LTD.,54.80,56.00,45.25,49.08,49.08,50.87,,49.08,,,84418,4339350.00,458,F1,1,,,,,
2026-06-30,2026-06-30,CM,BSE,STK,507815,INE322A01010,GILLETTE,A,,,,,GILLETTE INDIA LTD.,7640.50,7700.00,7538.65,7677.90,7605.00,7559.75,,7679.00,,,5993,45967070.00,460,F1,1,,,,,
2026-06-30,2026-06-30,CM,BSE,STK,507828,INE880B01015,ANSALHSG,X,,,,,ANSAL HOUSING LIMITED,5.95,6.30,5.82,6.11,6.10,6.06,,6.11,,,61610,370145.00,150,F1,1,,,,,
2026-06-30,2026-06-30,CM,BSE,STK,507833,INE607B01012,COMPUPN,X,,,,,COMPUTER POINT LTD.,3.81,3.84,3.66,3.80,3.80,3.80,,3.80,,,4556,17106.00,29,F1,1,,,,,
2026-06-30,2026-06-30,CM,BSE,STK,507836,INE435D01014,MCCHRLS-B,B,,,,,MAC CHARLES (INDIA) LTD.,680.00,705.00,676.00,695.90,705.00,700.45,,702.10,,,101,69244.00,12,F1,1,,,,,
2026-06-30,2026-06-30,CM,BSE,STK,507852,INE757C01021,ADDIND,X,,,,,ADDI INDUSTRIES LTD.,90.00,90.00,81.02,82.23,82.10,84.97,,82.23,,,1354,115628.00,34,F1,1,,,,,
2026-06-30,2026-06-30,CM,BSE,STK,507864,INE746D01014,PIONRINV,B,,,,,PIONEER INVESTCORP LTD.,88.05,88.20,88.00,88.00,88.00,88.00,,89.32,,,252,22186.00,9,F1,1,,,,,
2026-06-30,2026-06-30,CM,BSE,STK,507872,INE372I01018,ASHNOOR,X,,,,,ASHNOOR TEXTILE MILLS LTD.,41.80,41.80,40.00,40.00,40.00,40.98,,40.00,,,1618,64854.00,14,F1,1,,,,,
2026-06-30,2026-06-30,CM,BSE,STK,507878,INE694A01020,UNITECH,B,,,,,UNITECH LTD.,4.75,4.82,4.65,4.73,4.73,4.73,,4.72,,,488718,2308555.00,520,F1,1,,,,,
2026-06-30,2026-06-30,CM,BSE,STK,507880,INE054A01027,VIPIND,A,,,,,V.I.P.INDUSTRIES LTD.,306.95,311.10,305.00,305.80,306.00,306.80,,305.65,,,4865,1496886.00,211,F1,1,,,,,
2026-06-30,2026-06-30,CM,BSE,STK,507910,INE296C01020,FIBERWEB,B,,,,,FIBERWEB (INDIA) LTD.,30.05,30.85,30.00,30.85,30.85,29.99,,30.37,,,9585,287559.00,40,F1,1,,,,,
2026-06-30,2026-06-30,CM,BSE,STK,507912,INE724A01017,GYFTR,B,,,,,GYFTR LIMITED,169.95,176.00,166.00,174.05,176.00,168.00,,174.05,,,12579,2145325.00,116,F1,1,,,,,
2026-06-30,2026-06-30,CM,BSE,STK,507917,INE706N01017,EASTBUILD,X,,,,,EAST BUILDTECH LTD.,61.56,61.56,61.56,61.56,61.56,64.79,,61.56,,,25,1539.00,1,F1,1,,,,,
2026-06-30,2026-06-30,CM,BSE,STK,507938,INE798E01013,MNPLFIN,P,,,,,MANIPAL FINANCE CORPORATION LT,21.28,22.00,21.28,22.00,22.00,22.40,,22.00,,,200,4328.00,2,F1,100,,,,,
2026-06-30,2026-06-30,CM,BSE,STK,507944,INE704G01024,BAJAJST,B,,,,,BAJAJ STEEL INDUSTRIES LTD.,406.05,419.80,404.85,412.95,412.95,405.60,,410.95,,,2681,1105970.00,137,F1,1,,,,,
2026-06-30,2026-06-30,CM,BSE,STK,507946,INE845A01028,KIDUJA,X,,,,,KIDUJA INDIA LTD.,16.29,16.29,15.21,16.27,16.29,15.92,,16.27,,,52,846.00,3,F1,1,,,,,
2026-06-30,2026-06-30,CM,BSE,STK,507948,INE130F01016,KEYCORP,X,,,,,KEY CORP LTD.,60.30,60.30,58.00,59.49,58.00,60.37,,59.49,,,693,41198.00,23,F1,1,,,,,
2026-06-30,2026-06-30,CM,BSE,STK,507960,INE621C01011,GUJHOTE,X,,,,,GUJARAT HOTELS LTD.,183.55,185.00,180.30,184.25,184.00,185.00,,184.25,,,278,50864.00,19,F1,1,,,,,
2026-06-30,2026-06-30,CM,BSE,STK,507962,INE455H01021,FYNX,X,,,,,FYNX CAPITAL LIMITED,4.85,4.85,4.52,4.69,4.69,4.62,,4.69,,,19467,91297.00,37,F1,1,,,,,
2026-06-30,2026-06-30,CM,BSE,STK,507966,INE651D01016,RASRESOR,X,,,,,RAS RESORTS & APART HOTELS LTD,58.00,58.75,56.75,57.25,57.25,54.10,,57.25,,,411,23490.00,8,F1,1,,,,,
2026-06-30,2026-06-30,CM,BSE,STK,507970,INE143I01013,PARMCOS-B,X,,,,,PARAMOUNT COSMETICS (INDIA) LT,30.70,34.10,30.70,33.13,33.00,34.10,,33.13,,,2864,92798.00,15,F1,1,,,,,
2026-06-30,2026-06-30,CM,BSE,STK,507981,INE726D01016,JINDHOT,X,,,,,JINDAL HOTELS LTD.,64.99,64.99,63.05,64.19,64.19,63.94,,64.19,,,3428,220405.00,31,F1,1,,,,,
2026-06-30,2026-06-30,CM,BSE,STK,507998,INE657D01021,SIMMOND,XT,,,,,SIMMONDS MARSHALL LTD.,180.20,180.20,176.20,179.00,179.00,184.10,,179.00,,,15307,2740299.00,48,F1,1,,,,,
2026-06-30,2026-06-30,CM,BSE,STK,508136,INE489D01011,BNALTD,B,,,,,B & A LTD.,340.05,347.00,340.00,343.50,340.00,340.00,,340.70,,,14,4774.00,5,F1,1,,,,,
2026-06-30,2026-06-30,CM,BSE,STK,508486,INE979B01015,HAWKINCOOK,B,,,,,HAWKINS COOKERS LTD.,8151.55,8310.45,8037.00,8281.80,8304.00,8109.40,,8285.50,,,204,1673612.00,91,F1,1,,,,,
2026-06-30,2026-06-30,CM,BSE,STK,508494,INE712A01012,WARRENTEA,X,,,,,WARREN TEA LTD.,45.45,47.90,44.81,46.21,45.10,45.32,,46.21,,,966,44524.00,27,F1,1,,,,,
2026-06-30,2026-06-30,CM,BSE,STK,508571,INE788M01017,COCHMAL,X,,,,,COCHIN MALABAR ESTATES & INDUS,135.30,135.30,135.30,135.30,135.30,137.00,,135.30,,,3,405.00,1,F1,1,,,,,
2026-06-30,2026-06-30,CM,BSE,STK,508664,INE553F01035,BESTEAST,X,,,,,BEST EASTERN HOTELS LTD.,11.06,11.74,10.30,11.47,11.47,11.31,,11.47,,,1340,14458.00,24,F1,1,,,,,
2026-06-30,2026-06-30,CM,BSE,STK,508807,INE684B01029,ISTLTD,X,,,,,IST LTD.,649.95,650.00,620.00,625.55,624.50,632.20,,625.55,,,1916,1218416.00,105,F1,1,,,,,
2026-06-30,2026-06-30,CM,BSE,STK,508814,INE757A01017,COSMOFIRST,B,,,,,Cosmo First Limited,789.20,807.75,788.00,788.10,793.05,793.55,,788.25,,,3322,2642162.00,180,F1,1,,,,,
2026-06-30,2026-06-30,CM,BSE,STK,508867,INE800K01014,NEWMKTAVE,XT,,,,,NEW MARKETS AVENUE LIMITED,37.23,37.23,37.23,37.23,37.23,36.50,,37.23,,,1,37.00,1,F1,1,,,,,
2026-06-30,2026-06-30,CM,BSE,STK,508869,INE437A01024,APOLLOHOSP,A,,,,,APOLLO HOSPITALS ENTERPRISE LT,8605.45,8758.00,8605.45,8688.35,8688.35,8659.30,,8682.00,,,21753,189095484.00,1935,F1,1,,,,,
2026-06-30,2026-06-30,CM,BSE,STK,508875,INE861H01020,NITINCAST,X,,,,,Nitin Castings Limited,560.00,560.00,532.00,547.95,533.10,560.00,,547.95,,,1079,579583.00,66,F1,1,,,,,
2026-06-30,2026-06-30,CM,BSE,STK,508905,INE641A01013,NEXOME,XT,,,,,NEXOME CAPITAL MARKETS LIMITED,128.00,128.00,116.35,118.30,125.00,122.45,,118.30,,,5209,618283.00,52,F1,1,,,,,
2026-06-30,2026-06-30,CM,BSE,STK,508906,INE295A01018,EVERESTIND,B,,,,,EVEREST INDUSTRIES LTD.,473.95,525.60,466.20,511.80,510.65,472.15,,512.80,,,14433,7391951.00,733,F1,1,,,,,
2026-06-30,2026-06-30,CM,BSE,STK,508918,INE791H01011,IRONWOOD,X,,,,,IRONWOOD EDUCATION LIMITED,44.10,45.40,43.88,45.11,45.40,44.39,,45.11,,,8149,364205.00,24,F1,1,,,,,
2026-06-30,2026-06-30,CM,BSE,STK,508933,INE193B01039,AYMSYNTEX,B,,,,,AYM Syntex Limited,217.60,238.30,217.60,237.25,238.30,216.85,,235.25,,,7728,1805817.00,679,F1,1,,,,,
2026-06-30,2026-06-30,CM,BSE,STK,508941,INE013E01017,PANCARBON,X,,,,,PANASONIC CARBON INDIA CO.LTD.,460.00,473.50,460.00,470.05,465.65,462.75,,470.05,,,4169,1949607.00,134,F1,1,,,,,
2026-06-30,2026-06-30,CM,BSE,STK,508954,INE734I01027,FINKURVE,B,,,,,FINKURVE FINANCIAL SERVICES LT,65.39,67.18,65.01,65.40,65.03,64.38,,65.26,,,1547,101664.00,40,F1,1,,,,,
2026-06-30,2026-06-30,CM,BSE,STK,508956,INE549B01016,HBLEAS,X,,,,,HB LEASING & FINANCE CO.LTD.,10.72,10.72,9.93,10.03,10.47,10.51,,10.03,,,9282,92929.00,19,F1,1,,,,,
2026-06-30,2026-06-30,CM,BSE,STK,508961,INE753D01010,SHRICON,XT,,,,,SHRICON INDUSTRIES LTD.,192.80,202.85,192.80,196.15,192.80,202.90,,196.15,,,204,39341.00,6,F1,1,,,,,
2026-06-30,2026-06-30,CM,BSE,STK,508969,INE673M01029,SULABEN,X,,,,,SULABH ENGINEERS & SERVICES LT,2.79,2.79,2.72,2.75,2.75,2.78,,2.75,,,3894,10669.00,54,F1,1,,,,,
2026-06-30,2026-06-30,CM,BSE,STK,508980,INE977E01013,FRONTCAP,X,,,,,FRONTIER CAPITAL LIMITED,9.15,9.80,9.15,9.80,9.80,9.34,,9.80,,,20150,195344.00,53,F1,1,,,,,
2026-06-30,2026-06-30,CM,BSE,STK,508989,INE060A01024,NAVNETEDUL,B,,,,,NAVNEET EDUCATION LIMITED,139.00,142.20,139.00,141.90,142.20,140.95,,141.62,,,1751,247534.00,53,F1,1,,,,,
2026-06-30,2026-06-30,CM,BSE,STK,509009,INE218C01016,AUSOMENT,T,,,,,AUSOM ENTERPRISE LIMITED,112.80,117.95,112.80,116.70,116.70,113.05,,114.82,,,753,88779.00,4,F1,1,,,,,
2026-06-30,2026-06-30,CM,BSE,STK,509015,INE190F01028,THAKRAL,X,,,,,THAKRAL SERVICES (INDIA) LTD.,14.06,14.07,13.06,13.40,13.07,13.40,,13.40,,,331,4580.00,10,F1,1,,,,,
2026-06-30,2026-06-30,CM,BSE,STK,509020,INE413B01023,RUCHINFRA,B,,,,,RUCHI INFRASTRUCTURE LTD.,6.39,6.39,6.03,6.03,6.03,6.12,,6.10,,,1269,7754.00,18,F1,1,,,,,
2026-06-30,2026-06-30,CM,BSE,STK,509024,INE088E01019,GOLDLEG,X,,,,,GOLDEN LEGAND LEASING & FINANC,9.04,9.60,8.89,9.06,9.29,9.22,,9.06,,,23262,210446.00,48,F1,1,,,,,
2026-06-30,2026-06-30,CM,BSE,STK,509026,INE117F01013,VJTFEDU,X,,,,,VJTF EDUSERVICES LTD.,58.70,62.98,58.70,62.97,62.94,54.61,,62.97,,,2891,175846.00,22,F1,1,,,,,
2026-06-30,2026-06-30,CM,BSE,STK,509038,INE763D01019,VOLLF,X,,,,,VOLTAIRE LEASING & FINANCE LTD,14.86,14.86,13.46,14.00,14.00,14.16,,14.00,,,64,920.00,8,F1,1,,,,,
2026-06-30,2026-06-30,CM,BSE,STK,509040,INE040F01033,NETLINK,X,,,,,NETLINK SOLUTIONS (INDIA) LTD.,187.45,187.90,181.50,183.20,182.00,187.45,,183.20,,,1111,203344.00,41,F1,1,,,,,
2026-06-30,2026-06-30,CM,BSE,STK,509048,INE572G01025,LANCORHOL,B,,,,,LANCOR HOLDINGS LTD.,24.44,25.00,24.44,25.00,25.00,24.66,,24.61,,,201,4913.00,3,F1,1,,,,,
2026-06-30,2026-06-30,CM,BSE,STK,509051,INE300B01022,INDINFO,X,,,,,INDIAN INFOTECH & SOFTWARE LTD,0.60,0.60,0.58,0.58,0.58,0.59,,0.58,,,1525610,899811.00,592,F1,1,,,,,
2026-06-30,2026-06-30,CM,BSE,STK,509053,INE521L01030,BANASFN,X,,,,,BANAS FINANCE LTD.,6.85,7.09,6.85,7.07,7.07,6.96,,7.07,,,16358,115393.00,53,F1,1,,,,,
2026-06-30,2026-06-30,CM,BSE,STK,509055,INE392A01021,VISAKAIND,B,,,,,VISAKA INDUSTRIES LTD.,80.70,82.32,76.11,79.09,79.47,76.93,,79.06,,,41935,3365290.00,625,F1,1,,,,,
2026-06-30,2026-06-30,CM,BSE,STK,509069,INE669A01022,INFOMEDIA,B,,,,,INFOMEDIA PRESS LTD.,5.98,5.98,5.50,5.64,5.64,6.09,,5.69,,,543,3093.00,10,F1,1,,,,,
2026-06-30,2026-06-30,CM,BSE,STK,509073,INE525B01016,HATHWAYB,X,,,,,HATHWAY BHAWANI CABLETEL & DAT,12.12,14.35,11.00,11.00,11.00,12.12,,11.00,,,3387,41251.00,21,F1,1,,,,,
2026-06-30,2026-06-30,CM,BSE,STK,509079,INE742B01025,GUFICBIO,B,,,,,GUFIC BIOSCIENCES LTD.,396.85,447.85,387.85,406.65,406.50,385.75,,407.05,,,320004,136812367.00,8256,F1,1,,,,,
2026-06-30,2026-06-30,CM,BSE,STK,509084,INE107J01016,PHOTON,X,,,,,PHOTON CAPITAL ADVISORS LTD.,177.60,177.60,177.60,177.60,177.60,169.15,,177.60,,,36,6393.00,2,F1,1,,,,,
2026-06-30,2026-06-30,CM,BSE,STK,509152,INE137I01015,GRPLTD,B,,,,,GRP LTD.,1900.00,1903.95,1867.00,1879.75,1879.75,1895.00,,1890.60,,,105,198518.00,85,F1,1,,,,,
2026-06-30,2026-06-30,CM,BSE,STK,509162,INE802D01023,INDAG,X,,,,,INDAG RUBBER LTD.,89.60,104.00,88.00,101.06,101.06,89.03,,101.06,,,65388,6422182.00,645,F1,1,,,,,
2026-06-30,2026-06-30,CM,BSE,STK,509196,INE159E01026,MMRUBBR-B,X,,,,,MM RUBBER COMPANY LTD.,64.80,64.80,59.01,59.20,59.20,60.23,,59.20,,,2211,132359.00,41,F1,1,,,,,
2026-06-30,2026-06-30,CM,BSE,STK,509220,INE034D01049,PTL,B,,,,,PTL ENTERPRISES LTD.,42.63,42.63,41.90,42.31,42.60,42.05,,42.44,,,2788,117700.00,78,F1,1,,,,,
2026-06-30,2026-06-30,CM,BSE,STK,509243,INE421C01016,TVSSRICHAK,B,,,,,TVS SRICHAKRA LTD.,4130.75,4212.45,4097.95,4106.45,4122.30,4118.55,,4107.50,,,217,896221.00,74,F1,1,,,,,
2026-06-30,2026-06-30,CM,BSE,STK,509423,INE367E01033,SEL,X,,,,,SANATHNAGAR ENTERPRISES LIMITE,39.75,40.93,39.75,40.69,40.93,39.75,,40.69,,,5,203.00,2,F1,1,,,,,
2026-06-30,2026-06-30,CM,BSE,STK,509438,INE664D01019,BENARAS,B,,,,,BENARES HOTELS LTD.,10450.05,10450.05,10251.15,10334.05,10311.10,10334.45,,10334.05,,,585,6065331.00,561,F1,1,,,,,
2026-06-30,2026-06-30,CM,BSE,STK,509449,INE026I01010,BHAGWOX,X,,,,,BHAGWATI OXYGEN LTD.,34.00,35.60,34.00,34.20,34.20,35.60,,34.20,,,641,21826.00,13,F1,1,,,,,
2026-06-30,2026-06-30,CM,BSE,STK,509470,INE01TL01014,BOMOXY-B1,X,,,,,BOMBAY OXYGEN INVESTMENTS LIMI,19017.00,19115.00,19000.00,19000.00,19000.00,18922.00,,19000.00,,,17,323618.00,9,F1,1,,,,,
2026-06-30,2026-06-30,CM,BSE,STK,509472,INE145E01017,CRAVATEX,X,,,,,CRAVATEX LTD.,392.00,392.00,380.00,386.50,388.00,384.20,,386.50,,,776,298455.00,43,F1,1,,,,,
2026-06-30,2026-06-30,CM,BSE,STK,509480,INE463A01038,BERGEPAINT,A,,,,,BERGER PAINTS INDIA LTD.,519.80,526.30,509.30,510.50,510.50,518.35,,510.10,,,28374,14638100.00,1324,F1,1,,,,,
2026-06-30,2026-06-30,CM,BSE,STK,509486,INE479A01018,CAPRIHANS,X,,,,,CAPRIHANS INDIA LTD.,76.65,79.00,74.31,74.51,74.35,78.50,,74.51,,,1991,151740.00,43,F1,1,,,,,
2026-06-30,2026-06-30,CM,BSE,STK,509488,INE371A01025,GRAPHITE,A,,,,,GRAPHITE INDIA LTD.,615.50,618.00,607.00,613.60,615.30,614.45,,613.40,,,22388,13724883.00,561,F1,1,,,,,
2026-06-30,2026-06-30,CM,BSE,STK,509496,INE686A01026,CEMPRO,A,,,,,Cemindia Projects Limited,1262.75,1313.95,1246.00,1298.85,1304.70,1252.25,,1298.70,,,26087,33544352.00,1496,F1,1,,,,,
2026-06-30,2026-06-30,CM,BSE,STK,509525,INE515H01014,EMPIND,X,,,,,EMPIRE INDUSTRIES LTD.,1015.00,1028.60,994.95,1019.60,1028.60,1000.35,,1019.60,,,1932,1938460.00,81,F1,1,,,,,
2026-06-30,2026-06-30,CM,BSE,STK,509546,INE214F01026,GRAVISSHO,B,,,,,GRAVISS HOSPITALITY LTD.,29.00,30.43,29.00,29.09,29.12,30.48,,29.08,,,5647,164199.00,14,F1,1,,,,,
2026-06-30,2026-06-30,CM,BSE,STK,509557,INE276A01018,GARFIBRES,A,,,,,GARWARE TECHNICAL FIBRES LIMIT,742.30,770.40,737.25,765.35,766.00,749.65,,765.65,,,6058,4591230.00,446,F1,1,,,,,
2026-06-30,2026-06-30,CM,BSE,STK,509563,INE925D01014,GARWAMAR,X,,,,,GARWARE MARINE INDUSTRIES LTD.,21.60,21.89,21.32,21.50,21.50,21.61,,21.50,,,4147,88797.00,54,F1,1,,,,,
2026-06-30,2026-06-30,CM,BSE,STK,509567,INE426D01013,GOACARBON,B,,,,,GOA CARBON LTD.,393.85,398.95,388.50,390.50,388.50,394.95,,390.20,,,250,97885.00,71,F1,1,,,,,
2026-06-30,2026-06-30,CM,BSE,STK,509597,INE722D01015,HARDCAS,X,,,,,HARDCASTLE & WAUD MFG.CO.LTD.,835.00,877.00,820.00,860.70,877.00,835.95,,860.70,,,150,127757.00,13,F1,1,,,,,
2026-06-30,2026-06-30,CM,BSE,STK,509631,INE545A01024,HEG,A,,,,,HEG LTD.,522.00,524.00,512.00,517.20,517.40,517.15,,516.70,,,44759,23153852.00,1570,F1,1,,,,,
2026-06-30,2026-06-30,CM,BSE,STK,509635,INE310C01029,HINDCOMPOS,B,,,,,HINDUSTAN COMPOSITES LTD.,413.85,414.00,410.15,411.30,411.30,410.80,,420.55,,,45,18540.00,17,F1,1,,,,,
2026-06-30,2026-06-30,CM,BSE,STK,509675,INE557A01011,BIRLANU,B,,,,,BIRLANU LIMITED,1371.45,1420.20,1371.45,1380.95,1385.60,1378.40,,1381.60,,,436,601789.00,43,F1,1,,,,,
2026-06-30,2026-06-30,CM,BSE,STK,509709,INE575C01027,INTLCONV,B,,,,,INTERNATIONAL CONVEYORS LTD.,79.15,81.52,79.15,79.69,79.69,80.46,,79.91,,,2608,207802.00,102,F1,1,,,,,
2026-06-30,2026-06-30,CM,BSE,STK,509715,INE364A01020,JAYSREETEA,B,,,,,JAY SHREE TEA & INDUSTRIES LTD,87.01,87.25,86.11,86.70,86.71,87.32,,86.84,,,604,52544.00,21,F1,1,,,,,
2026-06-30,2026-06-30,CM,BSE,STK,509732,INE972A01020,KOTIC,B,,,,,KOTHARI INDUSTRIAL CORPORATION,160.00,168.00,159.00,159.05,159.00,163.25,,155.61,,,937,153089.00,32,F1,1,,,,,
2026-06-30,2026-06-30,CM,BSE,STK,509760,INE370A01019,MODRNSH,X,,,,,MODERN SHARES & STOCKBROKERS L,33.00,37.90,33.00,35.65,35.65,35.65,,35.65,,,1031,36757.00,23,F1,1,,,,,
2026-06-30,2026-06-30,CM,BSE,STK,509762,INE848M01019,MAPROIN,X,,,,,MAPRO INDUSTRIES LTD.,32.67,33.25,30.12,30.14,30.12,31.70,,30.14,,,8064,244910.00,57,F1,1,,,,,
2026-06-30,2026-06-30,CM,BSE,STK,509820,INE275B01026,HUHTAMAKI,B,,,,,HUHTAMAKI INDIA LIMITED,194.80,198.65,194.45,197.40,197.50,195.00,,197.19,,,5168,1017134.00,240,F1,1,,,,,
2026-06-30,2026-06-30,CM,BSE,STK,509835,INE940N01012,PREMSYN,X,,,,,PREMIER SYNTHETICS LTD.,16.25,16.99,16.25,16.99,16.99,16.25,,16.99,,,10,166.00,2,F1,1,,,,,
2026-06-30,2026-06-30,CM,BSE,STK,509874,INE849C01026,SHALPAINTS,B,,,,,SHALIMAR PAINTS LTD.,48.25,51.77,48.25,50.43,51.14,51.36,,50.61,,,2585,131497.00,59,F1,1,,,,,
2026-06-30,2026-06-30,CM,BSE,STK,509887,INE896E01023,SINNAR,XT,,,,,SINNAR BIDI UDYOG LTD.,704.90,764.95,704.90,764.95,764.95,742.00,,764.95,,,95,67025.00,7,F1,1,,,,,
2026-06-30,2026-06-30,CM,BSE,STK,509895,INE832D01020,HINDMILL,X,,,,,HINDOOSTAN MILLS LTD.,169.00,169.00,164.90,164.90,164.90,169.40,,164.90,,,14,2328.00,13,F1,1,,,,,
2026-06-30,2026-06-30,CM,BSE,STK,509930,INE195A01028,SUPREMEIND,A,,,,,SUPREME INDUSTRIES LTD.,3227.55,3227.55,3147.75,3157.65,3157.65,3194.30,,3157.80,,,13994,44320764.00,3143,F1,1,,,,,
2026-06-30,2026-06-30,CM,BSE,STK,509953,INE961E01017,TRADWIN,XT,,,,,TRADE WINGS LTD.,570.00,570.00,570.00,570.00,570.00,600.00,,570.00,,,6,3420.00,3,F1,1,,,,,
2026-06-30,2026-06-30,CM,BSE,STK,509960,INE726E01014,UPHOT,X,,,,,U.P.HOTELS LTD.,1376.00,1377.70,1376.00,1376.35,1376.00,1371.70,,1376.35,,,8,11009.00,3,F1,1,,,,,
2026-06-30,2026-06-30,CM,BSE,STK,509966,INE710A01016,VSTIND,B,,,,,VST INDUSTRIES LTD.,263.30,263.30,259.00,260.65,260.75,260.70,,260.30,,,16032,4172777.00,456,F1,1,,,,,
2026-06-30,2026-06-30,CM,BSE,STK,510245,INE804A01025,SWASTIVI,X,,,,,SWASTI VINAYAKA SYNTHETICS LTD,3.81,3.89,3.67,3.74,3.80,3.80,,3.74,,,28848,108904.00,97,F1,1,,,,,
2026-06-30,2026-06-30,CM,BSE,STK,511000,INE856D01011,MADHUSE,X,,,,,MADHUSUDAN SECURITIES LTD.,16.99,17.54,16.66,17.29,17.20,16.99,,17.29,,,4966,84827.00,29,F1,1,,,,,
2026-06-30,2026-06-30,CM,BSE,STK,511012,INE457N01025,YAMNINV,XT,,,,,YAMINI INVESTMENTS COMPANY LTD,0.65,0.65,0.63,0.64,0.64,0.65,,0.64,,,261228,166014.00,260,F1,1,,,,,
2026-06-30,2026-06-30,CM,BSE,STK,511016,INE946K01023,PREMCAP,X,,,,,PREMIER CAPITAL SERVICES LTD.,5.35,5.35,4.88,4.88,4.88,5.11,,4.88,,,6434,31873.00,5,F1,1,,,,,
2026-06-30,2026-06-30,CM,BSE,STK,511018,INE679T01013,ZMILGFIN,X,,,,,MILGREY FINANCE & INVESTMENT L,44.47,44.90,43.27,44.09,44.67,43.69,,44.09,,,15723,690510.00,94,F1,1,,,,,
2026-06-30,2026-06-30,CM,BSE,STK,511034,INE742C01031,JINDRILL,B,,,,,JINDAL DRILLING & INDUSTRIES L,545.90,552.50,540.65,544.60,544.60,548.70,,544.70,,,8069,4391180.00,298,F1,1,,,,,
2026-06-30,2026-06-30,CM,BSE,STK,511066,INE302E01014,SAKTHIFIN,X,,,,,SAKTHI FINANCE LTD.,27.70,28.75,27.50,28.34,28.34,27.66,,28.34,,,3308,93144.00,62,F1,1,,,,,
2026-06-30,2026-06-30,CM,BSE,STK,511076,INE065D01027,AEROENTER,B,,,,,AEROFLEX ENTERPRISES LIMITED,143.67,144.50,139.25,141.15,140.78,142.25,,141.25,,,87387,12411428.00,727,F1,1,,,,,
2026-06-30,2026-06-30,CM,BSE,STK,511092,INE047E01031,JMDVL,X,,,,,JMD Ventures Limited,6.45,6.46,6.12,6.21,6.21,6.18,,6.21,,,6110,38283.00,32,F1,1,,,,,
2026-06-30,2026-06-30,CM,BSE,STK,511110,INE848D01018,VBDESAI,X,,,,,V.B.DESAI FINANCIAL SERVICES L,17.80,17.80,17.80,17.80,17.80,17.80,,17.80,,,2700,48060.00,12,F1,1,,,,,
2026-06-30,2026-06-30,CM,BSE,STK,511116,INE527B01020,QUADRANT,XT,,,,,QUADRANT TELEVENTURES LIMITED,0.41,0.41,0.40,0.40,0.40,0.42,,0.40,,,579790,233749.00,271,F1,1,,,,,
2026-06-30,2026-06-30,CM,BSE,STK,511122,INE609B01018,1STCUS,X,,,,,FIRST CUSTODIAN FUND (INDIA) L,72.50,72.50,72.00,72.00,72.00,69.09,,72.00,,,2,144.00,2,F1,1,,,,,
2026-06-30,2026-06-30,CM,BSE,STK,511131,INE344D01018,KAMANWALA,X,,,,,KAMANWALA HOUSING CONSTRUCTION,16.10,16.10,16.02,16.02,16.02,16.25,,16.02,,,101,1626.00,2,F1,1,,,,,
2026-06-30,2026-06-30,CM,BSE,STK,511147,INE549D01012,WSFX,X,,,,,WSFX Global Pay Limited,62.44,62.44,59.60,61.70,61.60,60.60,,61.70,,,7401,454648.00,61,F1,1,,,,,
2026-06-30,2026-06-30,CM,BSE,STK,511153,INE096I01021,ANJANIFOODS,X,,,,,Anjani Foods Limited,16.75,16.78,15.50,16.55,16.55,16.75,,16.55,,,1509,24845.00,33,F1,1,,,,,
2026-06-30,2026-06-30,CM,BSE,STK,511169,INE552N01023,RKDAGRRTL,XT,,,,,RKD AGRI AND RETAIL LIMITED,6.60,7.27,6.60,7.27,7.27,6.93,,7.27,,,2101,13934.00,3,F1,1,,,,,
2026-06-30,2026-06-30,CM,BSE,STK,511176,INE635I01018,PARSHWANA,X,,,,,PARSHWANATH CORPORATION LTD.,66.23,66.23,59.93,64.16,66.23,63.08,,64.16,,,279,17840.00,12,F1,1,,,,,
2026-06-30,2026-06-30,CM,BSE,STK,511187,INE570N01025,MILLENNIUM,X,,,,,Millennium Online Solutions (I,1.92,1.92,1.92,1.92,1.92,1.83,,1.92,,,27810,53395.00,10,F1,1,,,,,
2026-06-30,2026-06-30,CM,BSE,STK,511196,INE477A01020,CANFINHOME,A,,,,,CAN FIN HOMES LTD.,841.15,892.45,841.15,869.30,868.40,835.05,,868.00,,,124126,108732541.00,3124,F1,1,,,,,
2026-06-30,2026-06-30,CM,BSE,STK,511208,INE050B01023,IVC,B,,,,,IL&FS INVESTMENT MANAGERS LTD.,8.10,8.39,8.10,8.25,8.23,8.15,,8.24,,,23629,195914.00,214,F1,1,,,,,
2026-06-30,2026-06-30,CM,BSE,STK,511218,INE721A01047,SHRIRAMFIN,A,,,,,Shriram Finance Limited,1033.45,1047.50,1029.90,1042.60,1042.60,1032.95,,1042.15,,,355074,370078002.00,10296,F1,1,,,,,
2026-06-30,2026-06-30,CM,BSE,STK,511243,INE121A01024,CHOLAFIN,A,,,,,CHOLAMANDALAM INVESTMENT AND F,1777.10,1804.35,1770.50,1791.70,1791.70,1776.80,,1789.80,,,37615,67401901.00,3540,F1,1,,,,,
2026-06-30,2026-06-30,CM,BSE,STK,511246,INE910D01024,BOMTALKIES,X,,,,,BOMBAY TALKIES LIMITED,3.49,3.49,3.45,3.45,3.45,3.36,,3.45,,,41,142.00,2,F1,1,,,,,
2026-06-30,2026-06-30,CM,BSE,STK,511260,INE088P01015,ICONIKSPEV,X,,,,,ICONIK SPORTS AND EVENTS LIMIT,39.70,40.00,37.72,38.76,38.88,39.70,,38.76,,,29583,1124188.00,100,F1,1,,,,,
2026-06-30,2026-06-30,CM,BSE,STK,511333,INE709A01018,VLSFINANCE,B,,,,,VLS FINANCE LTD.,256.95,260.00,256.00,256.80,256.80,257.65,,257.59,,,1441,370225.00,62,F1,1,,,,,
2026-06-30,2026-06-30,CM,BSE,STK,511355,INE429D01017,INDCEMCAP,XT,,,,,INDIA CEMENTS CAPITAL LTD.,18.01,18.39,17.12,17.50,17.50,18.01,,17.50,,,15468,268492.00,51,F1,1,,,,,
2026-06-30,2026-06-30,CM,BSE,STK,511359,INE556D01017,ADMANUM,X,,,,,AD-MANUM FINANCE LTD.,58.03,62.49,58.00,59.42,61.50,57.84,,59.42,,,3631,217123.00,41,F1,1,,,,,
2026-06-30,2026-06-30,CM,BSE,STK,511391,INE661M01016,INTRGLB,X,,,,,INTER GLOBE FINANCE LTD.,73.00,73.00,69.90,69.96,69.96,73.39,,69.96,,,284,19864.00,11,F1,1,,,,,
2026-06-30,2026-06-30,CM,BSE,STK,511411,INE472C01027,SHRISTI,X,,,,,SHRISTI INFRASTRUCTURE DEVELOP,30.70,30.70,28.35,28.35,28.35,29.41,,28.35,,,1752,50688.00,11,F1,1,,,,,
2026-06-30,2026-06-30,CM,BSE,STK,511413,INE559D01011,CREST,B,,,,,CREST,400.00,400.00,375.10,377.90,375.15,372.15,,377.80,,,25259,9625388.00,26,F1,1,,,,,
2026-06-30,2026-06-30,CM,BSE,STK,511431,INE051B01021,VAKRANGEE,B,,,,,VAKRANGEE LIMITED,6.03,6.15,6.03,6.09,6.09,6.09,,6.10,,,155967,948147.00,461,F1,1,,,,,
2026-06-30,2026-06-30,CM,BSE,STK,511441,INE034B01019,GUJCRED,X,,,,,GUJARAT CREDIT CORPORATION LTD,22.00,22.00,22.00,22.00,22.00,22.00,,22.00,,,13,286.00,2,F1,1,,,,,
2026-06-30,2026-06-30,CM,BSE,STK,511447,INE706F01021,SYLPH,X,,,,,Sylph Industries Limited,0.25,0.26,0.24,0.25,0.26,0.25,,0.25,,,14163880,3502791.00,1389,F1,1,,,,,
2026-06-30,2026-06-30,CM,BSE,STK,511451,INE899D01011,DHARFIN,X,,,,,DHARANI FINANCE LTD.,16.23,16.23,15.99,16.23,16.23,15.46,,16.23,,,8798,142781.00,19,F1,1,,,,,
2026-06-30,2026-06-30,CM,BSE,STK,511463,INE191N01012,ALEXANDER,X,,,,,Alexander Stamps And Coin Limi,7.50,7.79,7.50,7.51,7.51,7.80,,7.51,,,9974,76102.00,26,F1,1,,,,,
2026-06-30,2026-06-30,CM,BSE,STK,511473,INE841B01017,INDBANK,B,,,,,INDBANK MERCHANT BANKING SERVI,33.50,33.95,33.45,33.46,33.58,33.49,,33.37,,,7728,259855.00,144,F1,1,,,,,
2026-06-30,2026-06-30,CM,BSE,STK,511493,INE488C01015,SHRYDUS,X,,,,,SHRYDUS INDUSTRIES LIMITED,3.98,4.50,3.85,4.33,4.33,3.94,,4.33,,,144295,605797.00,105,F1,1,,,,,
2026-06-30,2026-06-30,CM,BSE,STK,511501,INE900A01013,BHARAT,X,,,,,Bharat Bhushan Finance & Commo,23.80,24.39,23.05,24.34,24.34,23.94,,24.34,,,1064,25316.00,25,F1,1,,,,,
2026-06-30,2026-06-30,CM,BSE,STK,511505,INE707C01018,CAPTRUST,T,,,,,CAPITAL TRUST LTD.,12.40,12.40,12.32,12.32,12.32,12.40,,12.37,,,1709,21060.00,4,F1,1,,,,,
2026-06-30,2026-06-30,CM,BSE,STK,511507,INE697C01011,USHAKIRA,X,,,,,USHAKIRAN FINANCE LTD.,34.81,34.81,34.81,34.81,34.81,33.16,,34.81,,,120,4177.00,4,F1,1,,,,,
2026-06-30,2026-06-30,CM,BSE,STK,511509,INE380K01017,VIVOBIOT,X,,,,,VIVO BIO TECH LTD.,23.94,23.94,23.11,23.89,23.89,23.51,,23.89,,,7348,173936.00,58,F1,1,,,,,
2026-06-30,2026-06-30,CM,BSE,STK,511523,INE882C01035,VEERHEALTH,X,,,,,VEERHEALTH CARE LIMITED,32.40,32.50,31.00,32.48,32.49,32.25,,32.48,,,316256,10219608.00,378,F1,1,,,,,
2026-06-30,2026-06-30,CM,BSE,STK,511525,INE376A01032,PANINDIAC,X,,,,,PAN INDIA CORPORATION LTD.,1.85,1.85,1.66,1.80,1.80,1.81,,1.80,,,51608,93436.00,123,F1,1,,,,,
2026-06-30,2026-06-30,CM,BSE,STK,511533,INE135C01012,SAHARAHOUS,X,,,,,SAHARA HOUSINGFINA CORPORATION,39.00,40.00,37.63,38.02,38.02,39.00,,38.02,,,5051,192564.00,58,F1,1,,,,,
2026-06-30,2026-06-30,CM,BSE,STK,511535,INE026C01013,NDASEC,X,,,,,NDA SECURITIES LTD.,30.25,30.25,29.71,29.71,29.71,29.72,,29.71,,,1855,55181.00,9,F1,1,,,,,
2026-06-30,2026-06-30,CM,BSE,STK,511539,INE533B01028,SUPRATRE,X,,,,,Supra Trends Limited,15.30,15.30,13.88,15.28,15.28,14.61,,15.28,,,1017,15396.00,6,F1,1,,,,,
2026-06-30,2026-06-30,CM,BSE,STK,511543,INE777C01011,GSBFIN,X,,,,,GSB FINANCE LTD.,34.00,34.64,32.01,33.00,33.00,34.65,,33.00,,,296,9840.00,25,F1,1,,,,,
2026-06-30,2026-06-30,CM,BSE,STK,511549,INE367A01015,MORARKFI,X,,,,,MORARKA FINANCE LTD.,68.80,68.80,63.00,63.43,63.50,64.39,,63.43,,,2023,128411.00,58,F1,1,,,,,
2026-06-30,2026-06-30,CM,BSE,STK,511551,INE903D01011,MONARCH,B,,,,,Monarch Networth Capital Limit,340.45,341.20,334.95,335.35,335.40,341.65,,336.70,,,2475,831852.00,80,F1,1,,,,,
2026-06-30,2026-06-30,CM,BSE,STK,511557,INE732K01027,PROFINC,Z,,,,,PRO FIN CAPITAL SERVICES LTD.,2.78,2.87,2.68,2.80,2.80,2.81,,2.80,,,1089960,3013922.00,403,F1,1,,,,,
2026-06-30,2026-06-30,CM,BSE,STK,511559,INE289C01025,TEAMGTY,B,,,,,TEAM INDIA GUARANTY LIMITED,239.00,239.00,239.00,239.00,239.00,240.30,,239.20,,,1,239.00,1,F1,1,,,,,
2026-06-30,2026-06-30,CM,BSE,STK,511571,INE754C01010,CRESCENTIS,X,,,,,Crescentis Capital Limited,119.75,119.75,112.70,114.60,114.60,115.55,,114.60,,,10911,1261906.00,49,F1,1,,,,,
2026-06-30,2026-06-30,CM,BSE,STK,511585,INE425F01028,BEFOUNDMOL,X,,,,,BEFOUND MOVEMENT LIMITED,3.01,3.16,3.01,3.16,3.16,3.01,,3.16,,,24,72.00,4,F1,1,,,,,
2026-06-30,2026-06-30,CM,BSE,STK,511589,INE323B01024,AVONMORE,B,,,,,AVONMORE CAPITAL & MANAGEMENT,10.04,10.54,10.04,10.30,10.37,10.24,,10.26,,,7190,73506.00,69,F1,1,,,,,
2026-06-30,2026-06-30,CM,BSE,STK,511593,INE212B01011,LIBORDFIN,X,,,,,LIBORD FINANCE LTD,16.85,16.85,16.48,16.48,16.48,16.90,,16.48,,,267,4400.00,6,F1,1,,,,,
2026-06-30,2026-06-30,CM,BSE,STK,511601,INE216B01012,YASHMGM,X,,,,,YASH MANAGEMENT & SATELLITE LT,9.59,9.86,9.41,9.43,9.79,9.55,,9.43,,,917,8710.00,15,F1,1,,,,,
2026-06-30,2026-06-30,CM,BSE,STK,511605,INE420B01036,ARIHANTCAP,B,,,,,ARIHANT CAPITAL MARKETS LTD.,70.16,70.16,67.75,68.75,68.75,68.57,,68.26,,,5201,356255.00,33,F1,1,,,,,
2026-06-30,2026-06-30,CM,BSE,STK,511609,INE569B01022,ISLCONSUL,X,,,,,ISL CONSULTING LTD.,20.35,21.25,20.25,21.25,21.25,21.59,,21.25,,,100,2123.00,3,F1,1,,,,,
2026-06-30,2026-06-30,CM,BSE,STK,511611,INE891B01012,DCMFINSERV,T,,,,,DCM FINANCIAL SERVICES LTD.,5.50,5.50,5.50,5.50,5.50,5.52,,5.50,,,1654,9097.00,6,F1,1,,,,,
2026-06-30,2026-06-30,CM,BSE,STK,511626,INE229D01011,RRFIN,X,,,,,RR FINANCIAL CONSULTANTS LTD.,91.44,91.44,91.44,91.44,91.44,87.09,,91.44,,,1336,122163.00,23,F1,1,,,,,
2026-06-30,2026-06-30,CM,BSE,STK,511628,INE417D01020,FEDDERSHOL,B,,,,,FEDDERS HOLDING LIMITED,40.90,41.90,39.90,40.38,39.90,41.06,,40.28,,,40598,1660580.00,221,F1,1,,,,,
2026-06-30,2026-06-30,CM,BSE,STK,511630,INE699B01027,SAMBHAAV,B,,,,,SAMBHAAV MEDIA LTD.,6.30,6.59,6.25,6.26,6.26,6.64,,6.29,,,14827,93714.00,48,F1,1,,,,,
2026-06-30,2026-06-30,CM,BSE,STK,511636,INE234E01027,DJSSS,X,,,,,DJS STOCK & SHARES LTD.,1.86,1.90,1.81,1.87,1.90,1.86,,1.87,,,57384,105075.00,53,F1,1,,,,,
2026-06-30,2026-06-30,CM,BSE,STK,511654,INE309D01011,SUGALDAM,X,,,,,SUGAL & DAMANI SHARE BROKERS L,59.00,59.00,56.42,56.42,56.42,59.44,,56.42,,,72,4113.00,5,F1,1,,,,,
2026-06-30,2026-06-30,CM,BSE,STK,511658,INE027D01019,NETTLINX,X,,,,,NETTLINX LTD.,16.40,16.95,15.21,16.03,16.00,16.37,,16.03,,,3659,59327.00,55,F1,1,,,,,
2026-06-30,2026-06-30,CM,BSE,STK,511664,INE443D01018,BGIL,X,,,,,BGIL FILMS & TECHNOLOGIES LTD.,9.75,9.83,9.21,9.62,9.63,9.37,,9.62,,,73509,708726.00,183,F1,1,,,,,
2026-06-30,2026-06-30,CM,BSE,STK,511672,INE099G01011,SCANSTL,B,,,,,Scan Steels Limited,39.50,39.98,39.30,39.93,39.95,38.64,,39.90,,,4401,175244.00,121,F1,1,,,,,
2026-06-30,2026-06-30,CM,BSE,STK,511676,INE289B01019,GICHSGFIN,B,,,,,GIC HOUSING FINANCE LTD.,156.50,156.50,150.30,152.15,153.00,154.55,,152.44,,,10507,1596622.00,241,F1,1,,,,,
2026-06-30,2026-06-30,CM,BSE,STK,511692,INE759C01027,AJCON,X,,,,,AJCON GLOBAL SERVICES LTD.,6.17,6.17,5.90,6.00,6.00,5.95,,6.00,,,950,5678.00,20,F1,1,,,,,
2026-06-30,2026-06-30,CM,BSE,STK,511700,INE625D01028,STANCAP,X,,,,,STANDARD CAPITAL MARKETS LTD.,0.39,0.39,0.38,0.39,0.39,0.39,,0.39,,,3147746,1215306.00,671,F1,1,,,,,
2026-06-30,2026-06-30,CM,BSE,STK,511702,INE290E01011,YOGI,X,,,,,YOGI LIMITED,174.85,174.85,169.00,171.50,173.15,171.85,,171.50,,,38115,6537194.00,22,F1,1,,,,,
2026-06-30,2026-06-30,CM,BSE,STK,511710,INE717D01023,CUBIFIN,XT,,,,,CUBICAL FINANCIAL SERVICES LTD,3.58,3.58,3.58,3.58,3.58,3.65,,3.58,,,9998,35792.00,28,F1,1,,,,,
2026-06-30,2026-06-30,CM,BSE,STK,511712,INE452B01013,RELICTEC,X,,,,,RELIC TECHNOLOGIES LTD.,67.64,67.64,60.50,63.50,63.50,67.97,,63.50,,,487,32780.00,17,F1,1,,,,,
2026-06-30,2026-06-30,CM,BSE,STK,511714,INE875B01015,NIMBSPROJ,T,,,,,NIMBUS PROJECTS LTD.,213.90,213.90,213.90,213.90,213.90,225.15,,204.07,,,19,4064.00,2,F1,1,,,,,
2026-06-30,2026-06-30,CM,BSE,STK,511716,INE359A01012,INVIGO,X,,,,,Invigorated Business Consultin,6.02,6.95,6.01,6.23,6.95,6.37,,6.23,,,46750,311853.00,44,F1,1,,,,,
2026-06-30,2026-06-30,CM,BSE,STK,511724,INE020D01022,BAIDFIN,B,,,,,BAID FINSERV LIMITED,9.77,10.09,9.70,9.95,9.95,10.00,,9.94,,,5735,56576.00,38,F1,1,,,,,
2026-06-30,2026-06-30,CM,BSE,STK,511726,INE946H01037,VIPULLTD,B,,,,,VIPUL LTD.,13.17,14.30,13.17,14.30,14.30,13.62,,14.28,,,118141,1686982.00,311,F1,1,,,,,
2026-06-30,2026-06-30,CM,BSE,STK,511728,INE006C01015,KZLFIN,X,,,,,K.Z.LEASING & FINANCE LTD.,19.52,19.52,19.52,19.52,19.52,19.43,,19.52,,,5,97.00,1,F1,1,,,,,
2026-06-30,2026-06-30,CM,BSE,STK,511740,INE239B01014,RFL,XT,,,,,RUPAREL FOOD PRODUCTS LIMITED,140.70,140.70,140.70,140.70,140.70,134.00,,140.70,,,1,140.00,1,F1,1,,,,,
2026-06-30,2026-06-30,CM,BSE,STK,511742,INE583D01011,UGROCAP,B,,,,,UGRO CAPITAL LIMITED,108.90,108.90,96.53,97.00,96.90,97.04,,97.01,,,4785,466002.00,96,F1,1,,,,,
2026-06-30,2026-06-30,CM,BSE,STK,511754,INE861D01011,SAHLIBHFI,B,,,,,SHALIBHADRA FINANCE LTD.,81.65,81.65,78.00,79.78,79.50,80.01,,80.39,,,1264,100847.00,264,F1,1,,,,,
2026-06-30,2026-06-30,CM,BSE,STK,511756,INE195I01013,ABIRAFN,Z,,,,,ABIRAMI FINANCIAL SERVICES (IN,32.05,32.05,32.00,32.00,32.00,32.98,,32.00,,,16,512.00,4,F1,1,,,,,
2026-06-30,2026-06-30,CM,BSE,STK,511764,INE819K01014,AASTAFIN,X,,,,,Aastamangalam Finance Limited,34.24,35.62,32.35,33.67,34.50,34.07,,33.67,,,473,15915.00,13,F1,1,,,,,
2026-06-30,2026-06-30,CM,BSE,STK,511766,INE296G01013,MUTHOOTCAP,B,,,,,MUTHOOT CAPITAL SERVICES LTD.,199.00,202.95,199.00,202.00,202.00,199.10,,203.08,,,253,50804.00,31,F1,1,,,,,
2026-06-30,2026-06-30,CM,BSE,STK,511768,INE677D01037,MASTERTR,B,,,,,MASTER TRUST LTD.,74.71,75.75,74.70,75.28,75.44,76.23,,75.29,,,3310,248599.00,107,F1,1,,,,,
2026-06-30,2026-06-30,CM,BSE,STK,512008,INE886D01026,EFCIL,B,,,,,EFC (I) LIMITED,185.95,189.40,183.05,188.35,187.30,184.45,,188.31,,,28533,5338589.00,263,F1,1,,,,,
2026-06-30,2026-06-30,CM,BSE,STK,512014,INE754D01018,SOBME,X,,,,,SOBHAGYA MERCHANTILE LTD.,888.00,910.00,878.65,894.95,893.00,890.00,,894.95,,,470,422082.00,26,F1,1,,,,,
2026-06-30,2026-06-30,CM,BSE,STK,512018,INE135H01029,TTGIL,X,,,,,TOMORROW TECHNOLOGIES GLOBAL I,8.48,8.60,8.27,8.30,8.29,8.26,,8.30,,,44261,372778.00,56,F1,1,,,,,
2026-06-30,2026-06-30,CM,BSE,STK,512020,INE967G01019,ZSARACOM,B,,,,,SARASWATI COMMERCIAL (INDIA) L,9195.00,9195.00,8924.00,9000.00,9000.00,9191.00,,9057.50,,,6,54300.00,6,F1,1,,,,,
2026-06-30,2026-06-30,CM,BSE,STK,512025,INE767M01029,ASGARD,X,,,,,ASGARD ALCOBEV LIMITED,34.70,34.70,33.20,33.58,33.60,33.84,,33.58,,,28170,945572.00,130,F1,1,,,,,
2026-06-30,2026-06-30,CM,BSE,STK,512026,INE603D01017,VEGA,XT,,,,,VEGA JEWELLERS LIMITED,61.95,61.95,61.95,61.95,61.95,61.95,,61.95,,,225,13938.00,1,F1,1,,,,,
2026-06-30,2026-06-30,CM,BSE,STK,512036,INE393H01016,SKYBIOTECH,XT,,,,,SKYBIOTECH HEALTHCARE LIMITED,205.95,205.95,191.85,191.85,191.85,201.90,,191.85,,,123,25317.00,2,F1,1,,,,,
2026-06-30,2026-06-30,CM,BSE,STK,512038,INE887D01016,TCC,B,,,,,TCC CONCEPT LIMITED,317.00,327.05,317.00,322.35,320.50,317.70,,321.90,,,665,214039.00,31,F1,1,,,,,
2026-06-30,2026-06-30,CM,BSE,STK,512047,INE510H01015,ROYALIND,XT,,,,,ROYAL INDIA CORPORATION LIMITE,6.09,6.09,5.77,5.90,5.90,6.03,,5.90,,,48243,282487.00,116,F1,1,,,,,
2026-06-30,2026-06-30,CM,BSE,STK,512048,INE195E01020,DHANSAFAL,X,,,,,DHANSAFAL FINSERVE LIMITED,2.42,2.56,2.40,2.49,2.49,2.42,,2.49,,,159385,397358.00,86,F1,1,,,,,
2026-06-30,2026-06-30,CM,BSE,STK,512062,INE896J01014,TANDHANIN,XT,,,,,TANDHAN INDUSTRIES LIMITED,144.75,144.75,144.75,144.75,144.75,141.95,,144.75,,,91,13172.00,3,F1,1,,,,,
2026-06-30,2026-06-30,CM,BSE,STK,512064,INE762D01011,VISVEN,X,,,,,VISHVPRABHA VENTURES LIMITED,41.00,43.71,41.00,43.47,43.47,39.74,,43.47,,,56,2321.00,6,F1,1,,,,,
2026-06-30,2026-06-30,CM,BSE,STK,512065,INE738D01029,MRUTR,XT,,,,,MRUGESH TRADING LTD.,55.81,55.81,55.81,55.81,55.81,54.72,,55.81,,,151,8427.00,1,F1,1,,,,,
2026-06-30,2026-06-30,CM,BSE,STK,512068,INE945F01025,DECNGOLD,B,,,,,DECCAN GOLD MINES LTD.,199.90,204.95,196.35,198.15,198.15,195.35,,198.21,,,251561,50472883.00,2831,F1,1,,,,,
2026-06-30,2026-06-30,CM,BSE,STK,512070,INE628A01036,UPL,A,,,,,UPL LIMITED,577.40,579.90,565.00,571.30,572.00,568.40,,571.20,,,101508,57806144.00,2243,F1,1,,,,,
2026-06-30,2026-06-30,CM,BSE,STK,512093,INE234B01023,CRANESSOFT,Z,,,,,CRANES SOFTWARE INTERNATIONAL,3.58,3.68,3.57,3.68,3.68,3.57,,3.68,,,9974,36177.00,37,F1,1,,,,,
2026-06-30,2026-06-30,CM,BSE,STK,512097,INE092G01024,SAICOM,X,,,,,SAIANAND COMMERCIAL LIMITED,0.22,0.23,0.22,0.23,0.23,0.22,,0.23,,,184955,41990.00,47,F1,1,,,,,
2026-06-30,2026-06-30,CM,BSE,STK,512099,INE750G01019,EY,XT,,,,,EYANTRA VENTURES LIMITED,693.00,693.00,680.00,680.00,680.00,660.00,,680.00,,,2,1373.00,2,F1,1,,,,,
2026-06-30,2026-06-30,CM,BSE,STK,512103,INE276H01013,NIDHGRN,XT,,,,,NIDHI GRANITES LTD.,383.00,383.00,360.00,362.65,362.65,365.00,,362.65,,,11,4087.00,8,F1,1,,,,,
2026-06-30,2026-06-30,CM,BSE,STK,512115,INE649C01012,ROSEMER,X,,,,,ROSE MERC.LTD.,63.89,66.84,57.01,61.16,61.16,64.22,,61.16,,,3963,242621.00,85,F1,1,,,,,
2026-06-30,2026-06-30,CM,BSE,STK,512131,INE529F01035,SIGIND,B,,,,,SIGNET INDUSTRIES LIMITED,47.70,49.23,46.47,48.73,48.74,47.16,,48.26,,,53,2520.00,9,F1,1,,,,,
2026-06-30,2026-06-30,CM,BSE,STK,512149,INE758A01072,AVANCE,X,,,,,AVANCE TECHNOLOGIES LTD.,0.94,0.94,0.92,0.92,0.92,0.94,,0.92,,,13005543,12073823.00,2496,F1,1,,,,,
2026-06-30,2026-06-30,CM,BSE,STK,512161,INE650K01021,SECURKLOUD,B,,,,,SECUREKLOUD TECHNOLOGIES LIMIT,19.21,19.87,18.41,19.33,19.69,19.08,,19.09,,,2594,50085.00,44,F1,1,,,,,
2026-06-30,2026-06-30,CM,BSE,STK,512165,INE365O01028,ABANSENT,T,,,,,ABANS ENTERPRISES LTD,28.15,29.40,27.15,28.40,28.40,28.15,,28.63,,,5725,163558.00,20,F1,1,,,,,
2026-06-30,2026-06-30,CM,BSE,STK,512169,INE968E01012,CAPRICORN,X,,,,,CAPRICORN SYSTEMS GLOBAL SOLUT,14.79,14.79,14.79,14.79,14.79,14.09,,14.79,,,275121,4069039.00,27,F1,1,,,,,
2026-06-30,2026-06-30,CM,BSE,STK,512175,INE685D01022,VAMA,X,,,,,VAMA INDUSTRIES LTD.,3.67,3.75,3.58,3.63,3.69,3.66,,3.63,,,22246,81269.00,93,F1,1,,,,,
2026-06-30,2026-06-30,CM,BSE,STK,512179,INE805D01034,SUNTECK,A,,,,,SUNTECK REALTY LTD.,318.85,320.20,310.05,311.00,310.10,315.40,,310.75,,,10936,3437963.00,376,F1,1,,,,,
2026-06-30,2026-06-30,CM,BSE,STK,512197,INE798C01017,SILVERO,Z,,,,,SILVER OAK COMMERCIAL LTD.,5.52,5.60,5.52,5.52,5.52,5.52,,5.52,,,168,927.00,8,F1,1,,,,,
2026-06-30,2026-06-30,CM,BSE,STK,512217,INE730E01016,PRISMMEDI,XT,,,,,PRISM MEDICO AND PHARMACY LTD.,29.50,29.50,27.27,29.00,29.00,28.70,,29.00,,,27478,762028.00,36,F1,1,,,,,
2026-06-30,2026-06-30,CM,BSE,STK,512229,INE379J01029,VERITAS,XT,,,,,VERITAS (INDIA) LTD.,176.20,176.20,169.30,171.25,171.25,172.75,,171.25,,,3952,672841.00,62,F1,1,,,,,
2026-06-30,2026-06-30,CM,BSE,STK,512237,INE070D01027,JAICORPLTD,B,,,,,JAI CORP LTD.,114.45,114.65,112.90,114.00,114.30,113.60,,114.23,,,21893,2491360.00,268,F1,1,,,,,
2026-06-30,2026-06-30,CM,BSE,STK,512247,INE894A01026,ASHCAP,X,,,,,ASHIRWAD CAPITAL LTD.,2.79,2.79,2.70,2.73,2.76,2.74,,2.73,,,35308,97061.00,215,F1,1,,,,,
2026-06-30,2026-06-30,CM,BSE,STK,512257,INE895A01023,SVARTCORP,X,,,,,SWASTI VINAYAKA ART AND HERITA,3.72,3.79,3.62,3.73,3.70,3.62,,3.73,,,62245,232717.00,134,F1,1,,,,,
2026-06-30,2026-06-30,CM,BSE,STK,512267,INE200D01020,MMWL,T,,,,,MEDIA MATRIX WORLDWIDE LTD.,13.59,13.87,13.00,13.11,13.05,13.65,,13.50,,,6266,82947.00,26,F1,1,,,,,
2026-06-30,2026-06-30,CM,BSE,STK,512277,INE340U01010,AUTOINT,X,,,,,AUTORIDERS INTERNATIONAL LTD.,321.15,328.00,321.15,327.75,327.75,327.70,,327.75,,,59,19114.00,14,F1,1,,,,,
2026-06-30,2026-06-30,CM,BSE,STK,512296,INE458B01036,BHAGYANGR,T,,,,,BHAGYANAGAR INDIA LTD.,418.85,432.20,406.05,431.45,431.45,411.65,,431.75,,,22191,9491829.00,550,F1,1,,,,,
2026-06-30,2026-06-30,CM,BSE,STK,512301,INE417N01011,CHMBBRW,XT,,,,,CHAMBAL BREWERIES & DISTILLERI,23.86,23.86,23.80,23.80,23.80,23.40,,23.80,,,4525,107965.00,5,F1,1,,,,,
2026-06-30,2026-06-30,CM,BSE,STK,512329,INE385F01024,SGMART,B,,,,,SG MART LIMITED,588.60,596.45,577.55,591.05,595.00,587.55,,590.95,,,2846,1665806.00,209,F1,1,,,,,
2026-06-30,2026-06-30,CM,BSE,STK,512344,INE068C01015,ARAVALIS,X,,,,,ARAVALI SECURITIES & FINANCE L,4.50,4.70,4.31,4.70,4.70,4.50,,4.70,,,1127,5151.00,13,F1,1,,,,,
2026-06-30,2026-06-30,CM,BSE,STK,512345,INE745A01012,LEXGLOBAL,XT,,,,,LEXORA GLOBAL LIMITED,180.50,180.50,180.50,180.50,180.50,171.95,,180.50,,,11,1985.00,2,F1,1,,,,,
2026-06-30,2026-06-30,CM,BSE,STK,512361,INE108G01010,CUPIDALBV,XT,,,,,CUPID BREWERIES AND DISTILLERI,31.00,32.49,29.50,29.87,30.70,30.99,,29.87,,,75562,2312268.00,385,F1,1,,,,,
2026-06-30,2026-06-30,CM,BSE,STK,512379,INE716D01033,CRSL,X,,,,,CRESSANDA RAILWAY SOLUTIONS LI,2.48,2.48,2.40,2.42,2.42,2.43,,2.42,,,468267,1135021.00,492,F1,1,,,,,
2026-06-30,2026-06-30,CM,BSE,STK,512381,INE992I01013,STARTECK,B,,,,,STARTECK FINANCE LIMITED,285.00,286.00,281.25,282.80,283.00,283.70,,284.40,,,4259,1210589.00,27,F1,1,,,,,
2026-06-30,2026-06-30,CM,BSE,STK,512399,INE017I01027,SERA,X,,,,,SERA INVESTMENTS & FINANCE IND,40.11,41.99,40.11,40.76,40.44,40.09,,40.76,,,25851,1072531.00,82,F1,1,,,,,
2026-06-30,2026-06-30,CM,BSE,STK,512415,INE319T01016,MERCTRD,X,,,,,MERCURY TRADE LINKS LTD.,5.20,5.28,5.05,5.26,5.27,5.10,,5.26,,,48738,253074.00,68,F1,1,,,,,
2026-06-30,2026-06-30,CM,BSE,STK,512425,INE242B01018,NIRAVCOM,X,,,,,NIRAV COMMERCIALS LTD.,759.00,759.00,759.00,759.00,759.00,768.90,,759.00,,,26,19734.00,2,F1,1,,,,,
2026-06-30,2026-06-30,CM,BSE,STK,512437,INE412D01013,APOLLOFI,X,,,,,APOLLO FINVEST (INDIA) LTD.,340.00,342.95,325.00,326.60,327.00,335.20,,326.60,,,249,82497.00,31,F1,1,,,,,
2026-06-30,2026-06-30,CM,BSE,STK,512441,INE993I01029,ENBETRD,X,,,,,Enbee Trade &amp; Finance Ltd,0.24,0.26,0.23,0.25,0.25,0.24,,0.25,,,22439701,5525429.00,1178,F1,1,,,,,
2026-06-30,2026-06-30,CM,BSE,STK,512443,INE162L01017,GANONPRO,X,,,,,Ganon Products Limited,13.17,13.32,12.60,13.23,13.31,13.19,,13.23,,,17946,234077.00,66,F1,1,,,,,
2026-06-30,2026-06-30,CM,BSE,STK,512453,INE564J01026,SHRJAGP,X,,,,,SHRI JAGDAMBA POLYMERS LTD.,603.00,603.00,583.00,599.90,599.90,588.35,,599.90,,,207,123358.00,18,F1,1,,,,,
2026-06-30,2026-06-30,CM,BSE,STK,512455,INE281B01032,LLOYDSME,A,,,,,LLOYDS METALS AND ENERGY LTD.,1807.15,1824.70,1787.70,1810.80,1810.80,1805.85,,1810.40,,,22341,40283375.00,1895,F1,1,,,,,
2026-06-30,2026-06-30,CM,BSE,STK,512463,INE080I01025,LLOYDSENT,A,,,,,LLOYDS ENTERPRISES LIMITED,74.91,76.09,73.45,73.83,73.83,75.31,,73.82,,,214831,16052676.00,1420,F1,1,,,,,
2026-06-30,2026-06-30,CM,BSE,STK,512477,INE765L01017,BETXIND,X,,,,,BETEX INDIA LTD.,525.00,525.00,453.00,488.90,489.40,484.00,,488.90,,,267,129490.00,24,F1,1,,,,,
2026-06-30,2026-06-30,CM,BSE,STK,512489,INE876A01023,OASISEC,XT,,,,,OASIS SECURITIES LTD.,11.84,11.86,11.20,11.50,11.27,11.30,,11.50,,,17675,206628.00,61,F1,1,,,,,
2026-06-30,2026-06-30,CM,BSE,STK,512493,INE590B01010,GARNETINT,X,,,,,GARNET INTERNATIONAL LTD.,68.00,68.00,65.55,67.95,68.00,67.54,,67.95,,,11680,792088.00,84,F1,1,,,,,
2026-06-30,2026-06-30,CM,BSE,STK,512499,INE435E01020,SHALPRO,X,,,,,SHALIMAR PRODUCTIONS LTD.,0.27,0.28,0.27,0.27,0.27,0.28,,0.27,,,11457069,3094022.00,593,F1,1,,,,,
2026-06-30,2026-06-30,CM,BSE,STK,512519,INE668D01028,DONEAR,B,,,,,DONEAR INDUSTRIES LTD.,87.93,89.45,85.95,86.00,85.95,87.18,,85.86,,,1387,121414.00,95,F1,1,,,,,
2026-06-30,2026-06-30,CM,BSE,STK,512527,INE091C01017,SUPER,X,,,,,SUPER SALES INDIA LTD.,840.00,850.00,840.00,842.00,842.00,848.80,,842.00,,,225,189471.00,11,F1,1,,,,,
2026-06-30,2026-06-30,CM,BSE,STK,512529,INE807F01027,VIYASH,B,,,,,VIYASH SCIENTIFIC LIMITED,271.05,278.50,266.60,276.70,277.30,269.75,,276.75,,,100273,27377898.00,926,F1,1,,,,,
2026-06-30,2026-06-30,CM,BSE,STK,512531,INE655A01013,STCINDIA,B,,,,,STATE TRADING CORPORATION OF I,128.40,133.05,127.25,127.30,127.25,128.10,,127.27,,,2625,339238.00,112,F1,1,,,,,
2026-06-30,2026-06-30,CM,BSE,STK,512559,INE080B01012,KOHINOOR,B,,,,,KOHINOOR FOODS LTD.,24.04,26.83,24.04,25.30,25.35,25.17,,25.38,,,1094,27760.00,193,F1,1,,,,,
2026-06-30,2026-06-30,CM,BSE,STK,512573,INE871C01038,AVANTIFEED,A,,,,,AVANTI FEEDS LTD.,944.25,944.25,920.50,932.90,933.00,934.65,,932.40,,,18899,17580076.00,670,F1,1,,,,,
2026-06-30,2026-06-30,CM,BSE,STK,512587,INE077B01018,ZODJRDMKJ,X,,,,,ZODIAC-JRD-MKJ LTD.,35.03,35.03,32.90,33.24,33.24,34.50,,33.24,,,37659,1276620.00,131,F1,1,,,,,
2026-06-30,2026-06-30,CM,BSE,STK,512589,INE579D01019,SITAENT,X,,,,,SITA ENTERPRISES LTD.,135.00,149.40,135.00,144.10,144.10,143.50,,144.10,,,1217,175047.00,39,F1,1,,,,,
2026-06-30,2026-06-30,CM,BSE,STK,512591,INE183U01022,PULSRIN,X,,,,,PULSAR INTERNATIONAL LTD.,0.55,0.55,0.53,0.54,0.54,0.54,,0.54,,,2532804,1369588.00,1217,F1,1,,,,,
2026-06-30,2026-06-30,CM,BSE,STK,512595,INE348N01042,MANBRO,X,,,,,Manbro Industries Limited,56.78,57.90,53.88,54.12,54.12,56.71,,54.12,,,273378,15446019.00,528,F1,1,,,,,
2026-06-30,2026-06-30,CM,BSE,STK,512597,INE681C01015,KEYFINSERV,B,,,,,KEYNOTE FINANCIAL SERVICES LIM,249.90,262.80,248.50,250.90,250.60,242.80,,249.75,,,633,158447.00,16,F1,1,,,,,
2026-06-30,2026-06-30,CM,BSE,STK,512599,INE423A01024,ADANIENT,A,,,,,ADANI ENTERPRISES LTD.,2989.90,3054.50,2970.00,3036.10,3036.10,2963.55,,3036.00,,,131340,395399167.00,6705,F1,1,,,,,
2026-06-30,2026-06-30,CM,BSE,STK,512600,INE307N01014,ASTALLTD,X,,,,,ASTAL LABORATORIES LIMITED,86.22,89.90,86.22,88.96,89.50,87.58,,88.96,,,33637,2965592.00,209,F1,1,,,,,
2026-06-30,2026-06-30,CM,BSE,STK,512604,INE772B01014,HARIAEXPO,X,,,,,HARIA EXPORTS LTD.,6.30,6.50,6.30,6.50,6.50,6.28,,6.50,,,521,3386.00,4,F1,1,,,,,
2026-06-30,2026-06-30,CM,BSE,STK,512608,INE474E01029,BHANDARI,T,,,,,BHANDARI HOSIERY EXPORTS LTD.,3.04,3.05,2.90,2.92,2.95,3.00,,2.93,,,54249,160686.00,90,F1,1,,,,,
2026-06-30,2026-06-30,CM,BSE,STK,512618,INE629C01014,RLF,X,,,,,RLF LTD.,10.50,10.55,9.84,9.87,9.85,10.29,,9.87,,,1521,15014.00,11,F1,1,,,,,
2026-06-30,2026-06-30,CM,BSE,STK,512624,INE769D01016,REGENTRP,X,,,,,Regent Enterprises Limited,5.23,5.33,4.56,4.89,4.88,5.23,,4.89,,,96566,482144.00,140,F1,1,,,,,
2026-06-30,2026-06-30,CM,BSE,STK,512626,INE231G01010,ORBTEXP,T,,,,,ORBIT EXPORTS LTD.,228.00,229.00,214.75,218.20,226.30,226.05,,219.90,,,3009,647396.00,57,F1,1,,,,,
2026-06-30,2026-06-30,CM,BSE,STK,512634,INE104E01014,SAVERA,X,,,,,SAVERA INDUSTRIES LTD.,164.00,164.00,153.00,157.65,157.00,157.50,,157.65,,,124,19563.00,17,F1,1,,,,,
2026-06-30,2026-06-30,CM,BSE,STK,513005,INE114E01013,CHROME,X,,,,,Chrome Silicon Limited,38.51,40.65,37.50,38.26,38.25,38.24,,38.26,,,3860,148298.00,32,F1,1,,,,,
2026-06-30,2026-06-30,CM,BSE,STK,513023,INE725A01030,NAVA,A,,,,,NAVA LIMITED,600.60,618.35,600.55,606.35,609.05,598.75,,606.45,,,13871,8398071.00,455,F1,1,,,,,
2026-06-30,2026-06-30,CM,BSE,STK,513043,INE158G01015,REMIEDEL,X,,,,,REMI EDELSTAHL TUBULARS LIMITE,183.90,183.90,172.00,176.45,176.45,171.95,,176.45,,,308,54200.00,32,F1,1,,,,,
2026-06-30,2026-06-30,CM,BSE,STK,513059,INE736H01024,GSAUTO,X,,,,,G.S.AUTO INTERNATIONAL LTD.,14.37,14.99,14.06,14.13,14.10,14.13,,14.13,,,12173,174446.00,68,F1,1,,,,,
2026-06-30,2026-06-30,CM,BSE,STK,513063,INE360D01014,TRANSFRE,X,,,,,TRANS-FREIGHT CONTAINERS LTD.,20.21,21.48,20.20,21.02,21.00,20.02,,21.02,,,108,2299.00,12,F1,1,,,,,
2026-06-30,2026-06-30,CM,BSE,STK,513097,INE386D01027,SBCL,B,,,,,SHIVALIK BIMETAL CONTROLS LTD.,750.90,763.30,745.00,761.25,762.75,747.70,,760.45,,,19410,14697590.00,918,F1,1,,,,,
2026-06-30,2026-06-30,CM,BSE,STK,513108,INE524B01027,GANDHITUBE,B,,,,,GANDHI SPECIAL TUBES LTD.,855.05,860.00,852.60,859.00,859.00,855.05,,859.10,,,196,167983.00,18,F1,1,,,,,
2026-06-30,2026-06-30,CM,BSE,STK,513117,INE991A01020,AMFORG,X,,,,,AMFORGE INDUSTRIES LTD.,7.06,7.48,7.06,7.48,7.48,7.24,,7.48,,,541,3944.00,14,F1,1,,,,,
2026-06-30,2026-06-30,CM,BSE,STK,513119,INE173M01012,ONIXSOLAR,X,,,,,ONIX SOLAR ENERGY LIMITED,688.00,689.90,670.00,671.75,671.75,682.10,,671.75,,,73478,49813972.00,697,F1,1,,,,,
2026-06-30,2026-06-30,CM,BSE,STK,513121,INE730A01022,ORICONENT,B,,,,,ORICON ENTERPRISES LTD.,55.17,55.17,52.80,53.87,53.87,55.31,,53.73,,,19058,1027848.00,263,F1,1,,,,,
2026-06-30,2026-06-30,CM,BSE,STK,513149,INE950D01012,ACROW,X,,,,,ACROW INDIA LTD.,818.10,903.65,818.10,903.00,903.00,861.00,,903.00,,,102,83616.00,11,F1,1,,,,,
2026-06-30,2026-06-30,CM,BSE,STK,513173,INE205F01016,STLSTRINF,X,,,,,STEEL STRIPS INFRASTRUCTURES L,19.74,19.74,18.50,19.50,19.50,18.53,,19.50,,,726,14052.00,13,F1,1,,,,,
2026-06-30,2026-06-30,CM,BSE,STK,513228,INE932A01024,PENIND,B,,,,,PENNAR INDUSTRIES LTD.,166.95,168.00,165.00,167.20,167.40,166.20,,167.43,,,11952,1993800.00,224,F1,1,,,,,
2026-06-30,2026-06-30,CM,BSE,STK,513250,INE197A01024,JYOTISTRUC,A,,,,,JYOTI STRUCTURES LTD.,11.44,11.58,11.43,11.46,11.46,11.56,,11.47,,,174751,2005208.00,579,F1,1,,,,,
2026-06-30,2026-06-30,CM,BSE,STK,513252,INE289D01015,JAYUSH,X,,,,,JAY USHIN LTD.,892.00,897.95,861.20,897.95,897.95,894.00,,897.95,,,40,35446.00,7,F1,1,,,,,
2026-06-30,2026-06-30,CM,BSE,STK,513262,INE802C01033,SSWL,B,,,,,STEEL STRIPS WHEELS LTD.,229.60,232.50,227.75,230.30,232.15,229.60,,230.59,,,83148,19155089.00,1367,F1,1,,,,,
2026-06-30,2026-06-30,CM,BSE,STK,513269,INE993A01026,MANINDS,B,,,,,MAN INDUSTRIES (INDIA) LTD.,576.35,587.70,576.35,581.45,580.75,574.95,,581.65,,,12896,7503906.00,431,F1,1,,,,,
2026-06-30,2026-06-30,CM,BSE,STK,513295,INE611C01020,IMEC,X,,,,,IMEC SERVICES LIMITED,140.30,143.80,132.80,140.65,140.80,140.30,,140.65,,,658,91214.00,26,F1,1,,,,,
2026-06-30,2026-06-30,CM,BSE,STK,513303,INE001F01019,MDRNSTL,X,,,,,MODERN STEELS LTD.,13.01,13.75,13.01,13.20,13.20,13.26,,13.20,,,1830,24049.00,27,F1,1,,,,,
2026-06-30,2026-06-30,CM,BSE,STK,513307,INE363L01045,BELDING,X,,,,,BELDING INDIA LIMITED,1459.05,1520.00,1440.00,1505.70,1520.00,1493.85,,1505.70,,,1711,2545685.00,51,F1,1,,,,,
2026-06-30,2026-06-30,CM,BSE,STK,513337,INE145J01032,GUJTLRM,B,,,,,GUJARAT TOOLROOM LTD.,0.53,0.53,0.51,0.52,0.52,0.53,,0.52,,,2402207,1252955.00,884,F1,1,,,,,
2026-06-30,2026-06-30,CM,BSE,STK,513349,INE298G01035,AJMERA,B,,,,,AJMERA REALTY & INFRA INDIA LT,129.45,134.00,128.00,130.05,129.25,128.65,,130.01,,,71489,9333089.00,612,F1,1,,,,,
2026-06-30,2026-06-30,CM,BSE,STK,513353,INE105D01013,COCHINM,X,,,,,COCHIN MINERALS & RUTILE LTD.,245.00,248.80,243.00,244.10,245.50,248.25,,244.10,,,2108,514813.00,91,F1,1,,,,,
2026-06-30,2026-06-30,CM,BSE,STK,513361,INE072A01029,INDIAHOMES,XT,,,,,India Homes Limited,23.00,23.00,22.24,22.86,22.88,22.80,,22.86,,,172423,3899834.00,419,F1,1,,,,,
2026-06-30,2026-06-30,CM,BSE,STK,513369,INE013J01016,KVFORGE,X,,,,,KRISHANVEER FORGE LIMITED,164.95,164.95,153.65,155.05,155.00,158.05,,155.05,,,7193,1128401.00,126,F1,1,,,,,
2026-06-30,2026-06-30,CM,BSE,STK,513375,INE120A01034,CARBORUNIV,A,,,,,CARBORUNDUM UNIVERSAL LTD.,1201.15,1201.15,1172.70,1177.00,1176.00,1192.60,,1178.20,,,8776,10359278.00,1116,F1,1,,,,,
2026-06-30,2026-06-30,CM,BSE,STK,513377,INE123F01029,MMTC,A,,,,,MMTC LTD.,67.22,69.08,66.59,68.10,68.10,66.70,,68.05,,,354774,24094111.00,1865,F1,1,,,,,
2026-06-30,2026-06-30,CM,BSE,STK,513397,INE457E01016,VALLABHSQ,X,,,,,VALLABH STEELS LTD.,9.74,9.80,9.72,9.80,9.80,10.23,,9.80,,,157,1528.00,4,F1,1,,,,,
2026-06-30,2026-06-30,CM,BSE,STK,513418,INE728B01032,SMFIL,XT,,,,,SMITHS & FOUNDERS (INDIA) LIMI,10.09,10.09,10.09,10.09,10.09,10.29,,10.09,,,60490,610344.00,30,F1,1,,,,,
2026-06-30,2026-06-30,CM,BSE,STK,513422,INE373E01015,BLOIN,X,,,,,BLOOM INDUSTRIES LTD.,36.87,36.87,35.99,36.00,36.00,35.17,,36.00,,,1042,37591.00,10,F1,1,,,,,
2026-06-30,2026-06-30,CM,BSE,STK,513430,INE501L01024,MAITRI,XT,,,,,Maitri Enterprises Limited,42.00,45.84,41.48,41.48,41.48,43.66,,41.48,,,116,4821.00,7,F1,1,,,,,
2026-06-30,2026-06-30,CM,BSE,STK,513436,INE640C01011,SHAHALLOYS,B,,,,,SHAH ALLOYS LTD.,67.65,67.65,67.65,67.65,67.65,68.34,,68.99,,,30,2029.00,1,F1,1,,,,,
2026-06-30,2026-06-30,CM,BSE,STK,513456,INE791E01018,KANSHST,X,,,,,KANISHK STEEL INDUSTRIES LTD.,54.90,54.90,50.00,51.88,53.50,53.22,,51.88,,,1882,98013.00,16,F1,1,,,,,
2026-06-30,2026-06-30,CM,BSE,STK,513460,INE257F01017,MAHALXSE,Z,,,,,MAHALAXMI SEAMLESS LTD.,8.19,8.19,8.19,8.19,8.19,8.19,,8.19,,,1,8.00,1,F1,1,,,,,
2026-06-30,2026-06-30,CM,BSE,STK,513472,INE658D01011,SIMPLEXCAS,X,,,,,SIMPLEX CASTINGS LTD.,539.95,543.80,525.00,542.70,535.05,540.35,,542.70,,,26215,14175790.00,199,F1,1,,,,,
2026-06-30,2026-06-30,CM,BSE,STK,513488,INE387D01025,SSWRL,X,,,,,SHREE STEEL WIRE ROPES LTD.,19.00,19.96,18.39,19.45,19.50,19.04,,19.45,,,1562,29925.00,16,F1,1,,,,,
2026-06-30,2026-06-30,CM,BSE,STK,513496,INE235U01012,SIZEMASTER,XT,,,,,SIZEMASTERS TECHNOLOGY LIMITED,359.70,359.70,359.70,359.70,359.70,367.00,,359.70,,,127,45681.00,7,F1,1,,,,,
2026-06-30,2026-06-30,CM,BSE,STK,513498,INE308N01012,SOUTHMG,X,,,,,SOUTHERN MAGNESIUM & CHEMICALS,76.92,77.11,76.92,77.05,77.10,77.30,,77.05,,,3593,276850.00,19,F1,1,,,,,
2026-06-30,2026-06-30,CM,BSE,STK,513502,INE927K01023,BAROEXT,X,,,,,BARODA EXTRUSION LTD.,8.75,8.75,8.47,8.68,8.68,8.69,,8.68,,,86183,741620.00,208,F1,1,,,,,
2026-06-30,2026-06-30,CM,BSE,STK,513509,INE314G01014,KALYANIFRG,B,,,,,KALYANI FORGE LTD.,609.35,609.35,605.25,607.25,607.25,609.30,,611.05,,,146,88535.00,12,F1,1,,,,,
2026-06-30,2026-06-30,CM,BSE,STK,513511,INE798F01010,PANCHMAHQ,X,,,,,PANCHMAHAL STEEL LTD.,306.95,307.00,300.00,307.00,307.00,307.60,,307.00,,,45,13615.00,6,F1,1,,,,,
2026-06-30,2026-06-30,CM,BSE,STK,513513,INE570B01012,ADITYA,X,,,,,ADITYA ISPAT LTD.,8.81,9.69,8.81,8.98,8.98,8.33,,8.98,,,2604,23118.00,13,F1,1,,,,,
2026-06-30,2026-06-30,CM,BSE,STK,513517,INE124E01038,STEELCAS,B,,,,,STEELCAST LTD.,299.95,311.20,299.95,302.75,302.75,299.20,,303.55,,,3091,943964.00,105,F1,1,,,,,
2026-06-30,2026-06-30,CM,BSE,STK,513519,INE450D01021,PITTIENG,B,,,,,PITTI ENGINEERING LIMITED,968.40,982.75,968.40,974.90,969.80,963.75,,972.55,,,413,403115.00,71,F1,1,,,,,
2026-06-30,2026-06-30,CM,BSE,STK,513528,INE741B01027,GLITTEKG,XT,,,,,GLITTEK GRANITES LTD.,41.27,41.28,41.27,41.28,41.28,40.48,,41.28,,,771,31821.00,9,F1,1,,,,,
2026-06-30,2026-06-30,CM,BSE,STK,513532,INE770A01010,PRADPME,B,,,,,PRADEEP METALS LTD.,594.95,594.95,549.95,553.85,561.95,590.15,,553.70,,,9324,5215420.00,436,F1,1,,,,,
2026-06-30,2026-06-30,CM,BSE,STK,513536,INE207H01018,GNRL,B,,,,,GUJARAT NATURAL RESOURCES LIMI,113.60,114.68,105.40,107.14,106.68,113.55,,106.94,,,162873,17691922.00,13965,F1,1,,,,,
2026-06-30,2026-06-30,CM,BSE,STK,513544,INE277E01026,MSCTC,X,,,,,MARDIA SAMYOUNG CAPILLARY TUBE,45.00,48.60,44.01,48.50,48.50,46.32,,48.50,,,1348,61938.00,38,F1,1,,,,,
2026-06-30,2026-06-30,CM,BSE,STK,513548,INE385M01012,SHRDAIS,X,,,,,SHARDA ISPAT LTD.,166.05,169.00,166.05,169.00,169.00,165.60,,169.00,,,104,17567.00,4,F1,1,,,,,
2026-06-30,2026-06-30,CM,BSE,STK,513554,INE451L01014,MAHASTEEL,B,,,,,MAHAMAYA STEEL INDUSTRIES LTD.,792.30,805.00,792.30,801.25,803.35,820.95,,799.30,,,71,56751.00,5,F1,1,,,,,
2026-06-30,2026-06-30,CM,BSE,STK,513566,INE608C01026,NOVIS,X,,,,,NOVA IRON & STEEL LTD.,12.60,14.88,12.00,12.71,12.36,12.47,,12.71,,,4084,53716.00,57,F1,1,,,,,
2026-06-30,2026-06-30,CM,BSE,STK,513575,INE067E01013,STERPOW,XT,,,,,STERLING POWERGENSYS LTD,34.78,34.78,32.59,32.59,32.59,34.30,,32.59,,,7702,251728.00,46,F1,1,,,,,
2026-06-30,2026-06-30,CM,BSE,STK,513599,INE531E01026,HINDCOPPER,A,,,,,HINDUSTAN COPPER LTD.,497.60,504.90,493.55,500.95,500.95,494.95,,501.10,,,168920,84351901.00,3478,F1,1,,,,,
2026-06-30,2026-06-30,CM,BSE,STK,513629,INE463D01016,TULSYAN,XT,,,,,TULSYAN NEC LTD.,30.20,30.20,30.05,30.05,30.05,28.80,,30.05,,,551,16610.00,3,F1,1,,,,,
2026-06-30,2026-06-30,CM,BSE,STK,513642,INE197C01012,AXELPOLY,X,,,,,AXEL POLYMERS LTD.,45.42,45.42,44.39,44.39,44.39,44.00,,44.39,,,72,3197.00,3,F1,1,,,,,
2026-06-30,2026-06-30,CM,BSE,STK,513683,INE589A01014,NLCINDIA,A,,,,,NLC India Limited,327.40,327.40,319.50,322.25,322.25,327.65,,322.00,,,74407,23987867.00,2203,F1,1,,,,,
2026-06-30,2026-06-30,CM,BSE,STK,513687,INE848B01012,SPECTRA,Z,,,,,SPECTRA INDUSTRIES LTD.,3.75,3.78,3.75,3.75,3.75,3.72,,3.75,,,605,2268.00,3,F1,1,,,,,
2026-06-30,2026-06-30,CM,BSE,STK,513693,INE434C01027,KAJARIR,XT,,,,,KIC METALIKS LTD.,35.50,36.00,35.50,35.55,35.55,35.10,,35.55,,,3300,118325.00,7,F1,1,,,,,
2026-06-30,2026-06-30,CM,BSE,STK,513699,INE584G01012,SOLIDSTON,X,,,,,SOLID STONE COMPANY LTD.,25.90,25.90,23.15,25.46,25.40,24.93,,25.46,,,757,18778.00,34,F1,1,,,,,
2026-06-30,2026-06-30,CM,BSE,STK,513709,INE960A01017,SHILGRAVQ,X,,,,,SHILP GRAVURES LTD.,167.00,167.50,151.00,161.60,163.80,161.00,,161.60,,,6877,1104112.00,119,F1,1,,,,,
2026-06-30,2026-06-30,CM,BSE,STK,513713,INE146C01019,WHITEORG,X,,,,,White Organic Agro Limited,3.93,3.93,3.53,3.62,3.62,3.89,,3.62,,,78587,286530.00,141,F1,1,,,,,
2026-06-30,2026-06-30,CM,BSE,STK,513721,INE614F01019,MFSINTRCRP,XT,,,,,MFS INTERCORP LTD.,13.90,13.90,13.21,13.21,13.21,13.90,,13.21,,,422,5575.00,9,F1,1,,,,,
2026-06-30,2026-06-30,CM,BSE,STK,513729,INE210C01013,AROGRANITE,B,,,,,ARO GRANITE INDUSTRIES LTD.,25.07,26.51,25.07,25.53,25.53,26.40,,25.75,,,258,6642.00,30,F1,1,,,,,
2026-06-30,2026-06-30,CM,BSE,STK,514010,INE723D01021,RUDRAECO,X,,,,,RUDRA ECOVATION LIMITED,19.40,19.40,18.00,18.57,18.57,18.87,,18.57,,,36707,681792.00,161,F1,1,,,,,
2026-06-30,2026-06-30,CM,BSE,STK,514028,INE376L01013,RAJKSYN,X,,,,,RAJKAMAL SYNTHETICS LTD.,28.97,28.97,24.00,26.41,26.39,26.25,,26.41,,,6910,173434.00,68,F1,1,,,,,
2026-06-30,2026-06-30,CM,BSE,STK,514030,INE272C01013,DEEPAKSP,X,,,,,DEEPAK SPINNERS LTD.,130.30,131.55,127.05,130.25,130.90,128.40,,130.25,,,8488,1103758.00,56,F1,1,,,,,
2026-06-30,2026-06-30,CM,BSE,STK,514043,INE049A01027,HIMATSEIDE,B,,,,,HIMATSINGKA SEIDE LTD.,87.12,92.98,86.00,91.85,91.85,86.65,,91.83,,,155533,14113719.00,1362,F1,1,,,,,
2026-06-30,2026-06-30,CM,BSE,STK,514045,INE594B01012,BSL,B,,,,,BSL LTD.,126.00,147.00,125.20,137.20,137.45,126.60,,136.68,,,11017,1504967.00,303,F1,1,,,,,
2026-06-30,2026-06-30,CM,BSE,STK,514060,INE229N01010,NEWTRAC,X,,,,,NEWTRAC FOODS & BEVERAGES LIMI,5.04,5.07,4.58,4.77,4.80,4.50,,4.77,,,53167,257871.00,78,F1,1,,,,,
2026-06-30,2026-06-30,CM,BSE,STK,514087,INE501F01018,PBMPOLY,X,,,,,PBM POLYTEX LTD.,56.00,56.00,54.66,55.72,55.72,57.20,,55.72,,,183,10242.00,8,F1,1,,,,,
2026-06-30,2026-06-30,CM,BSE,STK,514113,INE207C01019,ADINATH,XT,,,,,ADINATH TEXTILES LTD.,22.25,22.25,21.57,21.57,21.57,22.70,,21.57,,,2273,49143.00,17,F1,1,,,,,
2026-06-30,2026-06-30,CM,BSE,STK,514142,INE592B01024,TTL,B,,,,,T T LTD.,6.76,6.76,6.68,6.70,6.70,6.75,,6.80,,,83,556.00,3,F1,1,,,,,
2026-06-30,2026-06-30,CM,BSE,STK,514162,INE192B01031,WELSPUNLIV,A,,,,,WELSPUN LIVING LIMITED,162.05,163.45,158.40,158.85,158.85,162.20,,158.84,,,168363,26998823.00,2940,F1,1,,,,,
2026-06-30,2026-06-30,CM,BSE,STK,514165,INE862B01013,INDIANACRY,X,,,,,INDIAN ACRYLICS LTD.,5.86,5.93,5.65,5.88,5.93,5.81,,5.88,,,27446,159855.00,82,F1,1,,,,,
2026-06-30,2026-06-30,CM,BSE,STK,514167,INE845D01014,GANECOS,A,,,,,GANESHA ECOSPHERE LTD.,879.95,913.05,869.50,903.70,901.80,901.85,,903.95,,,16544,14702710.00,1377,F1,1,,,,,
2026-06-30,2026-06-30,CM,BSE,STK,514171,INE760J01012,CEETAIN,X,,,,,CEETA INDUSTRIES LTD.,38.35,38.35,36.12,38.29,38.29,38.49,,38.29,,,741,27295.00,13,F1,1,,,,,
2026-06-30,2026-06-30,CM,BSE,STK,514175,INE835A01029,VARDMNPOLY,B,,,,,VARDHMAN POLYTEX LTD.,6.73,6.96,6.72,6.75,6.73,6.78,,6.75,,,18210,123715.00,59,F1,1,,,,,
2026-06-30,2026-06-30,CM,BSE,STK,514183,INE761G01016,BLACKROSE,T,,,,,BLACK ROSE INDUSTRIES LTD.,114.00,118.50,113.88,116.95,118.50,119.87,,117.34,,,30756,3508861.00,204,F1,1,,,,,
2026-06-30,2026-06-30,CM,BSE,STK,514197,INE110Q01023,STCORP,XT,,,,,S&T CORPORATION LTD.,3.69,3.99,3.69,3.95,3.95,3.85,,3.95,,,2745,10473.00,17,F1,1,,,,,
2026-06-30,2026-06-30,CM,BSE,STK,514211,INE235C01036,SUMEETINDS,B,,,,,SUMEET INDUSTRIES LTD.,29.48,29.57,28.27,28.30,28.27,28.19,,28.35,,,50806,1468328.00,245,F1,1,,,,,
2026-06-30,2026-06-30,CM,BSE,STK,514223,INE410D01017,RAMGOPOLY,X,,,,,RAMGOPAL POLYTEX LTD.,15.61,16.33,15.61,16.33,16.33,15.56,,16.33,,,2025,32765.00,11,F1,1,,,,,
2026-06-30,2026-06-30,CM,BSE,STK,514234,INE495C01010,SANGAMIND,B,,,,,SANGAM (INDIA) LTD.,530.00,549.40,530.00,543.30,544.40,534.30,,544.10,,,2944,1593301.00,224,F1,1,,,,,
2026-06-30,2026-06-30,CM,BSE,STK,514238,INE874A01010,MKVENTURES,X,,,,,MKVENTURES CAPITAL LIMITED,1160.00,1195.95,1131.10,1151.30,1195.95,1157.40,,1151.30,,,382,437625.00,50,F1,1,,,,,
2026-06-30,2026-06-30,CM,BSE,STK,514240,INE979D01011,KUSHIND,X,,,,,Kush Industries Limited,6.80,6.80,6.06,6.46,6.46,6.30,,6.46,,,3074,19964.00,21,F1,1,,,,,
2026-06-30,2026-06-30,CM,BSE,STK,514248,INE377C01010,SRECR,P,,,,,SREECHEM RESINS LTD.,30.00,30.00,29.79,29.79,29.79,31.35,,29.79,,,700,20874.00,3,F1,100,,,,,
2026-06-30,2026-06-30,CM,BSE,STK,514260,INE899E01019,SURBHIN,XT,,,,,SURBHI INDUSTRIES LTD.,89.30,89.30,89.30,89.30,89.30,94.00,,89.30,,,857,76530.00,20,F1,1,,,,,
2026-06-30,2026-06-30,CM,BSE,STK,514264,INE707B01010,SEASONST,X,,,,,SEASONS TEXTILES LTD.,18.00,18.10,17.02,17.90,17.90,18.10,,17.90,,,419,7151.00,13,F1,1,,,,,
2026-06-30,2026-06-30,CM,BSE,STK,514266,INE106C01013,ZENIFIB,X,,,,,ZENITH FIBRES LTD.,51.11,52.49,50.00,52.40,52.40,51.00,,52.40,,,1318,67603.00,31,F1,1,,,,,
2026-06-30,2026-06-30,CM,BSE,STK,514272,INE436C01014,BHILSPIN,X,,,,,BHILWARA SPINNERS LTD.,133.35,133.35,126.30,128.50,128.35,128.85,,128.50,,,1729,221390.00,38,F1,1,,,,,
2026-06-30,2026-06-30,CM,BSE,STK,514274,INE273D01027,VGL,B,,,,,VARVEE GLOBAL LIMITED,66.25,66.25,63.30,63.70,63.70,65.08,,63.78,,,2025,130065.00,83,F1,1,,,,,
2026-06-30,2026-06-30,CM,BSE,STK,514286,INE440A01010,ASHIMASYN,B,,,,,ASHIMA LTD.,14.72,14.93,14.72,14.77,14.85,14.99,,14.79,,,3557,52551.00,18,F1,1,,,,,
2026-06-30,2026-06-30,CM,BSE,STK,514300,INE156C01018,PIONEEREMB,B,,,,,PIONEER EMBROIDERIES LTD.,22.89,22.89,22.89,22.89,22.89,22.23,,22.71,,,20,457.00,1,F1,1,,,,,
2026-06-30,2026-06-30,CM,BSE,STK,514302,INE660D01017,VIPPYSP,X,,,,,VIPPY SPINPRO LTD.,180.00,186.00,176.95,184.75,184.75,176.95,,184.75,,,924,163896.00,17,F1,1,,,,,
2026-06-30,2026-06-30,CM,BSE,STK,514312,INE156E01014,JAIHIND,X,,,,,JAIHIND INDUSTRIES LIMITED,36.79,36.79,31.00,34.45,34.69,34.41,,34.45,,,6939,224982.00,74,F1,1,,,,,
2026-06-30,2026-06-30,CM,BSE,STK,514316,INE969C01022,RAGHUSYN,X,,,,,RAGHUVIR SYNTHETICS LTD.,98.15,102.00,98.15,101.50,102.00,99.60,,101.50,,,5570,560639.00,26,F1,1,,,,,
2026-06-30,2026-06-30,CM,BSE,STK,514318,INE722N01014,JATTAINDUS,X,,,,,JATTASHANKAR INDUSTIES LTD.,470.00,470.00,424.90,424.90,424.90,406.15,,424.90,,,225,97016.00,16,F1,1,,,,,
2026-06-30,2026-06-30,CM,BSE,STK,514322,INE535C01013,KAMADGIRI,XT,,,,,KAMADGIRI FASHION LTD.,109.00,109.00,109.00,109.00,109.00,114.15,,109.00,,,3,327.00,1,F1,1,,,,,
2026-06-30,2026-06-30,CM,BSE,STK,514324,INE814D01010,OMNITEX,XT,,,,,OMNITEX INDUSTRIES (INDIA) LTD,782.15,814.00,782.15,814.00,814.00,798.10,,814.00,,,586,458371.00,5,F1,1,,,,,
2026-06-30,2026-06-30,CM,BSE,STK,514326,INE790C01014,PATSPINLTD,X,,,,,PATSPIN INDIA LTD.,6.95,7.25,6.53,6.98,7.24,6.91,,6.98,,,6509,44958.00,19,F1,1,,,,,
2026-06-30,2026-06-30,CM,BSE,STK,514330,INE670O01013,ONEGLOBAL,X,,,,,ONE GLOBAL SERVICE PROVIDER LI,715.00,727.95,678.00,680.40,680.40,713.40,,680.40,,,22500,15430234.00,971,F1,1,,,,,
2026-06-30,2026-06-30,CM,BSE,STK,514332,INE216I01017,NEOINFRA,X,,,,,NEO INFRACON LTD.,43.25,43.25,40.50,43.18,43.18,42.44,,43.18,,,1857,76425.00,12,F1,1,,,,,
2026-06-30,2026-06-30,CM,BSE,STK,514336,INE194N01016,CCME,XT,,,,,CCME GLOBAL LIMITED,124.80,124.80,124.80,124.80,124.80,125.00,,124.80,,,99,12355.00,4,F1,1,,,,,
2026-06-30,2026-06-30,CM,BSE,STK,514348,INE784B01035,WINSOME,Z,,,,,WINSOME YARNS LTD.,2.06,2.06,2.06,2.06,2.06,2.10,,2.06,,,951,1959.00,6,F1,1,,,,,
2026-06-30,2026-06-30,CM,BSE,STK,514354,INE309M01020,PREMIERPOL,T,,,,,PREMIER POLYFILM LTD.,67.00,68.91,65.25,68.28,68.91,66.43,,67.81,,,21991,1478275.00,165,F1,1,,,,,
2026-06-30,2026-06-30,CM,BSE,STK,514358,INE339D01034,EVERFIN,X,,,,,EVERLON FINANCIALS LIMITED,108.75,108.75,108.75,108.75,108.75,110.95,,108.75,,,6,652.00,6,F1,1,,,,,
2026-06-30,2026-06-30,CM,BSE,STK,514360,INE078T01026,KRRAIL,X,,,,,K&R RAIL ENGINEERING LIMITED,27.34,27.84,27.09,27.27,27.37,27.34,,27.27,,,22322,614800.00,298,F1,1,,,,,
2026-06-30,2026-06-30,CM,BSE,STK,514378,INE564C01013,YARNSYN,X,,,,,YARN SYNDICATE LTD.,16.20,16.21,15.57,16.05,16.05,16.21,,16.05,,,587,9300.00,12,F1,1,,,,,
2026-06-30,2026-06-30,CM,BSE,STK,514386,INE004C01028,GUJCOTEX,XT,,,,,GUJARAT COTEX LTD.,3.41,3.58,3.40,3.48,3.50,3.47,,3.48,,,319120,1110380.00,305,F1,1,,,,,
2026-06-30,2026-06-30,CM,BSE,STK,514400,INE340D01016,GARWSYN,X,,,,,GARWARE SYNTHETICS LTD.,20.48,20.48,19.01,20.48,20.48,19.51,,20.48,,,9932,202436.00,82,F1,1,,,,,
2026-06-30,2026-06-30,CM,BSE,STK,514402,INE638N01012,ECOHOTELS,XT,,,,,ECO HOTELS AND RESORTS LIMITED,13.30,13.79,13.30,13.69,13.69,13.49,,13.69,,,2919,39785.00,32,F1,1,,,,,
2026-06-30,2026-06-30,CM,BSE,STK,514412,INE305D01019,SARUPINDUS,X,,,,,SARUP INDUSTRIES LTD.,142.55,142.55,138.85,138.90,138.90,135.80,,138.90,,,11,1531.00,5,F1,1,,,,,
2026-06-30,2026-06-30,CM,BSE,STK,514414,INE114D01015,OXFORDIN,XT,,,,,OXFORD INDUSTRIES LTD.,13.84,14.53,13.15,13.15,13.15,13.84,,13.15,,,10005,134075.00,48,F1,1,,,,,
2026-06-30,2026-06-30,CM,BSE,STK,514418,INE370D01013,MANORG,T,,,,,MANGALAM ORGANICS LIMITED,543.20,555.00,535.00,545.50,555.00,543.20,,552.05,,,838,456184.00,27,F1,1,,,,,
2026-06-30,2026-06-30,CM,BSE,STK,514428,INE074C01013,HINDADH,X,,,,,HINDUSTAN ADHESIVES LTD.,255.30,269.85,251.95,255.70,255.70,253.80,,255.70,,,2338,601116.00,122,F1,1,,,,,
2026-06-30,2026-06-30,CM,BSE,STK,514440,INE439N01031,BPAGRI,B,,,,,Blue Pearl Agriventures Limite,9.53,9.53,9.53,9.53,9.53,9.08,,9.53,,,80050,762876.00,174,F1,1,,,,,
2026-06-30,2026-06-30,CM,BSE,STK,514442,INE009C01019,SRIKPRIND,X,,,,,SRI KPR INDUSTRIES LTD.,21.00,21.78,20.65,21.06,21.75,21.44,,21.06,,,1207,25400.00,11,F1,1,,,,,
2026-06-30,2026-06-30,CM,BSE,STK,514448,INE577D01013,JYOTIRES,B,,,,,JYOTI RESINS & ADHESIVES LTD.,1018.80,1019.90,1010.00,1015.45,1019.90,1013.50,,1015.45,,,16004,16181459.00,442,F1,1,,,,,
2026-06-30,2026-06-30,CM,BSE,STK,514450,INE112D01035,MHLXMIRU,B,,,,,MAHALAXMI RUBTECH LTD.,119.60,121.80,114.00,121.80,121.80,110.75,,121.80,,,152738,18569724.00,351,F1,1,,,,,
2026-06-30,2026-06-30,CM,BSE,STK,514454,INE410M01018,SOUTLAT,X,,,,,SOUTHERN LATEX LTD.,35.29,35.29,32.09,35.29,35.29,32.09,,35.29,,,19280,677648.00,162,F1,1,,,,,
2026-06-30,2026-06-30,CM,BSE,STK,514470,INE837B01031,WINSOMTX,X,,,,,WINSOME TEXTILE INDUSTRIES LTD,90.80,96.00,88.10,94.85,94.85,89.35,,94.85,,,109755,9795447.00,221,F1,1,,,,,
2026-06-30,2026-06-30,CM,BSE,STK,515008,INE219W01012,MODINSU,XT,,,,,MODERN INSULATORS LTD.,526.90,545.00,518.95,537.55,543.00,538.55,,537.55,,,32907,17485537.00,574,F1,1,,,,,
2026-06-30,2026-06-30,CM,BSE,STK,515018,INE277C01012,REGENCERAM,B,,,,,REGENCY CERAMICS LTD.,41.90,41.90,41.90,41.90,41.90,40.80,,41.26,,,50,2095.00,1,F1,1,,,,,
2026-06-30,2026-06-30,CM,BSE,STK,515030,INE439A01020,ASAHIINDIA,A,,,,,ASAHI INDIA GLASS LTD.,841.80,860.00,841.35,850.55,850.50,841.05,,850.20,,,12573,10709500.00,601,F1,1,,,,,
2026-06-30,2026-06-30,CM,BSE,STK,515037,INE692B01014,MURUDCERA,B,,,,,MURUDESHWAR CERAMICS LTD.,32.17,32.25,32.00,32.25,32.25,32.05,,32.10,,,766,24569.00,14,F1,1,,,,,
2026-06-30,2026-06-30,CM,BSE,STK,515043,INE068B01017,SEKURITIND,X,,,,,SAINT-GOBAIN SEKURIT INDIA LTD,131.70,135.40,131.70,134.35,134.35,132.85,,134.35,,,60084,8009112.00,505,F1,1,,,,,
2026-06-30,2026-06-30,CM,BSE,STK,515055,INE242C01024,ANANTRAJ,A,,,,,ANANT RAJ LIMITED,514.30,523.00,511.00,521.55,521.55,514.30,,521.30,,,144386,74609722.00,4117,F1,1,,,,,
2026-06-30,2026-06-30,CM,BSE,STK,515059,INE469C01023,MADHUDIN,X,,,,,MADHUSUDAN INDUSTRIES LTD.,40.55,43.00,39.95,40.95,42.00,43.09,,40.95,,,2045,83133.00,32,F1,1,,,,,
2026-06-30,2026-06-30,CM,BSE,STK,515085,INE298E01022,RESTILE,X,,,,,RESTILE CERAMICS LTD.,6.51,6.88,6.51,6.83,6.88,6.80,,6.83,,,7038,47386.00,37,F1,1,,,,,
2026-06-30,2026-06-30,CM,BSE,STK,515093,INE925C01016,MADHAV,B,,,,,MADHAV MARBLES & GRANITES LTD.,37.00,37.16,36.00,36.77,36.00,36.00,,36.58,,,836,30740.00,13,F1,1,,,,,
2026-06-30,2026-06-30,CM,BSE,STK,515147,INE506D01020,HALDYNGL,T,,,,,HALDYN GLASS LTD,118.90,118.90,112.05,114.00,114.00,114.40,,113.16,,,6649,753937.00,61,F1,1,,,,,
2026-06-30,2026-06-30,CM,BSE,STK,516003,INE932D01010,DUROPLY,X,,,,,DUROPLY INDUSTRIES LIMITED,128.00,128.00,121.25,122.25,122.25,125.20,,122.25,,,2781,341348.00,47,F1,1,,,,,
2026-06-30,2026-06-30,CM,BSE,STK,516016,INE231C01019,SHREYANIND,B,,,,,SHREYANS INDUSTRIES LTD.,137.20,137.20,134.05,134.05,134.05,136.40,,135.06,,,16,2170.00,2,F1,1,,,,,
2026-06-30,2026-06-30,CM,BSE,STK,516020,INE112C01011,AGIOPAPER,X,,,,,AGIO PAPER & INDUSTRIES LTD.,3.60,3.60,3.60,3.60,3.60,3.53,,3.60,,,197,709.00,2,F1,1,,,,,
2026-06-30,2026-06-30,CM,BSE,STK,516022,INE733A01018,STARPAPER,B,,,,,STAR PAPER MILLS LTD.,142.40,143.35,136.35,140.25,140.25,140.00,,137.83,,,5554,785122.00,166,F1,1,,,,,
2026-06-30,2026-06-30,CM,BSE,STK,516030,INE551D01018,PAKKA,B,,,,,PAKKA LIMITED,80.71,82.28,80.52,81.50,81.54,79.81,,81.64,,,2110,171014.00,164,F1,1,,,,,
2026-06-30,2026-06-30,CM,BSE,STK,516032,INE385D01029,TAHMARENT,XT,,,,,TAHMAR ENTERPRISES LIMITED,5.25,5.25,4.90,4.98,4.90,5.13,,4.98,,,7182,36484.00,36,F1,1,,,,,
2026-06-30,2026-06-30,CM,BSE,STK,516038,INE737E01011,KSSMART,X,,,,,KS Smart Technologies Limited,147.65,147.65,140.35,141.55,141.55,147.70,,141.55,,,8699,1229480.00,186,F1,1,,,,,
2026-06-30,2026-06-30,CM,BSE,STK,516062,INE497C01016,NATPLY,Z,,,,,NATIONAL PLYWOOD INDUSTRIES LT,2.51,2.51,2.45,2.45,2.45,2.49,,2.45,,,117,287.00,6,F1,1,,,,,
2026-06-30,2026-06-30,CM,BSE,STK,516064,INE570D01018,ARROWGREEN,T,,,,,Arrow Greentech Limited,592.00,600.00,580.50,594.75,599.00,597.00,,597.70,,,1675,989023.00,52,F1,1,,,,,
2026-06-30,2026-06-30,CM,BSE,STK,516072,INE270I01022,VISHNU,B,,,,,VISHNU CHEMICALS LTD.,605.50,606.50,598.10,601.15,601.05,604.05,,601.20,,,2344,1411826.00,275,F1,1,,,,,
2026-06-30,2026-06-30,CM,BSE,STK,516078,INE699D01015,JUMBO,X,,,,,JUMBO BAG LTD.,58.50,58.50,55.10,57.96,57.99,56.74,,57.96,,,2331,134737.00,27,F1,1,,,,,
2026-06-30,2026-06-30,CM,BSE,STK,516082,INE740D01017,NRAIL,B,,,,,N.R.AGARWAL INDUSTRIES LTD.,444.95,444.95,419.80,442.75,442.70,428.85,,441.75,,,191,82789.00,18,F1,1,,,,,
2026-06-30,2026-06-30,CM,BSE,STK,516092,INE105C01023,3PLAND,B,,,,,3P LAND HOLDINGS LTD.,31.50,31.50,31.50,31.50,31.50,31.00,,31.56,,,1,31.00,1,F1,1,,,,,
2026-06-30,2026-06-30,CM,BSE,STK,516096,INE384D01022,SANPA,X,,,,,SANGAL PAPERS LTD.,153.65,155.10,153.65,154.80,154.75,161.70,,154.80,,,147,22638.00,6,F1,1,,,,,
2026-06-30,2026-06-30,CM,BSE,STK,516098,INE810C01044,VENTURA,X,,,,,VENTURA TEXTILES LTD.,9.32,9.32,8.19,9.01,9.32,9.14,,9.01,,,3337,29755.00,38,F1,1,,,,,
2026-06-30,2026-06-30,CM,BSE,STK,516106,INE538D01015,SHKARTP,X,,,,,SHREE KARTHIK PAPERS LTD.,6.57,6.89,6.41,6.69,6.62,6.71,,6.69,,,7421,48640.00,23,F1,1,,,,,
2026-06-30,2026-06-30,CM,BSE,STK,516108,INE088G01014,STHINPA,X,,,,,SOUTH INDIA PAPER MILLS LTD.,105.50,110.00,95.00,109.20,109.10,105.83,,109.20,,,18238,1866307.00,97,F1,1,,,,,
2026-06-30,2026-06-30,CM,BSE,STK,516110,INE146N01016,FAMILYCARE,X,,,,,FAMILY CARE HOSPITALS LIMITED,2.94,2.97,2.90,2.91,2.90,2.93,,2.91,,,54502,159197.00,142,F1,1,,,,,
2026-06-30,2026-06-30,CM,BSE,STK,517015,INE707A01012,VINDHYATEL,B,,,,,VINDHYA TELELINKS LTD.,2089.80,2109.00,2057.50,2077.35,2070.80,2060.35,,2078.70,,,2107,4404145.00,218,F1,1,,,,,
2026-06-30,2026-06-30,CM,BSE,STK,517035,INE302D01024,RIR,B,,,,,RIR POWER ELECTRONICS LIMITED,158.80,160.50,156.10,158.40,158.40,155.90,,158.40,,,73080,11557114.00,1419,F1,1,,,,,
2026-06-30,2026-06-30,CM,BSE,STK,517041,INE045A01017,ADOR,B,,,,,ADOR WELDING LTD.,1259.95,1279.00,1242.65,1266.30,1266.00,1252.65,,1269.10,,,1859,2348651.00,244,F1,1,,,,,
2026-06-30,2026-06-30,CM,BSE,STK,517044,INE649R01010,IDM,X,,,,,INTERNATIONAL DATA MANAGEMENT,33.15,34.12,30.88,34.12,34.12,32.50,,34.12,,,177,5493.00,6,F1,1,,,,,
2026-06-30,2026-06-30,CM,BSE,STK,517059,INE457F01013,SALZERELEC,B,,,,,SALZER ELECTRONICS LTD.,624.00,644.85,624.00,639.05,639.80,629.60,,636.95,,,2325,1473388.00,179,F1,1,,,,,
2026-06-30,2026-06-30,CM,BSE,STK,517063,INE919C01019,JETKINGQ,X,,,,,JETKING INFOTRAIN LTD.,100.20,100.20,96.00,96.20,96.00,99.85,,96.20,,,11426,1110866.00,133,F1,1,,,,,
2026-06-30,2026-06-30,CM,BSE,STK,517077,INE115E01010,INDAGIV,XT,,,,,IND-AGIV COMMERCE LTD.,54.15,54.15,54.15,54.15,54.15,57.00,,54.15,,,51,2761.00,2,F1,1,,,,,
2026-06-30,2026-06-30,CM,BSE,STK,517096,INE273A01015,APLAB,XT,,,,,APLAB LTD.,100.85,101.70,94.90,94.90,94.90,97.00,,94.90,,,5143,491732.00,37,F1,1,,,,,
2026-06-30,2026-06-30,CM,BSE,STK,517119,INE834B01012,PCS,X,,,,,PCS TECHNOLOGY LTD.,19.40,20.80,19.12,19.88,19.41,19.41,,19.88,,,5715,112941.00,41,F1,1,,,,,
2026-06-30,2026-06-30,CM,BSE,STK,517146,INE228A01035,USHAMART,A,,,,,USHA MARTIN LTD.,487.45,500.00,480.85,497.05,497.05,484.35,,496.90,,,87964,43480950.00,2230,F1,1,,,,,
2026-06-30,2026-06-30,CM,BSE,STK,517166,INE252A01019,SPELS,X,,,,,SPEL SEMICONDUCTOR LTD.,146.45,152.50,144.10,149.75,149.75,146.45,,149.75,,,70060,10434179.00,990,F1,1,,,,,
2026-06-30,2026-06-30,CM,BSE,STK,517168,INE287B01021,SUBROS,B,,,,,SUBROS LTD.,815.05,847.90,810.20,843.85,843.65,816.20,,842.45,,,9772,8128214.00,494,F1,1,,,,,
2026-06-30,2026-06-30,CM,BSE,STK,517170,INE125G01014,EDVENSWA,XT,,,,,Edvenswa Enterprises Limited,24.00,25.50,24.00,24.77,25.50,24.65,,24.77,,,10005,244107.00,30,F1,1,,,,,
2026-06-30,2026-06-30,CM,BSE,STK,517172,INE443P01038,PERVASIVE,XT,,,,,Pervasive Commodities Limited,3.51,3.51,3.51,3.51,3.51,3.45,,3.51,,,118,414.00,1,F1,1,,,,,
2026-06-30,2026-06-30,CM,BSE,STK,517174,INE671A01010,HONAUT,A,,,,,HONEYWELL AUTOMATION INDIA LTD,39000.00,39880.00,39000.00,39771.50,39850.00,39035.70,,39740.00,,,504,19979420.00,250,F1,1,,,,,
2026-06-30,2026-06-30,CM,BSE,STK,517201,INE311D01017,SWITCHTE,X,,,,,SWITCHING TECHNOLOGIES GUNTHER,107.13,107.14,104.00,107.14,107.14,102.04,,107.14,,,2831,302758.00,17,F1,1,,,,,
2026-06-30,2026-06-30,CM,BSE,STK,517206,INE162B01018,LUMAXIND,B,,,,,LUMAX INDUSTRIES LTD.,5194.55,5325.05,5151.00,5263.20,5267.35,5220.65,,5277.50,,,644,3382245.00,207,F1,1,,,,,
2026-06-30,2026-06-30,CM,BSE,STK,517214,INE927C01020,DIGISPICE,T,,,,,DIGISPICE TECHNOLOGIES LIMITED,19.85,19.85,18.73,19.79,19.79,19.28,,19.81,,,6138,117812.00,16,F1,1,,,,,
2026-06-30,2026-06-30,CM,BSE,STK,517236,INE216C01010,CALCOM,X,,,,,CALCOM VISION LTD.,81.00,81.00,78.50,79.58,79.50,79.98,,79.58,,,3950,315744.00,51,F1,1,,,,,
2026-06-30,2026-06-30,CM,BSE,STK,517238,INE083E01010,DYNAVSN,X,,,,,DYNAVISION LTD.,192.55,199.50,187.45,195.15,195.20,187.35,,195.15,,,28,5470.00,11,F1,1,,,,,
2026-06-30,2026-06-30,CM,BSE,STK,517246,INE788D01016,BCCFUBA,XT,,,,,BCC FUBA INDIA LTD.,163.20,175.00,159.75,171.80,173.80,168.15,,171.80,,,46921,7714973.00,269,F1,1,,,,,
2026-06-30,2026-06-30,CM,BSE,STK,517258,INE143C01024,PRECISIO,XT,,,,,PRECISION ELECTRONICS LTD.,255.70,258.75,243.00,245.45,250.00,255.40,,245.45,,,3824,956778.00,113,F1,1,,,,,
2026-06-30,2026-06-30,CM,BSE,STK,517264,INE087E01011,FINELINE,X,,,,,FINE-LINE CIRCUITS LTD.,60.42,60.42,60.40,60.42,60.42,57.55,,60.42,,,2018,121921.00,23,F1,1,,,,,
2026-06-30,2026-06-30,CM,BSE,STK,517271,INE292B01021,HBLENGINE,A,,,,,HBL ENGINEERING LIMITED,794.95,819.00,786.00,811.70,811.70,793.45,,812.20,,,148623,119325381.00,4520,F1,1,,,,,
2026-06-30,2026-06-30,CM,BSE,STK,517273,INE902B01017,S&SPOWER,B,,,,,S&S POWER SWITCHGEAR LTD.,367.15,367.15,367.10,367.10,367.10,385.95,,368.55,,,45,16520.00,5,F1,1,,,,,
2026-06-30,2026-06-30,CM,BSE,STK,517286,INE335Q01026,RNITAI,XT,,,,,RNIT AI SOLUTIONS LIMITED,63.00,63.00,60.17,60.59,60.59,63.00,,60.59,,,133356,8126270.00,318,F1,1,,,,,
2026-06-30,2026-06-30,CM,BSE,STK,517288,INE541F01022,GUJARATPOLY,XT,,,,,Gujarat Poly Electronics Limit,76.00,78.95,75.15,78.85,78.85,78.05,,78.85,,,3220,247460.00,38,F1,1,,,,,
2026-06-30,2026-06-30,CM,BSE,STK,517300,INE162A01010,GIPCL,B,,,,,GUJARAT INDUSTRIES POWER CO.LT,162.10,163.70,160.00,160.90,161.35,163.35,,160.58,,,24078,3897092.00,269,F1,1,,,,,
2026-06-30,2026-06-30,CM,BSE,STK,517320,INE898E01011,MAGNUS,XT,,,,,MAGNUS STEEL AND INFRA LIMITED,92.10,92.10,92.05,92.10,92.10,87.75,,92.10,,,326427,30061178.00,1115,F1,1,,,,,
2026-06-30,2026-06-30,CM,BSE,STK,517334,INE775A01035,MOTHERSON,A,,,,,Samvardhana Motherson Internat,148.20,150.45,146.50,148.20,148.20,150.65,,148.11,,,1209255,179696241.00,6967,F1,1,,,,,
2026-06-30,2026-06-30,CM,BSE,STK,517336,INE834C01028,MODMA,P,,,,,MODERN MALLEABLES LTD.,63.40,63.40,62.14,62.14,62.14,63.40,,62.14,,,1900,118725.00,6,F1,100,,,,,
2026-06-30,2026-06-30,CM,BSE,STK,517344,INE110B01017,MINDTECK,B,,,,,MINDTECK (INDIA) LTD.,204.00,206.10,202.15,203.60,204.80,203.90,,203.02,,,6598,1342462.00,493,F1,1,,,,,
2026-06-30,2026-06-30,CM,BSE,STK,517354,INE176B01034,HAVELLS,A,,,,,HAVELLS INDIA LTD.,1160.00,1164.15,1140.70,1159.55,1153.30,1155.95,,1159.30,,,30382,35078827.00,1684,F1,1,,,,,
2026-06-30,2026-06-30,CM,BSE,STK,517356,INE167B01025,ACIIN,X,,,,,ACI INFOCOM LTD.,1.51,1.51,1.25,1.34,1.34,1.38,,1.34,,,916145,1228244.00,488,F1,1,,,,,
2026-06-30,2026-06-30,CM,BSE,STK,517360,INE689V01018,SBECSYS,X,,,,,SBEC SYSTEMS (INDIA) LTD.,21.00,21.00,20.00,20.00,20.00,20.52,,20.00,,,1401,28132.00,20,F1,1,,,,,
2026-06-30,2026-06-30,CM,BSE,STK,517370,INE437C01012,INCAP,X,,,,,INCAP LTD.,108.50,116.00,98.00,111.99,115.00,103.72,,111.99,,,26063,2889340.00,150,F1,1,,,,,
2026-06-30,2026-06-30,CM,BSE,STK,517372,INE877E01015,GUJINTRX,X,,,,,GUJARAT INTRUX LTD.,447.90,447.90,433.00,441.90,444.00,441.05,,441.90,,,425,187639.00,54,F1,1,,,,,
2026-06-30,2026-06-30,CM,BSE,STK,517380,INE188B01013,IGARASHI,B,,,,,IGARASHI MOTORS INDIA LTD.,462.95,465.00,452.40,459.20,462.45,460.10,,459.30,,,7494,3429278.00,279,F1,1,,,,,
2026-06-30,2026-06-30,CM,BSE,STK,517385,INE225D01027,SYMPHONY,B,,,,,SYMPHONY LIMITED,690.90,693.90,679.25,680.70,679.30,690.65,,681.10,,,2647,1813997.00,360,F1,1,,,,,
2026-06-30,2026-06-30,CM,BSE,STK,517393,INE043B01028,REGANTO,Z,,,,,REGANTO ENTERPRISES LIMITED,6.77,6.77,6.29,6.57,6.65,6.62,,6.57,,,223951,1464270.00,186,F1,1,,,,,
2026-06-30,2026-06-30,CM,BSE,STK,517397,INE648E01010,PANELEC,X,,,,,PAN ELECTRONICS INDIA LTD.,26.49,26.49,25.50,25.96,25.96,25.00,,25.96,,,131,3382.00,5,F1,1,,,,,
2026-06-30,2026-06-30,CM,BSE,STK,517399,INE756A01019,VXLINSTR,XT,,,,,VXL INSTRUMENTS LTD.,3.00,3.23,2.95,3.23,3.23,3.09,,3.23,,,1911,5645.00,11,F1,1,,,,,
2026-06-30,2026-06-30,CM,BSE,STK,517411,INE635A01023,SHYAMTEL,T,,,,,SHYAM TELECOM LTD.,20.15,20.15,20.15,20.15,20.15,20.26,,19.96,,,5,100.00,1,F1,1,,,,,
2026-06-30,2026-06-30,CM,BSE,STK,517415,INE791B01014,LEENEE,X,,,,,LEE & NEE SOFTWARES (EXPORTS),7.61,7.89,7.61,7.87,7.89,7.65,,7.87,,,14139,110881.00,62,F1,1,,,,,
2026-06-30,2026-06-30,CM,BSE,STK,517417,INE082C01024,PATELSAI,XT,,,,,PATELS AIRTEMP (INDIA) LTD.,383.70,396.65,362.40,375.30,381.95,381.45,,375.30,,,12446,4675419.00,364,F1,1,,,,,
2026-06-30,2026-06-30,CM,BSE,STK,517421,INE295F01017,BUTTERFLY,B,,,,,BUTTERFLY GANDHIMATHI APPLIANC,646.00,652.60,637.20,639.85,640.80,642.15,,639.40,,,463,297802.00,62,F1,1,,,,,
2026-06-30,2026-06-30,CM,BSE,STK,517429,INE576B01019,ATHENAGLO,XT,,,,,Athena Global Technologies Lim,60.40,62.50,57.10,59.04,57.15,60.10,,59.04,,,3980,238481.00,43,F1,1,,,,,
2026-06-30,2026-06-30,CM,BSE,STK,517431,INE060D01028,NARMP,XT,,,,,NARMADA MACPLAST DRIP IRRIGATI,23.15,24.36,23.10,24.25,24.33,23.20,,24.25,,,674673,16378220.00,141,F1,1,,,,,
2026-06-30,2026-06-30,CM,BSE,STK,517437,INE940C01015,DUTRON,X,,,,,DUTRON POLYMERS LTD.,102.40,105.00,102.40,105.00,105.00,101.75,,105.00,,,18,1851.00,3,F1,1,,,,,
2026-06-30,2026-06-30,CM,BSE,STK,517447,INE165B01029,RSSOFTWARE,T,,,,,R.S.SOFTWARE INDIA LTD.,33.89,35.27,33.89,35.27,35.27,34.58,,35.64,,,5198,181207.00,14,F1,1,,,,,
2026-06-30,2026-06-30,CM,BSE,STK,517449,INE437D01010,MAGNAELQ,XT,,,,,MAGNA ELECTRO CASTINGS LTD.,1106.00,1106.00,1055.00,1100.00,1100.00,1062.05,,1100.00,,,824,900931.00,37,F1,1,,,,,
2026-06-30,2026-06-30,CM,BSE,STK,517467,INE415B01044,MARSONS,B,,,,,MARSONS LIMITED,112.45,119.65,112.10,113.40,113.40,112.10,,113.28,,,85766,10004320.00,915,F1,1,,,,,
2026-06-30,2026-06-30,CM,BSE,STK,517477,INE033C01019,ELNET,X,,,,,ELNET TECHNOLOGIES LTD.,337.00,344.20,336.00,336.00,336.00,337.00,,336.00,,,1246,424441.00,35,F1,1,,,,,
2026-06-30,2026-06-30,CM,BSE,STK,517494,INE258C01038,ACCEL,X,,,,,ACCEL LIMITED,13.69,13.69,12.99,13.35,13.35,13.30,,13.35,,,5181,67504.00,26,F1,1,,,,,
2026-06-30,2026-06-30,CM,BSE,STK,517498,INE855C01023,WEBELSOLAR,A,,,,,WEBSOL ENERGY SYSTEM LTD.,99.65,102.50,99.65,101.45,101.45,99.60,,101.32,,,136490,13813465.00,1111,F1,1,,,,,
2026-06-30,2026-06-30,CM,BSE,STK,517500,INE535D01037,ROTO,B,,,,,ROTO PUMPS LTD.,71.49,73.31,70.80,72.48,72.98,71.53,,72.13,,,177838,12823116.00,917,F1,1,,,,,
2026-06-30,2026-06-30,CM,BSE,STK,517506,INE690A01028,TTKPRESTIG,A,,,,,TTK PRESTIGE LTD.,590.55,632.95,580.00,615.90,612.00,594.95,,616.40,,,26895,16486492.00,1645,F1,1,,,,,
2026-06-30,2026-06-30,CM,BSE,STK,517514,INE589D01018,DHINDIA,XT,,,,,D&H INDIA LTD,260.00,268.00,253.00,265.40,264.95,263.40,,265.40,,,9098,2360714.00,97,F1,1,,,,,
2026-06-30,2026-06-30,CM,BSE,STK,517522,INE451D01029,RAJRATAN,B,,,,,RAJRATAN GLOBAL WIRE LTD.,437.25,444.00,430.00,441.60,441.50,433.70,,441.40,,,1557,677607.00,119,F1,1,,,,,
2026-06-30,2026-06-30,CM,BSE,STK,517530,INE130B01031,SURANAT&P,B,,,,,SURANA TELECOM AND POWER LIMIT,20.00,20.15,19.36,19.53,19.53,20.05,,19.55,,,10822,212372.00,158,F1,1,,,,,
2026-06-30,2026-06-30,CM,BSE,STK,517536,INE229A01017,ONWARDTEC,B,,,,,ONWARD TECHNOLOGIES LTD.,286.60,289.00,282.00,286.65,283.50,287.10,,286.30,,,9905,2822847.00,361,F1,1,,,,,
2026-06-30,2026-06-30,CM,BSE,STK,517544,INE320B01020,CENTUM,B,,,,,CENTUM ELECTRONICS LTD.,3722.50,3910.00,3647.80,3785.25,3794.60,3662.65,,3784.00,,,5658,21736255.00,926,F1,1,,,,,
2026-06-30,2026-06-30,CM,BSE,STK,517546,INE209C01015,ALFATRAN,XT,,,,,ALFA TRANSFORMERS LTD.,44.20,45.08,44.00,44.01,44.01,44.20,,44.01,,,2519,111149.00,35,F1,1,,,,,
2026-06-30,2026-06-30,CM,BSE,STK,517554,INE141C01036,NHCFOODS,XT,,,,,NHC FOODS LTD.,1.08,1.11,1.01,1.11,1.11,1.06,,1.11,,,3663731,3861982.00,710,F1,1,,,,,
2026-06-30,2026-06-30,CM,BSE,STK,517556,INE362A01016,PVP,B,,,,,PVP VENTURES LTD.,27.71,29.95,27.71,29.61,29.65,28.50,,29.66,,,9053,265006.00,126,F1,1,,,,,
2026-06-30,2026-06-30,CM,BSE,STK,517562,INE948A01012,TRIGYN,B,,,,,TRIGYN TECHNOLOGIES LTD.,50.99,51.87,50.99,51.29,51.29,52.03,,51.23,,,645,33147.00,25,F1,1,,,,,
2026-06-30,2026-06-30,CM,BSE,STK,517569,INE878B01027,KEI,A,,,,,KEI INDUSTRIES LTD.,5368.25,5475.00,5261.05,5427.70,5427.70,5476.10,,5427.50,,,18917,101933970.00,6754,F1,1,,,,,
2026-06-30,2026-06-30,CM,BSE,STK,518011,INE145L01012,KEERTHI,X,,,,,KEERTHI INDUSTRIES LTD.,39.50,40.50,39.50,39.79,39.78,38.75,,39.79,,,1730,69156.00,10,F1,1,,,,,
2026-06-30,2026-06-30,CM,BSE,STK,518053,INE827D01020,SRICC,X,,,,,Sri Chakra Cement Limited,41.00,41.00,40.50,40.71,40.50,41.97,,40.71,,,53,2153.00,15,F1,1,,,,,
2026-06-30,2026-06-30,CM,BSE,STK,518075,INE069E01019,SURAJ,Z,,,,,SURAJ PRODUCTS LTD.,238.15,238.15,226.00,230.30,232.75,227.85,,230.30,,,3602,828273.00,61,F1,1,,,,,
2026-06-30,2026-06-30,CM,BSE,STK,518091,INE071F01012,APCL,B,,,,,ANJANI PORTLAND CEMENT LTD.,106.05,108.25,105.70,107.60,107.60,106.50,,107.92,,,360,38566.00,36,F1,1,,,,,
2026-06-30,2026-06-30,CM,BSE,STK,519003,INE537F01012,MODINATUR,T,,,,,MODI NATURALS LIMITED,439.00,439.75,438.95,439.75,439.75,418.85,,440.70,,,916,402388.00,19,F1,1,,,,,
2026-06-30,2026-06-30,CM,BSE,STK,519014,INE100E01012,PRSNTIN,X,,,,,PRASHANT INDIA LTD.,18.40,18.40,17.50,17.50,17.50,18.40,,17.50,,,21,368.00,2,F1,1,,,,,
2026-06-30,2026-06-30,CM,BSE,STK,519031,INE455D01012,SHAHFOOD,X,,,,,SHAH FOODS LTD.,227.85,227.85,227.85,227.85,227.85,217.00,,227.85,,,235,53544.00,7,F1,1,,,,,
2026-06-30,2026-06-30,CM,BSE,STK,519091,INE488B01017,TASTYBITE,B,,,,,TASTY BITE EATABLES LTD.,8620.95,8620.95,8436.65,8513.35,8600.00,8481.25,,8494.50,,,262,2225202.00,51,F1,1,,,,,
2026-06-30,2026-06-30,CM,BSE,STK,519097,INE534D01014,RITESHIN,X,,,,,RITESH INTERNATIONAL LTD.,59.00,62.51,59.00,60.09,60.09,63.47,,60.09,,,10626,642518.00,85,F1,1,,,,,
2026-06-30,2026-06-30,CM,BSE,STK,519105,INE488D01021,AVTNPL,B,,,,,AVT NATURAL PRODUCTS LTD.,70.66,71.40,69.75,70.95,70.95,71.15,,70.86,,,2113,148091.00,26,F1,1,,,,,
2026-06-30,2026-06-30,CM,BSE,STK,519126,INE254N01026,HNDFDS,B,,,,,HINDUSTAN FOODS LTD.,550.00,560.00,547.70,555.60,556.55,548.75,,556.00,,,2779,1543866.00,154,F1,1,,,,,
2026-06-30,2026-06-30,CM,BSE,STK,519136,INE289A01011,NAHARINDUS,B,,,,,NAHAR INDUSTRIAL ENTERPRISES L,120.30,120.30,116.50,117.15,116.50,117.70,,116.88,,,279,32705.00,15,F1,1,,,,,
2026-06-30,2026-06-30,CM,BSE,STK,519152,INE693D01018,VADILENT,X,,,,,VADILAL ENTERPRISES LTD.,10100.00,10100.00,9890.00,9890.00,9890.00,9800.00,,9890.00,,,4,40189.00,3,F1,1,,,,,
2026-06-30,2026-06-30,CM,BSE,STK,519156,INE694D01016,VADILALIND,B,,,,,VADILAL INDUSTRIES LTD.,6309.35,6413.00,6262.00,6312.40,6262.00,6352.95,,6289.20,,,423,2677840.00,100,F1,1,,,,,
2026-06-30,2026-06-30,CM,BSE,STK,519174,INE709D01012,ASHAI,XT,,,,,ASHIANA AGRO INDUSTRIES LTD.,12.00,12.00,11.99,11.99,11.99,12.06,,11.99,,,3,35.00,3,F1,1,,,,,
2026-06-30,2026-06-30,CM,BSE,STK,519183,INE982B01027,ADFFOODS,B,,,,,ADF FOODS LTD.,303.45,314.45,303.45,310.20,308.20,305.30,,310.70,,,12076,3747293.00,422,F1,1,,,,,
2026-06-30,2026-06-30,CM,BSE,STK,519191,INE601N01010,RGRL,Z,,,,,Retro Green Revolution Limited,1.51,1.53,1.45,1.50,1.48,1.50,,1.50,,,23211,34851.00,57,F1,1,,,,,
2026-06-30,2026-06-30,CM,BSE,STK,519214,INE188E01017,WILLIMFI,X,,,,,WILLIAMSON FINANCIAL SERVICES,7.03,7.03,7.03,7.03,7.03,7.39,,7.03,,,1,7.00,1,F1,1,,,,,
2026-06-30,2026-06-30,CM,BSE,STK,519216,INE601B01023,AJANTSOY,X,,,,,AJANTA SOYA LTD.,21.14,21.94,20.80,21.85,21.84,21.14,,21.85,,,22865,489657.00,157,F1,1,,,,,
2026-06-30,2026-06-30,CM,BSE,STK,519224,INE210A01017,WILLAMAGOR,B,,,,,WILLIAMSON MAGOR & COMPANY LTD,25.25,28.00,25.25,25.31,25.31,26.05,,25.31,,,85,2175.00,14,F1,1,,,,,
2026-06-30,2026-06-30,CM,BSE,STK,519230,INE102C01020,KISAAN,X,,,,,KISAAN PARIVAR INDUSTRIES LIMI,15.33,15.74,15.25,15.48,15.48,15.33,,15.48,,,2071,31843.00,28,F1,1,,,,,
2026-06-30,2026-06-30,CM,BSE,STK,519234,INE843L01012,SIEL,X,,,,,SUPERIOR INDUSTRIAL ENTERPRISE,31.40,31.40,31.40,31.40,31.40,31.40,,31.40,,,100,3140.00,1,F1,1,,,,,
2026-06-30,2026-06-30,CM,BSE,STK,519238,INE233P01017,SPTRSHI,X,,,,,SAPTARISHI AGRO INDUSTRIES LTD,29.83,29.83,26.99,27.01,27.01,28.41,,27.01,,,1209,32669.00,19,F1,1,,,,,
2026-06-30,2026-06-30,CM,BSE,STK,519260,INE890C01046,SANWARIA,Z,,,,,SANWARIA CONSUMER LIMITED,0.49,0.49,0.49,0.49,0.49,0.49,,0.21,,,4,1.00,4,F1,1,,,,,
2026-06-30,2026-06-30,CM,BSE,STK,519262,INE297D01018,PRIMAGR,X,,,,,PRIMA AGRO LTD.,17.25,17.50,16.25,17.15,17.25,16.63,,17.15,,,628,10640.00,21,F1,1,,,,,
2026-06-30,2026-06-30,CM,BSE,STK,519285,INE906C01016,TARAI,Z,,,,,TARAI FOODS LTD.,4.78,4.78,4.78,4.78,4.78,5.03,,4.78,,,9328,44587.00,26,F1,1,,,,,
2026-06-30,2026-06-30,CM,BSE,STK,519287,INE617B01011,MODAIRY,X,,,,,MODERN DAIRIES LTD.,32.58,32.84,31.56,31.77,31.77,31.80,,31.77,,,8808,281032.00,93,F1,1,,,,,
2026-06-30,2026-06-30,CM,BSE,STK,519295,INE921D01013,BAMBINO,X,,,,,BAMBINO AGRO INDUSTRIES LTD.,212.50,212.50,203.40,204.40,204.00,212.55,,204.40,,,1138,234354.00,20,F1,1,,,,,
2026-06-30,2026-06-30,CM,BSE,STK,519299,INE543F01028,PRIMIND,XT,,,,,PRIME INDUSTRIES LTD.,44.00,44.00,42.13,42.16,42.13,44.00,,42.16,,,211660,8923923.00,18,F1,1,,,,,
2026-06-30,2026-06-30,CM,BSE,STK,519307,INE706A01022,VIKASWSP,Z,,,,,VIKAS WSP LTD.,0.98,1.00,0.95,0.97,0.97,0.98,,0.97,,,63505,61221.00,59,F1,1,,,,,
2026-06-30,2026-06-30,CM,BSE,STK,519331,INE923K01014,VSFPROJ,X,,,,,VSF PROJECTS LTD.,36.45,36.45,36.37,36.37,36.37,35.49,,36.37,,,101,3673.00,2,F1,1,,,,,
2026-06-30,2026-06-30,CM,BSE,STK,519359,INE809E01018,POONADAL,X,,,,,POONA DAL & OIL INDUSTRIES LTD,62.96,63.95,62.50,62.93,62.93,65.00,,62.93,,,1468,92172.00,20,F1,1,,,,,
2026-06-30,2026-06-30,CM,BSE,STK,519367,INE213P01027,TRANSFD,X,,,,,TRANSGLOBE FOODS LTD.,510.00,510.00,510.00,510.00,510.00,526.00,,510.00,,,5,2550.00,1,F1,1,,,,,
2026-06-30,2026-06-30,CM,BSE,STK,519383,INE087B01017,ANIKINDS,T,,,,,ANIK INDUSTRIES LTD.,43.62,45.85,43.62,45.85,45.85,45.90,,45.74,,,135,5932.00,6,F1,1,,,,,
2026-06-30,2026-06-30,CM,BSE,STK,519397,INE220Z01013,SHINDL,B,,,,,SHARAT INDUSTRIES LTD.,147.00,150.00,145.00,149.60,149.80,145.45,,148.85,,,73782,10783645.00,320,F1,1,,,,,
2026-06-30,2026-06-30,CM,BSE,STK,519421,INE953E01022,KSE,X,,,,,KSE LTD.,186.00,192.95,185.25,186.55,187.80,187.50,,186.55,,,6377,1194018.00,175,F1,1,,,,,
2026-06-30,2026-06-30,CM,BSE,STK,519457,INE295C01014,VIRATCRA,X,,,,,VIRAT CRANE INDUSTRIES LTD.,39.15,42.99,37.00,40.88,40.98,37.81,,40.88,,,17321,696978.00,134,F1,1,,,,,
2026-06-30,2026-06-30,CM,BSE,STK,519463,INE678B01039,IBINFO,XT,,,,,IB INFOTECH ENTERPRISES LTD.,42.95,42.95,42.95,42.95,42.95,43.82,,42.95,,,280,12026.00,11,F1,1,,,,,
2026-06-30,2026-06-30,CM,BSE,STK,519471,INE072V01017,AMBARPIL,X,,,,,Ambar Protein Industries Limit,189.85,220.45,189.85,207.50,207.05,197.60,,207.50,,,11221,2267009.00,168,F1,1,,,,,
2026-06-30,2026-06-30,CM,BSE,STK,519475,INE975C01011,CHORDIA,X,,,,,CHORDIA FOOD PRODUCTS LTD.,72.94,72.94,69.31,69.31,69.31,72.94,,69.31,,,468,32612.00,12,F1,1,,,,,
2026-06-30,2026-06-30,CM,BSE,STK,519477,INE052V01019,CIANAGRO,T,,,,,CIAN Agro Ind & Infra Ltd,1605.00,1750.00,1600.00,1720.75,1720.75,1672.95,,1720.75,,,138987,230303719.00,7143,F1,1,,,,,
2026-06-30,2026-06-30,CM,BSE,STK,519479,INE112B01013,OMEAG,X,,,,,OMEGA AG-SEEDS (PUNJAB) LTD.,9.66,9.66,9.66,9.66,9.66,9.20,,9.66,,,215,2076.00,3,F1,1,,,,,
2026-06-30,2026-06-30,CM,BSE,STK,519500,INE356C01022,BKV,X,,,,,BKV INDUSTRIES LTD.,9.79,10.25,9.79,9.80,10.08,9.99,,9.80,,,1320,12941.00,11,F1,1,,,,,
2026-06-30,2026-06-30,CM,BSE,STK,519528,INE369C01017,NORBTEAEXP,B,,,,,NORBEN TEA & EXPORTS LTD.,70.59,72.25,68.99,68.99,68.99,72.40,,68.89,,,250,17287.00,22,F1,1,,,,,
2026-06-30,2026-06-30,CM,BSE,STK,519532,INE822B01017,ASIANTNE,X,,,,,ASIAN TEA & EXPORTS LTD.,9.16,9.50,9.07,9.30,9.34,9.07,,9.30,,,13358,123220.00,70,F1,1,,,,,
2026-06-30,2026-06-30,CM,BSE,STK,519552,INE978A01027,HERITGFOOD,A,,,,,HERITAGE FOODS LIMITED,332.45,333.95,327.50,329.10,328.00,330.55,,328.25,,,11883,3938859.00,424,F1,1,,,,,
2026-06-30,2026-06-30,CM,BSE,STK,519566,INE354D01017,SIMRAN,X,,,,,SIMRAN FARMS LTD.,159.25,161.85,158.85,159.20,159.00,158.90,,159.20,,,1494,237567.00,22,F1,1,,,,,
2026-06-30,2026-06-30,CM,BSE,STK,519574,INE092301014,HINDUST,X,,,,,HINDUSTAN AGRIGENETICS LTD.,45.77,45.77,42.00,42.88,43.00,45.77,,42.88,,,1499,64258.00,51,F1,1,,,,,
2026-06-30,2026-06-30,CM,BSE,STK,519600,INE421D01022,CCL,A,,,,,CCL PRODUCTS (INDIA) LTD.,1162.75,1192.85,1161.05,1180.95,1179.30,1162.45,,1181.20,,,5139,6058645.00,318,F1,1,,,,,
2026-06-30,2026-06-30,CM,BSE,STK,519602,INE164B01030,KELLTONTEC,B,,,,,KELLTON TECH SOLUTIONS LTD.,15.48,15.48,15.01,15.31,15.31,15.28,,15.32,,,117904,1787238.00,399,F1,1,,,,,
2026-06-30,2026-06-30,CM,BSE,STK,519606,INE177M01013,INTEGFD,XT,,,,,INTEGRATED PROTEINS LTD.,134.55,148.65,134.55,146.25,148.65,141.60,,146.25,,,7171,1012834.00,92,F1,1,,,,,
2026-06-30,2026-06-30,CM,BSE,STK,519612,INE734D01010,LAKESHORE,X,,,,,LAKE SHORE REALTY LIMITED,69.99,74.80,66.00,67.17,67.17,68.00,,67.17,,,11326,787674.00,136,F1,1,,,,,
2026-06-30,2026-06-30,CM,BSE,STK,520008,INE209B01025,RICOAUTO,B,,,,,RICO AUTO INDUSTRIES LTD.,133.65,139.60,132.15,135.25,135.25,132.85,,135.36,,,133292,18189155.00,1370,F1,1,,,,,
2026-06-30,2026-06-30,CM,BSE,STK,520021,INE090B01011,OMAXAUTO,T,,,,,OMAX AUTOS LTD.,212.80,224.50,207.60,223.90,224.00,217.20,,223.01,,,4993,1090680.00,100,F1,1,,,,,
2026-06-30,2026-06-30,CM,BSE,STK,520043,INE577A01027,MUNJALSHOW,B,,,,,MUNJAL SHOWA LTD.,125.55,128.30,125.55,128.00,128.00,126.60,,128.06,,,823,105020.00,50,F1,1,,,,,
2026-06-30,2026-06-30,CM,BSE,STK,520051,INE039C01032,JAMNAAUTO,B,,,,,JAMNA AUTO INDUSTRIES LTD.,133.95,133.95,131.00,131.15,131.95,132.85,,131.36,,,73262,9709429.00,801,F1,1,,,,,
2026-06-30,2026-06-30,CM,BSE,STK,520056,INE105A01035,TVSHLTD,A,,,,,TVS Holdings Limited,13434.40,13700.00,13434.40,13671.15,13700.00,13439.85,,13678.00,,,53,718281.00,43,F1,1,,,,,
2026-06-30,2026-06-30,CM,BSE,STK,520057,INE643A01035,JTEKTINDIA,B,,,,,JTEKT India Ltd,135.95,138.80,135.40,136.25,136.70,134.15,,136.23,,,18192,2482844.00,292,F1,1,,,,,
2026-06-30,2026-06-30,CM,BSE,STK,520059,INE672B01032,MUNJALAU,B,,,,,MUNJAL AUTO INDUSTRIES LTD.,92.60,93.75,92.50,92.63,92.50,92.67,,92.74,,,4478,417094.00,83,F1,1,,,,,
2026-06-30,2026-06-30,CM,BSE,STK,520066,INE571B01036,JAYBARMARU,B,,,,,JAY BHARAT MARUTI LTD.,174.65,176.25,167.60,171.65,171.70,171.25,,171.15,,,51233,8792009.00,752,F1,1,,,,,
2026-06-30,2026-06-30,CM,BSE,STK,520073,INE704B01017,RACLGEAR,B,,,,,RACL Geartech Limited,1388.35,1410.30,1370.00,1401.45,1408.80,1380.45,,1403.20,,,871,1216231.00,112,F1,1,,,,,
2026-06-30,2026-06-30,CM,BSE,STK,520075,INE706B01012,SAMKRG,X,,,,,SAMKRG PISTONS & RINGS LTD.,117.10,120.80,117.10,119.75,119.80,118.50,,119.75,,,503,60127.00,19,F1,1,,,,,
2026-06-30,2026-06-30,CM,BSE,STK,520111,INE703B01027,RATNAMANI,A,,,,,RATNAMANI METALS & TUBES LTD.,2550.00,2580.00,2502.00,2511.80,2506.60,2562.25,,2510.00,,,2285,5784011.00,218,F1,1,,,,,
2026-06-30,2026-06-30,CM,BSE,STK,520113,INE386A01023,VESUVIUS,A,,,,,VESUVIUS INDIA LTD.,466.50,472.45,457.25,458.95,457.50,466.45,,458.00,,,2285,1056463.00,166,F1,1,,,,,
2026-06-30,2026-06-30,CM,BSE,STK,520119,INE900C01027,ASAL,B,,,,,AUTOMOTIVE STAMPINGS & ASSEMBL,507.25,536.25,498.50,521.30,521.70,508.70,,520.10,,,2405,1263823.00,181,F1,1,,,,,
2026-06-30,2026-06-30,CM,BSE,STK,520123,INE125D01011,ABCINDQ,X,,,,,ABC INDIA LTD.,64.00,64.00,62.21,63.00,63.00,63.76,,63.00,,,493,30870.00,21,F1,1,,,,,
2026-06-30,2026-06-30,CM,BSE,STK,520127,INE654B01014,BALTE,X,,,,,BALURGHAT TECHNOLOGIES LTD.,12.75,12.75,11.78,12.24,12.24,12.74,,12.24,,,1030,12394.00,25,F1,1,,,,,
2026-06-30,2026-06-30,CM,BSE,STK,520141,INE441C01014,SIBARAUT,X,,,,,SIBAR AUTO PARTS LTD.,7.50,8.30,7.50,8.00,8.01,7.50,,8.00,,,9041,72144.00,38,F1,1,,,,,
2026-06-30,2026-06-30,CM,BSE,STK,520151,INE757B01015,TRANSWORLD,T,,,,,TRANSWORLD SHIPPING LINES LIMI,162.00,168.65,158.50,168.65,168.65,166.70,,165.14,,,2042,330069.00,23,F1,1,,,,,
2026-06-30,2026-06-30,CM,BSE,STK,520155,INE580C01019,STARLOG,X,,,,,Starlog Enterprises Limited,39.99,39.99,36.73,37.00,37.00,37.04,,37.00,,,1125,41567.00,15,F1,1,,,,,
2026-06-30,2026-06-30,CM,BSE,STK,521005,INE807M01031,TITANIN,X,,,,,TITAN INTECH LIMITED,0.96,0.99,0.95,0.97,0.97,0.96,,0.97,,,3540205,3431768.00,781,F1,1,,,,,
2026-06-30,2026-06-30,CM,BSE,STK,521014,INE022C01012,EUROTEXIND,T,,,,,EUROTEX INDUSTRIES & EXPORTS L,16.50,16.50,16.50,16.50,16.50,16.71,,16.34,,,200,3300.00,1,F1,1,,,,,
2026-06-30,2026-06-30,CM,BSE,STK,521016,INE483B01026,ICIL,A,,,,,INDO COUNT INDUSTRIES LTD.,424.45,445.90,420.20,438.25,439.10,423.25,,438.25,,,38597,16899328.00,816,F1,1,,,,,
2026-06-30,2026-06-30,CM,BSE,STK,521018,INE882A01013,MARALOVER,T,,,,,MARAL OVERSEAS LTD.,53.11,53.11,53.11,53.11,53.11,53.51,,55.39,,,30,1593.00,1,F1,1,,,,,
2026-06-30,2026-06-30,CM,BSE,STK,521034,INE314C01013,SOMATEX,B,,,,,SOMA TEXTILES & INDUSTRIES LTD,90.30,93.00,88.00,88.20,88.00,90.45,,88.31,,,1454,129609.00,61,F1,1,,,,,
2026-06-30,2026-06-30,CM,BSE,STK,521048,INE900E01015,ADVLIFE,X,,,,,ADVANCE LIFESTYLES LTD.,32.06,32.06,32.06,32.06,32.06,32.06,,32.06,,,1,32.00,1,F1,1,,,,,
2026-06-30,2026-06-30,CM,BSE,STK,521054,INE092E01011,KAKTEX,X,,,,,KAKATIYA TEXTILES LTD.,10.51,10.51,10.27,10.27,10.27,10.01,,10.27,,,625,6496.00,9,F1,1,,,,,
2026-06-30,2026-06-30,CM,BSE,STK,521062,INE814L01013,OCTAVE,X,,,,,PERFECT-OCTAVE MEDIA PROJECTS,4.09,4.09,3.90,3.91,3.91,4.03,,3.91,,,922,3603.00,10,F1,1,,,,,
2026-06-30,2026-06-30,CM,BSE,STK,521064,INE064C01022,TRIDENT,A,,,,,TRIDENT LTD.,25.82,26.30,25.77,26.12,26.17,25.89,,26.12,,,721316,18796261.00,2348,F1,1,,,,,
2026-06-30,2026-06-30,CM,BSE,STK,521070,INE270A01029,ALOKINDS,A,,,,,ALOK INDUSTRIES LTD.,12.65,12.82,12.60,12.72,12.72,12.64,,12.71,,,324215,4121835.00,752,F1,1,,,,,
2026-06-30,2026-06-30,CM,BSE,STK,521080,INE604F01010,PASARI,X,,,,,PASARI SPINNING MILLS LTD.,6.84,6.95,6.55,6.95,6.95,6.84,,6.95,,,160,1069.00,5,F1,1,,,,,
2026-06-30,2026-06-30,CM,BSE,STK,521097,INE484D01012,AMARJOTHI,X,,,,,AMARJOTHI SPINNING MILLS LTD.,166.80,169.50,163.35,167.10,167.50,166.80,,167.10,,,5164,862256.00,41,F1,1,,,,,
2026-06-30,2026-06-30,CM,BSE,STK,521105,INE482O01021,OLYMPTX,X,,,,,OLYMPIA INDUSTRIES LTD.,31.00,31.00,29.00,29.00,29.00,29.16,,29.00,,,55,1613.00,11,F1,1,,,,,
2026-06-30,2026-06-30,CM,BSE,STK,521109,INE123B01028,NAGREEKEXP,B,,,,,NAGREEKA EXPORTS LTD.,26.11,26.80,25.91,26.45,26.30,26.26,,26.00,,,1083,28575.00,27,F1,1,,,,,
2026-06-30,2026-06-30,CM,BSE,STK,521113,INE691D01012,SUDTIND-B,X,,,,,SUDITI INDUSTRIES LTD.,75.00,77.50,74.00,75.96,76.88,75.72,,75.96,,,14394,1080672.00,121,F1,1,,,,,
2026-06-30,2026-06-30,CM,BSE,STK,521131,INE363D01018,SBFL,X,,,,,Shree Bhavya Fabrics Limited,22.49,22.49,19.50,20.31,20.63,22.25,,20.31,,,13327,269140.00,80,F1,1,,,,,
2026-06-30,2026-06-30,CM,BSE,STK,521137,INE958A01011,EUREKAI,XT,,,,,EUREKA INDUSTRIES LTD.,13.68,13.68,13.68,13.68,13.68,13.42,,13.68,,,17747,242778.00,11,F1,1,,,,,
2026-06-30,2026-06-30,CM,BSE,STK,521141,INE122D01026,ADITYASP,X,,,,,ADITYA SPINNERS LTD.,16.24,16.25,14.51,15.43,15.43,16.24,,15.43,,,1887,28241.00,30,F1,1,,,,,
2026-06-30,2026-06-30,CM,BSE,STK,521149,INE419E01024,PRIMEURB,X,,,,,PRIME URBAN DEVELOPMENT INDIA,8.00,8.68,7.64,7.95,8.30,8.63,,7.95,,,11789,93290.00,35,F1,1,,,,,
2026-06-30,2026-06-30,CM,BSE,STK,521161,INE456D01010,SLSTLQ,X,,,,,SRI LAKSHMI SARASWATHI TEXTILE,30.47,30.47,30.00,30.00,30.00,30.47,,30.00,,,51,1553.00,2,F1,1,,,,,
2026-06-30,2026-06-30,CM,BSE,STK,521163,INE206B01013,ZODIACLOTH,B,,,,,ZODIAC CLOTHING CO.LTD.,83.00,83.00,80.00,80.62,80.00,82.00,,80.65,,,1653,134170.00,101,F1,1,,,,,
2026-06-30,2026-06-30,CM,BSE,STK,521178,INE306D01017,SRMCL,XT,,,,,SRI RAMAKRISHNA MILLS (COIMBAT,53.50,54.50,50.89,53.77,53.90,53.55,,53.77,,,1810,96487.00,27,F1,1,,,,,
2026-06-30,2026-06-30,CM,BSE,STK,521180,INE662A01027,SUPERSPIN,T,,,,,SUPER SPINNING MILLS LTD.,5.64,5.98,5.64,5.98,5.98,5.70,,6.01,,,621,3710.00,5,F1,1,,,,,
2026-06-30,2026-06-30,CM,BSE,STK,521194,INE923A01015,SILINV,B,,,,,SIL INVESTMENTS LTD.,411.15,426.60,411.15,418.05,418.00,426.00,,419.20,,,57,23797.00,13,F1,1,,,,,
2026-06-30,2026-06-30,CM,BSE,STK,521200,INE713B01026,SURYALAXMI,B,,,,,SURYALAKSHMI COTTON MILLS LTD.,62.52,63.65,62.52,63.65,63.65,61.99,,62.48,,,5361,341118.00,10,F1,1,,,,,
2026-06-30,2026-06-30,CM,BSE,STK,521206,INE931D01020,SAMTEX,X,,,,,SAMTEX FASHIONS LTD.,1.45,1.46,1.37,1.44,1.45,1.45,,1.44,,,25088,36230.00,31,F1,1,,,,,
2026-06-30,2026-06-30,CM,BSE,STK,521210,INE117C01010,CITYMAN,X,,,,,CITYMAN LTD.,14.02,14.75,14.02,14.75,14.75,14.75,,14.75,,,1202,17587.00,7,F1,1,,,,,
2026-06-30,2026-06-30,CM,BSE,STK,521216,INE220C01012,DHANROTO,X,,,,,DHANALAXMI ROTO SPINNERS LTD.,76.50,78.00,74.01,75.23,74.70,76.50,,75.23,,,1284,97484.00,51,F1,1,,,,,
2026-06-30,2026-06-30,CM,BSE,STK,521220,INE497D01022,DAMODARIND,B,,,,,DAMODAR INDUSTRIES LTD.,31.00,31.00,29.57,30.98,31.00,29.51,,30.30,,,1713,52205.00,81,F1,1,,,,,
2026-06-30,2026-06-30,CM,BSE,STK,521226,INE980D01019,UNIROYAL,X,,,,,UNIROYAL INDUSTRIES LTD.,19.94,19.95,19.02,19.02,19.02,19.02,,19.02,,,4678,93041.00,6,F1,1,,,,,
2026-06-30,2026-06-30,CM,BSE,STK,521228,INE083G01031,TATIAGLOB,X,,,,,TATIA GLOBAL VENNTURE LTD.,2.40,2.44,2.39,2.40,2.41,2.37,,2.40,,,23919,57557.00,115,F1,1,,,,,
2026-06-30,2026-06-30,CM,BSE,STK,521234,INE443E01016,SRINACHA,X,,,,,SRI NACHAMMAI COTTON MILLS LTD,26.37,28.50,25.55,26.79,28.50,27.99,,26.79,,,1629,42976.00,25,F1,1,,,,,
2026-06-30,2026-06-30,CM,BSE,STK,521238,INE893C01032,BGDL,B,,,,,BHARAT GLOBAL DEVELOPERS LIMIT,93.05,94.55,91.20,92.35,92.80,92.40,,92.35,,,7859,727135.00,277,F1,1,,,,,
2026-06-30,2026-06-30,CM,BSE,STK,521240,INE304D01012,SAMBANDAM,X,,,,,SAMBANDAM SPINNING MILLS LTD.,112.20,112.20,100.70,105.20,100.70,112.00,,105.20,,,32,3439.00,12,F1,1,,,,,
2026-06-30,2026-06-30,CM,BSE,STK,521246,INE162C01024,PARASPETRO,B,,,,,PARAS PETROFILS LTD.,2.00,2.06,1.90,2.04,2.04,2.03,,2.04,,,50457,100706.00,119,F1,1,,,,,
2026-06-30,2026-06-30,CM,BSE,STK,521248,INE602G01020,KITEX,A,,,,,KITEX GARMENTS LTD.,156.50,162.00,155.15,160.20,160.45,156.15,,160.17,,,94810,14958285.00,787,F1,1,,,,,
2026-06-30,2026-06-30,CM,BSE,STK,522001,INE608B01010,CRANEX,X,,,,,CRANEX LTD.,99.90,110.00,99.90,108.56,108.56,98.56,,108.56,,,55264,5870331.00,410,F1,1,,,,,
2026-06-30,2026-06-30,CM,BSE,STK,522004,INE177C01022,BATLIBOI,B,,,,,BATLIBOI LTD.,83.97,84.34,82.81,83.14,83.05,84.59,,82.92,,,2780,231807.00,62,F1,1,,,,,
2026-06-30,2026-06-30,CM,BSE,STK,522005,INE759F01012,AUSTENG,X,,,,,AUSTIN ENGINEERING CO.LTD.,139.95,139.95,128.05,130.20,129.20,130.20,,130.20,,,1667,219623.00,30,F1,1,,,,,
2026-06-30,2026-06-30,CM,BSE,STK,522014,INE961D01019,UNIDT,T,,,,,UNITED DRILLING TOOLS LTD.,213.00,217.70,204.15,213.00,213.00,211.25,,209.56,,,285,58813.00,13,F1,1,,,,,
2026-06-30,2026-06-30,CM,BSE,STK,522017,INE459C01016,FLUIDOM,X,,,,,FLUIDOMAT LTD.,850.00,898.80,850.00,892.75,898.80,827.80,,892.75,,,15418,13476659.00,616,F1,1,,,,,
2026-06-30,2026-06-30,CM,BSE,STK,522027,INE279D01016,EMAINDIA,XT,,,,,EMA INDIA LTD.,871.35,871.35,838.00,858.70,846.05,854.30,,858.70,,,1262,1094138.00,60,F1,1,,,,,
2026-06-30,2026-06-30,CM,BSE,STK,522029,INE052A01021,WINDMACHIN,B,,,,,WINDSOR MACHINES LTD.,307.70,310.70,303.00,303.50,303.50,305.10,,304.00,,,3044,930717.00,118,F1,1,,,,,
2026-06-30,2026-06-30,CM,BSE,STK,522034,INE631A01022,SHANTIGEAR,B,,,,,SHANTHI GEARS LTD.,441.95,446.35,441.00,444.00,444.00,439.95,,443.85,,,669,296546.00,42,F1,1,,,,,
2026-06-30,2026-06-30,CM,BSE,STK,522036,INE338P01014,MIVENMACH,X,,,,,MIVEN MACHINE TOOLS LTD.,85.71,85.71,85.71,85.71,85.71,85.71,,85.71,,,116,9942.00,2,F1,1,,,,,
2026-06-30,2026-06-30,CM,BSE,STK,522064,INE634A01018,HONDAPOWER,B,,,,,HONDA INDIA POWER PRODUCTS LIM,2189.00,2193.95,2173.00,2175.60,2174.00,2180.45,,2180.90,,,321,700738.00,58,F1,1,,,,,
2026-06-30,2026-06-30,CM,BSE,STK,522073,INE127B01011,HITECHGEAR,T,,,,,The Hi-Tech Gears Ltd,651.00,660.00,651.00,655.00,652.00,662.10,,655.70,,,117,76950.00,11,F1,1,,,,,
2026-06-30,2026-06-30,CM,BSE,STK,522074,INE285A01027,ELGIEQUIP,A,,,,,ELGI EQUIPMENTS LTD.,617.95,617.95,596.80,599.25,599.25,608.30,,598.10,,,13332,8049415.00,710,F1,1,,,,,
2026-06-30,2026-06-30,CM,BSE,STK,522091,INE890G01047,UVDRHOR,XT,,,,,UNITED VAN DER HORST LTD.,36.00,36.72,36.00,36.72,36.72,36.00,,36.72,,,1680,60780.00,15,F1,1,,,,,
2026-06-30,2026-06-30,CM,BSE,STK,522101,INE338F01015,KLBRENG-B,B,,,,,KILBURN ENGINEERING LTD.,489.30,497.00,485.00,494.70,494.70,487.65,,495.30,,,2102,1031151.00,195,F1,1,,,,,
2026-06-30,2026-06-30,CM,BSE,STK,522105,INE372E01025,BIRLAPREC,B,,,,,BIRLA PRECISION TECHNOLOGIES L,37.00,38.47,37.00,37.27,37.25,37.78,,37.35,,,8031,301125.00,76,F1,1,,,,,
2026-06-30,2026-06-30,CM,BSE,STK,522108,INE384C01016,YUKEN,B,,,,,YUKEN INDIA LTD.,732.00,778.00,732.00,766.60,772.25,727.65,,766.55,,,630,477067.00,85,F1,1,,,,,
2026-06-30,2026-06-30,CM,BSE,STK,522113,INE325A01013,TIMKEN,A,,,,,TIMKEN INDIA LTD.,3494.00,3558.00,3465.25,3481.50,3481.50,3495.35,,3485.60,,,4893,17184108.00,566,F1,1,,,,,
2026-06-30,2026-06-30,CM,BSE,STK,522122,INE285C01015,VOITHPAPR,X,,,,,VOITH PAPER FABRICS INDIA LTD.,1508.25,1508.25,1461.20,1477.10,1494.00,1508.25,,1477.10,,,362,537265.00,43,F1,1,,,,,
2026-06-30,2026-06-30,CM,BSE,STK,522134,INE133D01023,ARTSON,XT,,,,,ARTSON LIMITED,166.60,175.00,165.10,171.70,169.00,168.10,,171.70,,,9446,1607581.00,56,F1,1,,,,,
2026-06-30,2026-06-30,CM,BSE,STK,522152,INE410A01013,SOLIMAC,X,,,,,SOLITAIRE MACHINE TOOLS LTD.,93.00,93.00,86.60,87.75,87.75,91.50,,87.75,,,3965,350575.00,65,F1,1,,,,,
2026-06-30,2026-06-30,CM,BSE,STK,522163,INE989C01038,DIACABS,B,,,,,DIAMOND POWER INFRASTRUCTURE L,211.25,215.15,206.40,209.20,210.15,208.70,,209.33,,,269985,56952685.00,2280,F1,1,,,,,
2026-06-30,2026-06-30,CM,BSE,STK,522165,INE867D01018,INDSILHYD,X,,,,,INDSIL HYDRO POWER AND MANGANE,40.90,40.90,39.50,39.76,40.00,40.10,,39.76,,,2329,92597.00,51,F1,1,,,,,
2026-06-30,2026-06-30,CM,BSE,STK,522183,INE478D01014,ITL,X,,,,,ITL INDUSTRIES LTD.,270.00,270.00,259.00,266.15,267.00,260.40,,266.15,,,302,79810.00,38,F1,1,,,,,
2026-06-30,2026-06-30,CM,BSE,STK,522195,INE572D01014,FRONTSP,B,,,,,FRONTIER SPRINGS LTD.,1401.00,1440.70,1381.00,1386.25,1388.00,1404.95,,1384.60,,,2899,4051372.00,353,F1,1,,,,,
2026-06-30,2026-06-30,CM,BSE,STK,522205,INE074A01025,PRAJIND,A,,,,,PRAJ INDUSTRIES LTD.,346.05,355.50,346.05,351.15,351.15,346.70,,350.90,,,64434,22643048.00,1900,F1,1,,,,,
2026-06-30,2026-06-30,CM,BSE,STK,522207,INE682D01011,RASANDIK,X,,,,,RASANDIK ENGINEERING INDUSTRIE,60.31,63.89,60.08,62.49,63.89,60.08,,62.49,,,1923,117362.00,26,F1,1,,,,,
2026-06-30,2026-06-30,CM,BSE,STK,522209,INE429B01011,YOGISUNG,XT,,,,,YOGI SUNG-WON (INDIA) LTD.,7.75,7.75,7.75,7.75,7.75,7.60,,7.75,,,1,7.00,1,F1,1,,,,,
2026-06-30,2026-06-30,CM,BSE,STK,522215,INE461D01028,HLEGLAS,B,,,,,HLE GLASCOAT LIMITED,359.05,385.00,359.05,382.65,382.00,375.75,,382.55,,,4252,1616004.00,248,F1,1,,,,,
2026-06-30,2026-06-30,CM,BSE,STK,522217,INE826C01016,GUJAPOLLO,B,,,,,GUJARAT APOLLO INDUSTRIES LTD.,361.10,361.10,350.70,352.00,355.00,360.00,,355.00,,,645,227720.00,21,F1,1,,,,,
2026-06-30,2026-06-30,CM,BSE,STK,522229,INE692C01020,TANAA,X,,,,,TANEJA AEROSPACE & AVIATION LT,295.45,299.50,291.00,291.35,291.35,289.05,,291.35,,,11291,3319684.00,306,F1,1,,,,,
2026-06-30,2026-06-30,CM,BSE,STK,522231,INE714D01020,CONART,X,,,,,CONART ENGINEERS LTD.,95.50,96.00,93.15,94.20,94.05,92.85,,94.20,,,1011,95219.00,24,F1,1,,,,,
2026-06-30,2026-06-30,CM,BSE,STK,522235,INE097E01028,MINALIND,X,,,,,MINAL INDUSTRIES LIMITED,2.40,2.50,2.37,2.49,2.50,2.42,,2.49,,,9785,23902.00,64,F1,1,,,,,
2026-06-30,2026-06-30,CM,BSE,STK,522237,INE092H01014,SHIVAGR,X,,,,,SHIVAGRICO IMPLEMENTS LTD.,23.50,24.00,23.50,24.00,24.00,24.28,,24.00,,,19,451.00,2,F1,1,,,,,
2026-06-30,2026-06-30,CM,BSE,STK,522241,INE227C01017,MMFL,B,,,,,M.M.FORGINGS LTD.,459.10,460.90,452.05,452.90,452.05,455.65,,454.65,,,1790,817703.00,112,F1,1,,,,,
2026-06-30,2026-06-30,CM,BSE,STK,522249,INE040D01038,MAYURUNIQ,B,,,,,MAYUR UNIQUOTERS LTD.,847.85,875.00,841.20,861.55,863.00,815.90,,860.80,,,27910,23905589.00,1385,F1,1,,,,,
2026-06-30,2026-06-30,CM,BSE,STK,522251,INE627F01011,CENLUB,X,,,,,CENLUB INDUSTRIES LTD.,204.40,210.65,200.05,209.90,210.65,200.65,,209.90,,,4763,987974.00,118,F1,1,,,,,
2026-06-30,2026-06-30,CM,BSE,STK,522257,INE535F01024,RAJOOENG,B,,,,,RAJOO ENGINEERS LTD.,52.00,54.08,51.85,52.72,52.61,53.00,,52.63,,,59886,3158068.00,583,F1,1,,,,,
2026-06-30,2026-06-30,CM,BSE,STK,522261,INE920A01037,DOLPHIN,B,,,,,DOLPHIN OFFSHORE ENTERPRISES (,371.00,371.00,371.00,371.00,371.00,367.95,,371.45,,,1,371.00,1,F1,1,,,,,
2026-06-30,2026-06-30,CM,BSE,STK,522267,INE466D01019,VJLAXMIE,X,,,,,VEEJAY LAKSHMI ENGINEERING WOR,37.90,37.90,35.73,36.89,37.00,35.03,,36.89,,,26,965.00,8,F1,1,,,,,
2026-06-30,2026-06-30,CM,BSE,STK,522273,INE868C01018,AHMDSTE,XT,,,,,AHMEDABAD STEELCRAFT LTD.,182.25,182.25,182.00,182.25,182.25,173.60,,182.25,,,5088,927230.00,53,F1,1,,,,,
2026-06-30,2026-06-30,CM,BSE,STK,522275,INE200A01026,GVT&D,A,,,,,GE Vernova T&D India Limited,4965.05,5071.95,4892.00,4944.50,4980.00,4959.70,,4944.00,,,57487,286290909.00,8402,F1,1,,,,,
2026-06-30,2026-06-30,CM,BSE,STK,522281,INE207E01023,RAMRAT,B,,,,,RAM RATNA WIRES LTD.,402.60,411.70,393.30,407.65,410.00,405.20,,406.90,,,7559,3018829.00,394,F1,1,,,,,
2026-06-30,2026-06-30,CM,BSE,STK,522285,INE854B01010,JAYNECOIND,B,,,,,JAYASWAL NECO INDUSTRIES LTD.,84.65,86.00,84.55,84.90,84.80,84.60,,84.95,,,66467,5658963.00,478,F1,1,,,,,
2026-06-30,2026-06-30,CM,BSE,STK,522287,INE220B01022,KPIL,A,,,,,KALPATARU PROJECTS INTERNATION,1367.95,1404.60,1344.70,1369.95,1367.95,1347.90,,1370.10,,,30111,41364104.00,2748,F1,1,,,,,
2026-06-30,2026-06-30,CM,BSE,STK,522289,INE169F01014,NMSGLOBAL,X,,,,,NMS GLOBAL LIMITED,84.00,84.00,76.69,78.22,79.50,80.72,,78.22,,,7963,625616.00,195,F1,1,,,,,
2026-06-30,2026-06-30,CM,BSE,STK,522292,INE713D01055,CANDOUR,X,,,,,CANDOUR TECHTEX LIMITED,82.99,82.99,75.67,75.90,76.80,79.65,,75.90,,,26782,2055289.00,224,F1,1,,,,,
2026-06-30,2026-06-30,CM,BSE,STK,522294,INE811B01010,TIGLOB,X,,,,,T & I GLOBAL LTD.,163.50,169.55,163.50,169.40,169.40,166.00,,169.40,,,634,103841.00,7,F1,1,,,,,
2026-06-30,2026-06-30,CM,BSE,STK,522295,INE663B01015,CONTROLPR,B,,,,,CONTROL PRINT LTD.,634.90,634.90,616.00,623.15,620.00,616.80,,622.00,,,1454,909246.00,102,F1,1,,,,,
2026-06-30,2026-06-30,CM,BSE,STK,522650,INE142E01022,BEMHY,X,,,,,BEMCO HYDRAULICS LTD.,97.20,97.30,90.45,91.34,91.34,97.75,,91.34,,,11910,1105137.00,290,F1,1,,,,,
2026-06-30,2026-06-30,CM,BSE,STK,523007,INE030C01015,ANSALBU,X,,,,,ANSAL BUILDWELL LTD.,84.20,84.33,84.20,84.31,84.31,84.30,,84.31,,,130,10958.00,7,F1,1,,,,,
2026-06-30,2026-06-30,CM,BSE,STK,523011,INE080A01014,WEIZMANIND,B,,,,,WEIZMANN LTD.,85.74,85.74,84.38,84.39,84.40,85.45,,85.48,,,26,2208.00,4,F1,1,,,,,
2026-06-30,2026-06-30,CM,BSE,STK,523019,INE710D01028,BNRSEC,X,,,,,B.N.RATHI SECURITIES LTD.,15.91,16.10,15.60,15.73,15.90,16.19,,15.73,,,36871,583291.00,241,F1,1,,,,,
2026-06-30,2026-06-30,CM,BSE,STK,523021,INE989D01010,RISHITECH,X,,,,,RISHI TECHTEX LTD.,40.00,42.80,39.10,41.71,42.00,42.48,,41.71,,,1422,56756.00,22,F1,1,,,,,
2026-06-30,2026-06-30,CM,BSE,STK,523023,INE985A01022,SINCLAIR,B,,,,,SINCLAIRS HOTELS LTD.,75.50,76.87,75.50,75.58,75.57,75.90,,75.74,,,431,32822.00,16,F1,1,,,,,
2026-06-30,2026-06-30,CM,BSE,STK,523025,INE429E01023,SAFARI,A,,,,,SAFARI INDUSTRIES (INDIA) LTD.,1581.10,1600.00,1580.35,1591.10,1585.90,1589.05,,1594.00,,,2415,3845615.00,248,F1,1,,,,,
2026-06-30,2026-06-30,CM,BSE,STK,523054,INE626H01019,ZBINTXPP,XT,,,,,BINAYAK TEX PROCESSORS LTD.,1662.00,1662.00,1662.00,1662.00,1662.00,1671.00,,1662.00,,,1,1662.00,1,F1,1,,,,,
2026-06-30,2026-06-30,CM,BSE,STK,523062,INE584C01011,JJFINCOR,X,,,,,J.J.FINANCE CORPORATION LTD.,42.80,44.00,42.80,43.43,42.81,45.02,,43.43,,,1972,85610.00,6,F1,1,,,,,
2026-06-30,2026-06-30,CM,BSE,STK,523100,INE124B01018,COSMOFE,XT,,,,,COSMO FERRITES LTD.,197.10,197.10,197.10,197.10,197.10,193.25,,197.10,,,999,196902.00,12,F1,1,,,,,
2026-06-30,2026-06-30,CM,BSE,STK,523105,INE293E01031,CROPSTER,B,,,,,CROPSTER AGRO LIMITED,5.44,5.49,5.35,5.38,5.40,5.40,,5.38,,,46944,254117.00,175,F1,1,,,,,
2026-06-30,2026-06-30,CM,BSE,STK,523113,INE425D01015,FUTURSEC,X,,,,,FUTURISTIC SECURITIES LTD.,32.14,32.14,32.14,32.14,32.14,32.14,,32.14,,,12,385.00,2,F1,1,,,,,
2026-06-30,2026-06-30,CM,BSE,STK,523116,INE391G01012,SANCTRN,X,,,,,SANCO TRANS LTD.,750.00,760.00,750.00,759.10,760.00,759.40,,759.10,,,11,8350.00,2,F1,1,,,,,
2026-06-30,2026-06-30,CM,BSE,STK,523120,INE628D01014,THRIVE,X,,,,,THRIVE FUTURE HABITATS LIMITED,99.90,99.90,92.20,93.60,97.90,97.45,,93.60,,,3695,348105.00,36,F1,1,,,,,
2026-06-30,2026-06-30,CM,BSE,STK,523127,INE276C01014,EIHAHOTELS,B,,,,,EIH ASSOCIATED HOTELS LTD.,344.00,344.00,321.90,325.00,325.00,319.90,,324.00,,,448,145692.00,28,F1,1,,,,,
2026-06-30,2026-06-30,CM,BSE,STK,523144,INE442D01010,MEDICAPQ,X,,,,,MEDI-CAPS LTD.,27.06,28.07,26.00,26.59,26.59,26.92,,26.59,,,4501,120115.00,58,F1,1,,,,,
2026-06-30,2026-06-30,CM,BSE,STK,523151,INE910B01028,OTCO,XT,,,,,OTCO INTERNATIONAL LTD.,7.37,7.37,7.30,7.30,7.30,7.37,,7.30,,,1549,11395.00,6,F1,1,,,,,
2026-06-30,2026-06-30,CM,BSE,STK,523160,INE599F01020,FOSECOC,X,,,,,FOSECO CRUCIBLE INDIA LIMITED,1420.00,1438.95,1397.00,1404.75,1424.95,1419.80,,1404.75,,,1067,1510763.00,110,F1,1,,,,,
2026-06-30,2026-06-30,CM,BSE,STK,523186,INE00FM01013,BAPACK,X,,,,,B&A PACKAGING INDIA LIMITED,178.95,184.50,178.95,183.95,183.95,178.95,,183.95,,,78,14356.00,5,F1,1,,,,,
2026-06-30,2026-06-30,CM,BSE,STK,523207,INE760A01029,KOKUYOCMLN,B,,,,,KOKUYO CAMLIN LTD.,87.80,88.82,86.96,87.79,87.32,87.80,,87.79,,,2918,255755.00,65,F1,1,,,,,
2026-06-30,2026-06-30,CM,BSE,STK,523222,INE173J01018,SRMENERGY,X,,,,,SRM ENERGY LTD.,23.76,23.76,23.76,23.76,23.76,22.63,,23.76,,,2374,56406.00,18,F1,1,,,,,
2026-06-30,2026-06-30,CM,BSE,STK,523229,INE415D01024,BHARATSE,B,,,,,BHARAT SEATS LTD.,189.25,194.90,186.05,190.15,190.50,187.50,,189.87,,,16251,3089343.00,462,F1,1,,,,,
2026-06-30,2026-06-30,CM,BSE,STK,523232,INE369D01023,CONTPTR,X,,,,,CONTINENTAL PETROLEUMS LTD.,86.00,86.50,84.48,84.51,86.00,84.50,,84.51,,,6496,550289.00,23,F1,1,,,,,
2026-06-30,2026-06-30,CM,BSE,STK,523248,INE082B01018,MACPLASQ,X,,,,,MACHINO PLASTICS LTD.,273.70,273.70,265.00,268.00,268.00,267.35,,268.00,,,660,176561.00,21,F1,1,,,,,
2026-06-30,2026-06-30,CM,BSE,STK,523260,INE844A01013,PEARLPOLY,T,,,,,PEARL POLYMERS LTD.,18.77,18.77,18.38,18.41,18.40,18.02,,18.56,,,261,4838.00,9,F1,1,,,,,
2026-06-30,2026-06-30,CM,BSE,STK,523261,INE398A01010,VENKEYS,B,,,,,VENKYS (INDIA) LTD.,1438.35,1438.35,1412.90,1429.75,1427.20,1424.55,,1431.80,,,782,1112484.00,79,F1,1,,,,,
2026-06-30,2026-06-30,CM,BSE,STK,523269,INE199C01026,ADVANIHOTR,B,,,,,ADVANI HOTELS & RESORTS (INDIA,52.99,54.33,52.99,53.27,53.27,52.60,,53.19,,,10030,538552.00,144,F1,1,,,,,
2026-06-30,2026-06-30,CM,BSE,STK,523289,INE763B01013,RAMAVISION,X,,,,,RAMA VISION LTD.,143.80,143.80,133.00,136.90,136.90,139.15,,136.90,,,5611,763856.00,78,F1,1,,,,,
2026-06-30,2026-06-30,CM,BSE,STK,523301,INE822C01015,TCPLPACK,B,,,,,TCPL PACKAGING LTD.,3049.20,3049.20,2950.00,2971.20,2956.45,2974.15,,2966.60,,,294,873340.00,53,F1,1,,,,,
2026-06-30,2026-06-30,CM,BSE,STK,523309,INE241V01018,SHRIGANG,X,,,,,SHRI GANG INDUSTRIES AND ALLIE,69.02,70.00,65.99,68.30,68.30,69.55,,68.30,,,10149,689757.00,76,F1,1,,,,,
2026-06-30,2026-06-30,CM,BSE,STK,523319,INE164A01016,BALMLAWRIE,B,,,,,BALMER LAWRIE & CO.LTD.,183.05,183.20,181.15,182.10,182.30,183.05,,182.33,,,10536,1916177.00,253,F1,1,,,,,
2026-06-30,2026-06-30,CM,BSE,STK,523323,INE177F01017,KOVAI,B,,,,,KOVAI MEDICAL CENTER & HOSPITA,6131.15,6131.15,5912.50,5998.20,5996.00,5952.40,,5998.50,,,1177,7039422.00,490,F1,1,,,,,
2026-06-30,2026-06-30,CM,BSE,STK,523329,INE668G01021,ELDEHSG,B,,,,,ELDECO HOUSING & INDUSTRIES LT,721.00,824.75,721.00,823.00,824.75,804.55,,812.20,,,243,199956.00,13,F1,1,,,,,
2026-06-30,2026-06-30,CM,BSE,STK,523367,INE499A01024,DCMSHRIRAM,A,,,,,DCM SHRIRAM LIMITED,1026.10,1030.40,1001.85,1006.80,1006.00,1026.10,,1005.80,,,1779,1812143.00,226,F1,1,,,,,
2026-06-30,2026-06-30,CM,BSE,STK,523369,INE843D01027,DCMSRIND,B,,,,,DCM SHRIRAM INDUSTRIES LTD.,37.20,38.24,37.17,37.49,37.70,37.18,,37.70,,,4420,165988.00,57,F1,1,,,,,
2026-06-30,2026-06-30,CM,BSE,STK,523371,INE636A01039,MAWANASUG,T,,,,,MAWANA SUGARS LTD.,101.00,101.95,97.00,101.00,101.00,101.42,,99.26,,,10125,1000294.00,114,F1,1,,,,,
2026-06-30,2026-06-30,CM,BSE,STK,523373,INE281E01028,MINID,X,,,,,MINI DIAMONDS (INDIA) LTD.,5.92,5.92,5.70,5.75,5.75,5.96,,5.75,,,192892,1117234.00,688,F1,1,,,,,
2026-06-30,2026-06-30,CM,BSE,STK,523384,INE843B01013,MAHAPEXLTD,B,,,,,MAHA RASHTRA APEX CORPORATION,47.02,51.50,45.98,46.79,46.15,47.05,,46.61,,,18453,872621.00,99,F1,1,,,,,
2026-06-30,2026-06-30,CM,BSE,STK,523385,INE310A01015,NILKAMAL,B,,,,,NILKAMAL LTD.,1281.35,1285.60,1256.15,1262.70,1260.15,1268.80,,1259.20,,,284,361542.00,56,F1,1,,,,,
2026-06-30,2026-06-30,CM,BSE,STK,523387,INE982C01033,HOM,XT,,,,,HOMRE LIMITED,2.11,2.11,2.11,2.11,2.11,2.22,,2.11,,,61641,130062.00,78,F1,1,,,,,
2026-06-30,2026-06-30,CM,BSE,STK,523391,INE308A01027,NAHARPOLY,B,,,,,NAHAR POLYFILMS LTD.,250.15,252.05,250.00,252.05,252.05,250.00,,252.10,,,70,17541.00,4,F1,1,,,,,
2026-06-30,2026-06-30,CM,BSE,STK,523395,INE470A01017,3MINDIA,A,,,,,3M INDIA LTD.,33299.95,34224.90,32836.40,32940.85,32940.85,32996.30,,32900.00,,,342,11445018.00,232,F1,1,,,,,
2026-06-30,2026-06-30,CM,BSE,STK,523398,INE782A01015,BOSCH-HCIL,B,,,,,BOSCH HOME COMFORT INDIA LIMIT,1356.65,1382.50,1345.00,1359.30,1359.30,1351.20,,1362.10,,,1296,1764633.00,167,F1,1,,,,,
2026-06-30,2026-06-30,CM,BSE,STK,523405,INE780C01023,JMFINANCIL,A,,,,,JM FINANCIAL LTD.,123.90,124.55,121.50,122.40,122.40,123.85,,122.32,,,193039,23723119.00,2713,F1,1,,,,,
2026-06-30,2026-06-30,CM,BSE,STK,523411,INE833A01016,ADCINDIA,XT,,,,,ADC INDIA COMMUNICATIONS LIMIT,2367.20,2367.20,2367.20,2367.20,2367.20,2415.50,,2367.20,,,1392,3295142.00,51,F1,1,,,,,
2026-06-30,2026-06-30,CM,BSE,STK,523419,INE141D01018,TNTELE,B,,,,,TAMILNADU TELECOMMUNICATIONS L,9.22,9.22,8.28,8.75,8.75,9.00,,8.81,,,15425,134798.00,32,F1,1,,,,,
2026-06-30,2026-06-30,CM,BSE,STK,523445,INE046A01015,RIIL,B,,,,,RELIANCE INDUSTRIAL INFRASTRUC,824.00,827.00,813.00,815.35,815.35,837.80,,815.15,,,6092,4997826.00,442,F1,1,,,,,
2026-06-30,2026-06-30,CM,BSE,STK,523457,INE473A01011,LINDEINDIA,A,,,,,Linde India Limited,7300.00,7361.80,7258.35,7300.35,7258.35,7295.20,,7311.00,,,854,6251237.00,252,F1,1,,,,,
2026-06-30,2026-06-30,CM,BSE,STK,523465,INE969D01012,INDBNK,B,,,,,IND BANK HOUSING LTD.,41.01,48.98,41.01,45.05,45.05,45.33,,45.05,,,740,34173.00,23,F1,1,,,,,
2026-06-30,2026-06-30,CM,BSE,STK,523467,INE250C01027,JAIMATAG,X,,,,,JAI MATA GLASS LTD.,1.75,1.75,1.71,1.71,1.71,1.72,,1.71,,,38178,65394.00,87,F1,1,,,,,
2026-06-30,2026-06-30,CM,BSE,STK,523475,INE026D01011,LOTUSCHO,B,,,,,LOTUS CHOCOLATE CO.LTD.,680.00,699.00,675.55,678.50,680.90,684.15,,678.50,,,2673,1821568.00,221,F1,1,,,,,
2026-06-30,2026-06-30,CM,BSE,STK,523483,INE883C01025,PACIFICI,X,,,,,PACIFIC INDUSTRIES LTD.,138.95,138.95,128.00,134.45,136.85,129.25,,134.45,,,35,4685.00,11,F1,1,,,,,
2026-06-30,2026-06-30,CM,BSE,STK,523489,INE889F01017,CMMHOSP,X,,,,,CHENNAI MEENAKSHI MULTISPECIAL,41.00,41.00,38.00,38.86,38.41,39.40,,38.86,,,344,13495.00,16,F1,1,,,,,
2026-06-30,2026-06-30,CM,BSE,STK,523537,INE170D01025,APMIN,X,,,,,APM INDUSTRIES LTD.,50.10,52.95,50.10,52.60,52.60,52.31,,52.60,,,1221,63972.00,14,F1,1,,,,,
2026-06-30,2026-06-30,CM,BSE,STK,523539,INE372C01037,PRECWIRE,B,,,,,PRECISION WIRES INDIA LTD.,405.00,412.20,398.80,402.85,402.85,401.00,,401.85,,,39899,16176031.00,1180,F1,1,,,,,
2026-06-30,2026-06-30,CM,BSE,STK,523550,INE951B01014,KRYPTONQ,X,,,,,KRYPTON INDUSTRIES LTD.,34.00,35.40,34.00,34.50,34.50,34.67,,34.50,,,2333,81713.00,19,F1,1,,,,,
2026-06-30,2026-06-30,CM,BSE,STK,523558,INE010C01025,SWISSMLTRY,X,,,,,SWISS MILITARY CONSUMER GOODS,16.32,16.65,16.18,16.27,16.27,16.38,,16.27,,,173877,2833288.00,369,F1,1,,,,,
2026-06-30,2026-06-30,CM,BSE,STK,523566,INE199D01016,MARBU,X,,,,,MARTIN BURN LTD.,45.00,45.00,44.47,44.47,44.47,42.52,,44.47,,,268,11924.00,9,F1,1,,,,,
2026-06-30,2026-06-30,CM,BSE,STK,523574,INE623B01027,FEL,Z,,,,,Future Enterprises Limited,0.49,0.49,0.49,0.49,0.49,0.49,,0.40,,,30,14.00,6,F1,1,,,,,
2026-06-30,2026-06-30,CM,BSE,STK,523586,INE826B01018,INDTONER,X,,,,,INDIAN TONERS & DEVELOPERS LTD,298.95,300.00,294.00,295.90,296.95,296.75,,295.90,,,8219,2434414.00,293,F1,1,,,,,
2026-06-30,2026-06-30,CM,BSE,STK,523594,INE638D01021,KUNSTOFF,X,,,,,KUNSTSTOFFE INDUSTRIES LTD.,23.63,23.64,22.41,23.64,23.64,23.75,,23.64,,,49,1156.00,6,F1,1,,,,,
2026-06-30,2026-06-30,CM,BSE,STK,523598,INE109A01011,SCI,A,,,,,SHIPPING CORPORATION OF INDIA,307.70,310.50,303.30,305.35,305.00,307.55,,305.30,,,274397,83683458.00,3606,F1,1,,,,,
2026-06-30,2026-06-30,CM,BSE,STK,523606,INE438E01032,SIKA,B,,,,,SIKA INTERPLANT SYSTEMS LTD.,1069.95,1155.00,1064.05,1114.40,1122.00,1045.05,,1115.50,,,14773,16541465.00,994,F1,1,,,,,
2026-06-30,2026-06-30,CM,BSE,STK,523610,INE248A01017,ITI,A,,,,,ITI LTD.,297.00,300.10,296.65,298.40,299.30,296.20,,297.80,,,28166,8399069.00,505,F1,1,,,,,
2026-06-30,2026-06-30,CM,BSE,STK,523618,INE506A01018,DREDGECORP,B,,,,,DREDGING CORPORATION OF INDIA,1078.10,1118.80,1068.00,1100.75,1098.60,1067.55,,1097.20,,,17713,19454988.00,894,F1,1,,,,,
2026-06-30,2026-06-30,CM,BSE,STK,523620,INE486I01016,PHRMASI,X,,,,,PHAARMASIA LTD.,101.24,106.30,96.18,100.00,100.00,101.24,,100.00,,,214,21030.00,14,F1,1,,,,,
2026-06-30,2026-06-30,CM,BSE,STK,523630,INE870D01012,NFL,B,,,,,NATIONAL FERTILIZERS LTD.,74.80,75.09,74.35,74.65,75.09,74.41,,74.63,,,19984,1491627.00,209,F1,1,,,,,
2026-06-30,2026-06-30,CM,BSE,STK,523638,INE558A01019,IPRINGLTD,X,,,,,IP RINGS LTD.,135.90,135.90,125.40,126.85,126.00,126.65,,126.85,,,583,76486.00,26,F1,1,,,,,
2026-06-30,2026-06-30,CM,BSE,STK,523642,INE603J01030,PIIND,A,,,,,P.I.INDUSTRIES LTD.,2562.20,2587.10,2540.45,2556.10,2556.10,2561.05,,2555.10,,,25102,64349590.00,4180,F1,1,,,,,
2026-06-30,2026-06-30,CM,BSE,STK,523648,INE083C01022,PLASTIBLEN,B,,,,,PLASTIBLENDS INDIA LTD.,181.25,182.00,179.30,180.65,180.45,181.10,,181.03,,,2895,524986.00,131,F1,1,,,,,
2026-06-30,2026-06-30,CM,BSE,STK,523650,INE823D01011,YASHINNO,X,,,,,YASH INNOVENTURES LIMITED,31.01,31.90,29.81,30.61,30.61,31.37,,30.61,,,20504,617920.00,64,F1,1,,,,,
2026-06-30,2026-06-30,CM,BSE,STK,523660,INE054C01015,WATERBASE,X,,,,,WATERBASE LTD.,44.89,44.89,43.80,44.08,44.08,44.24,,44.08,,,8558,377137.00,132,F1,1,,,,,
2026-06-30,2026-06-30,CM,BSE,STK,523672,INE954B01018,FLEXFO,X,,,,,FLEX FOODS LTD.,50.00,50.00,45.60,46.17,46.17,50.55,,46.17,,,16980,791428.00,130,F1,1,,,,,
2026-06-30,2026-06-30,CM,BSE,STK,523676,INE798D01015,GOLKUNDIA,X,,,,,GOLKUNDA DIAMONDS & JEWELLERY,270.00,276.00,267.80,271.00,270.95,272.50,,271.00,,,1504,408591.00,29,F1,1,,,,,
2026-06-30,2026-06-30,CM,BSE,STK,523694,INE116A01032,APCOTEXIND,B,,,,,APCOTEX INDUSTRIES LTD.,505.85,509.00,495.50,506.60,508.90,495.90,,507.80,,,3495,1760208.00,207,F1,1,,,,,
2026-06-30,2026-06-30,CM,BSE,STK,523696,INE842B01015,FORTISMLR,X,,,,,FORTIS MALAR HOSPITALS LIMITED,52.00,52.98,51.55,52.10,52.01,52.31,,52.10,,,3812,199570.00,115,F1,1,,,,,
2026-06-30,2026-06-30,CM,BSE,STK,523704,INE759A01021,MASTEK,A,,,,,MASTEK LTD.,1579.20,1599.05,1541.60,1595.05,1598.50,1562.95,,1596.20,,,1667,2614733.00,218,F1,1,,,,,
2026-06-30,2026-06-30,CM,BSE,STK,523708,INE158B01016,EIMCOELECO,B,,,,,EIMCO ELECON (INDIA) LTD.,1695.00,1760.95,1689.35,1749.40,1750.05,1669.10,,1753.00,,,1870,3215674.00,283,F1,1,,,,,
2026-06-30,2026-06-30,CM,BSE,STK,523710,INE318C01014,SAYAJIHOTL,B,,,,,SAYAJI HOTELS LTD.,318.00,325.00,318.00,324.00,324.00,321.00,,308.00,,,31,10006.00,15,F1,1,,,,,
2026-06-30,2026-06-30,CM,BSE,STK,523716,INE365D01021,ASHIANA,B,,,,,ASHIANA HOUSING LTD.,388.45,400.00,381.95,397.00,395.90,388.45,,396.05,,,7169,2815189.00,309,F1,1,,,,,
2026-06-30,2026-06-30,CM,BSE,STK,523722,INE119B01018,SVAMSOF,X,,,,,SVAM SOFTWARE LTD.,7.24,7.24,6.56,6.67,6.56,6.90,,6.67,,,143663,1009431.00,94,F1,1,,,,,
2026-06-30,2026-06-30,CM,BSE,STK,523732,INE866A01016,ECOBOAR,X,,,,,ECOBOARD INDUSTRIES LTD.,59.00,59.00,57.00,58.26,58.90,57.24,,58.26,,,1380,80060.00,9,F1,1,,,,,
2026-06-30,2026-06-30,CM,BSE,STK,523752,INE502D01011,TIHIL,XT,,,,,TRANS INDIA HOUSE IMPEX LIMITE,4.16,4.26,4.00,4.24,4.24,4.08,,4.24,,,97879,407218.00,106,F1,1,,,,,
2026-06-30,2026-06-30,CM,BSE,STK,523754,INE215D01010,MAHEPC,B,,,,,MAHINDRA EPC IRRIGATION LIMITE,118.40,121.10,117.20,120.80,120.80,118.30,,120.70,,,4297,513872.00,369,F1,1,,,,,
2026-06-30,2026-06-30,CM,BSE,STK,523782,INE844D01017,MITSHI,X,,,,,Mitshi India Limited,14.00,14.28,14.00,14.25,14.25,14.04,,14.25,,,5036,71757.00,6,F1,1,,,,,
2026-06-30,2026-06-30,CM,BSE,STK,523790,INE344E01016,SHUKJEW,P,,,,,SHUKRA JEWELLERS LTD.,10.00,10.05,10.00,10.05,10.05,10.05,,10.05,,,200,2005.00,2,F1,100,,,,,
2026-06-30,2026-06-30,CM,BSE,STK,523792,INE885E01042,MAZDA,B,,,,,MAZDA LTD.,233.50,236.50,229.05,236.45,236.45,232.55,,233.50,,,8474,1978861.00,231,F1,1,,,,,
2026-06-30,2026-06-30,CM,BSE,STK,523796,INE048C01025,VHLTD,T,,,,,VICEROY HOTELS LTD.,132.80,132.80,128.15,129.60,130.00,131.75,,130.02,,,3604,470117.00,105,F1,1,,,,,
2026-06-30,2026-06-30,CM,BSE,STK,523826,INE959D01013,SOVERDIA,X,,,,,SOVEREIGN DIAMONDS LTD.,20.25,21.95,20.25,21.44,20.55,20.70,,21.44,,,2754,57450.00,26,F1,1,,,,,
2026-06-30,2026-06-30,CM,BSE,STK,523828,INE071D01033,MENONBE,T,,,,,MENON BEARINGS LTD.,163.90,168.00,161.10,164.75,165.00,160.00,,165.54,,,5994,988008.00,88,F1,1,,,,,
2026-06-30,2026-06-30,CM,BSE,STK,523832,INE862C01029,MUKATPIP,XT,,,,,MUKAT PIPES LTD.,15.20,15.50,15.20,15.50,15.50,15.20,,15.50,,,54,836.00,5,F1,1,,,,,
2026-06-30,2026-06-30,CM,BSE,STK,523836,INE610B01024,GUJRAFFIA,B,,,,,GUJARAT RAFFIA INDUSTRIES LTD.,39.66,41.20,39.66,40.06,40.09,41.04,,40.52,,,1128,44969.00,18,F1,1,,,,,
2026-06-30,2026-06-30,CM,BSE,STK,523838,INE059B01024,SIMPLEXINF,B,,,,,SIMPLEX INFRASTRUCTURES LTD.,253.30,267.70,250.85,265.60,266.20,251.60,,265.70,,,4010,1049954.00,101,F1,1,,,,,
2026-06-30,2026-06-30,CM,BSE,STK,523840,INE965C01038,INNOVTEC,X,,,,,INNOVATIVE TECH PACK LTD.,13.50,13.51,13.32,13.33,13.33,13.32,,13.33,,,674,9096.00,12,F1,1,,,,,
2026-06-30,2026-06-30,CM,BSE,STK,523842,INE460D01038,SUPTANERY,X,,,,,SUPER TANNERY LIMITED,7.00,7.26,6.83,7.03,7.05,7.07,,7.03,,,35110,244244.00,116,F1,1,,,,,
2026-06-30,2026-06-30,CM,BSE,STK,523844,INE537B01011,CONSTRONIC,X,,,,,CONSTRONICS INFRA LIMITED,43.61,47.98,41.90,42.97,42.40,43.61,,42.97,,,625,26449.00,13,F1,1,,,,,
2026-06-30,2026-06-30,CM,BSE,STK,523850,INE767C01012,AXTEL,X,,,,,AXTEL INDUSTRIES LTD.,442.05,454.85,437.10,439.95,440.00,441.55,,439.95,,,4735,2108012.00,186,F1,1,,,,,
2026-06-30,2026-06-30,CM,BSE,STK,523862,INE926B01016,GRANDOAK,B,,,,,GRAND OAK CANYONS DISTILLERY L,42.99,42.99,41.40,41.40,41.40,43.57,,41.49,,,378,15672.00,11,F1,1,,,,,
2026-06-30,2026-06-30,CM,BSE,STK,523874,INE191C01023,EASTINDIA,XT,,,,,East India Drums and Barrels M,103.00,103.00,98.10,98.30,98.10,102.00,,98.30,,,121,12237.00,15,F1,1,,,,,
2026-06-30,2026-06-30,CM,BSE,STK,523888,INE317D01014,MEGAMONT,XT,,,,,MEGAMONT LIMITED,157.20,168.40,157.20,168.40,168.40,160.40,,168.40,,,531,88810.00,15,F1,1,,,,,
2026-06-30,2026-06-30,CM,BSE,STK,524000,INE511C01022,POONAWALLA,A,,,,,POONAWALLA FINCORP LIMITED,433.75,442.35,433.00,441.05,441.05,429.60,,441.05,,,104215,45753324.00,2710,F1,1,,,,,
2026-06-30,2026-06-30,CM,BSE,STK,524019,INE473D01015,KINGFA,B,,,,,Kingfa Science & Technology (I,4950.15,5249.70,4950.15,5161.90,5062.75,4981.15,,5162.50,,,301,1531311.00,106,F1,1,,,,,
2026-06-30,2026-06-30,CM,BSE,STK,524031,INE637N01014,PATIDAR,X,,,,,PATIDAR BUILDCON LIMITED,6.66,6.66,6.66,6.66,6.66,7.01,,6.66,,,108,719.00,2,F1,1,,,,,
2026-06-30,2026-06-30,CM,BSE,STK,524037,INE809A01032,RAMAPHO,B,,,,,RAMA PHOSPHATES LTD.,128.35,130.40,125.55,127.00,127.00,126.50,,126.64,,,3831,491111.00,53,F1,1,,,,,
2026-06-30,2026-06-30,CM,BSE,STK,524038,INE204D01022,VENLONENT,X,,,,,VENLON ENTERPRISES LTD.,3.98,3.98,3.55,3.71,3.70,3.83,,3.71,,,5891,22028.00,12,F1,1,,,,,
2026-06-30,2026-06-30,CM,BSE,STK,524051,INE633B01018,POLYPLEX,B,,,,,POLYPLEX CORPORATION LTD.,981.35,981.90,950.00,951.55,951.00,969.15,,951.60,,,2784,2679096.00,163,F1,1,,,,,
2026-06-30,2026-06-30,CM,BSE,STK,524075,INE155C01010,ALBERTDAVD,B,,,,,ALBERT DAVID LTD.,699.90,700.90,697.20,700.90,700.90,698.70,,699.25,,,44,30696.00,8,F1,1,,,,,
2026-06-30,2026-06-30,CM,BSE,STK,524080,INE681F01018,HARLETH,X,,,,,HARYANA LEATHER CHEMICALS LTD.,65.00,65.00,60.20,62.06,62.00,64.89,,62.06,,,568,35431.00,32,F1,1,,,,,
2026-06-30,2026-06-30,CM,BSE,STK,524091,INE482D01024,CARYSIL,B,,,,,CARYSIL LIMITED,1184.50,1208.80,1183.30,1196.70,1199.10,1185.55,,1198.10,,,3447,4138428.00,171,F1,1,,,,,
2026-06-30,2026-06-30,CM,BSE,STK,524109,INE900B01029,KABRAEXTRU,B,,,,,KABRA EXTRUSIONTECHNIK LTD.,260.05,272.20,260.05,270.05,270.05,259.30,,269.69,,,18194,4862209.00,521,F1,1,,,,,
2026-06-30,2026-06-30,CM,BSE,STK,524129,INE250B01029,VINYLINDIA,B,,,,,VINYL CHEMICALS (INDIA) LTD.,253.30,259.10,249.40,250.00,250.00,253.30,,250.50,,,1583,401753.00,133,F1,1,,,,,
2026-06-30,2026-06-30,CM,BSE,STK,524136,INE417E01010,PCCOSMA,X,,,,,PEE CEE COSMA SOPE LTD.,298.70,302.90,293.10,295.05,295.00,296.15,,295.05,,,1013,299082.00,55,F1,1,,,,,
2026-06-30,2026-06-30,CM,BSE,STK,524156,INE034F01010,TCMLMTD,X,,,,,TCM LTD.,44.50,46.84,43.66,44.99,44.99,44.19,,44.99,,,1218,55436.00,13,F1,1,,,,,
2026-06-30,2026-06-30,CM,BSE,STK,524164,INE485C01029,IOLCP,B,,,,,IOL CHEMICALS & PHARMACEUTICAL,143.80,147.40,142.00,145.20,145.20,142.45,,145.29,,,598018,86648437.00,4447,F1,1,,,,,
2026-06-30,2026-06-30,CM,BSE,STK,524174,INE133C01033,KESARPE,X,,,,,KESAR PETROPRODUCTS LTD.,17.84,17.84,16.90,17.04,17.04,17.54,,17.04,,,66600,1144620.00,212,F1,1,,,,,
2026-06-30,2026-06-30,CM,BSE,STK,524200,INE410B01037,VINATIORGA,A,,,,,VINATI ORGANICS LTD.,1317.60,1351.15,1317.60,1333.65,1335.60,1325.65,,1336.00,,,2737,3654096.00,249,F1,1,,,,,
2026-06-30,2026-06-30,CM,BSE,STK,524202,INE058I01013,LACTOSE,X,,,,,LACTOSE (INDIA) LTD.,103.00,104.65,100.75,103.90,104.00,101.95,,103.90,,,3152,325817.00,34,F1,1,,,,,
2026-06-30,2026-06-30,CM,BSE,STK,524204,INE757D01011,TEEAI,X,,,,,TEESTA AGRO INDUSTRIES LTD.,113.90,122.00,112.05,112.65,112.65,112.70,,112.65,,,2066,238542.00,22,F1,1,,,,,
2026-06-30,2026-06-30,CM,BSE,STK,524208,INE769A01020,AARTIIND,A,,,,,AARTI INDUSTRIES LTD.,456.95,462.50,454.65,459.00,461.00,456.95,,458.30,,,8079,3703237.00,392,F1,1,,,,,
2026-06-30,2026-06-30,CM,BSE,STK,524210,INE702E01015,PNTKYOR,X,,,,,PENTOKEY ORGANY (INDIA) LTD.,36.17,36.17,36.16,36.17,36.17,36.17,,36.17,,,20,723.00,5,F1,1,,,,,
2026-06-30,2026-06-30,CM,BSE,STK,524212,INE107F01022,WANBURY,B,,,,,WANBURY LTD.,287.05,288.05,276.80,281.40,279.35,282.15,,280.85,,,9693,2728758.00,268,F1,1,,,,,
2026-06-30,2026-06-30,CM,BSE,STK,524218,INE486D01017,RESONANCE,X,,,,,RESONANCE SPECIALTIES LTD.,146.00,146.00,136.20,139.70,139.70,146.60,,139.70,,,11955,1694777.00,190,F1,1,,,,,
2026-06-30,2026-06-30,CM,BSE,STK,524226,INE036B01030,GAEL,B,,,,,GUJARAT AMBUJA EXPORTS LTD.,162.40,167.55,160.25,165.35,165.75,161.75,,165.33,,,65318,10757317.00,931,F1,1,,,,,
2026-06-30,2026-06-30,CM,BSE,STK,524230,INE027A01015,RCF,A,,,,,RASHTRIYA CHEMICALS & FERTILIZ,130.45,131.30,129.70,130.95,130.95,129.90,,130.95,,,35899,4683868.00,540,F1,1,,,,,
2026-06-30,2026-06-30,CM,BSE,STK,524238,INE659F01014,GUJINJEC,XT,,,,,GUJARAT INJECT (KERALA) LTD.,126.95,128.00,125.00,126.50,126.50,124.40,,126.50,,,33932,4279992.00,263,F1,1,,,,,
2026-06-30,2026-06-30,CM,BSE,STK,524280,INE082A01010,KOPRAN,T,,,,,KOPRAN LTD.,186.30,193.95,185.95,189.95,190.90,186.20,,189.34,,,4227,803677.00,98,F1,1,,,,,
2026-06-30,2026-06-30,CM,BSE,STK,524288,INE008B01013,AIMCOPEST,X,,,,,AIMCO PESTICIDES LTD.,53.05,53.31,52.50,52.53,52.50,54.51,,52.53,,,100,5275.00,10,F1,1,,,,,
2026-06-30,2026-06-30,CM,BSE,STK,524314,INE499G01013,GUJTERC,X,,,,,GUJARAT TERCE LABORATORIES LTD,37.90,37.90,35.21,35.79,36.00,35.85,,35.79,,,8948,333599.00,93,F1,1,,,,,
2026-06-30,2026-06-30,CM,BSE,STK,524322,INE323K01017,KABRADG,X,,,,,KABRA DRUGS LTD.,23.06,24.50,22.45,22.99,23.20,23.06,,22.99,,,103310,2396754.00,310,F1,1,,,,,
2026-06-30,2026-06-30,CM,BSE,STK,524324,INE573R01012,SEYAIND,T,,,,,SEYA INDUSTRIES LTD.,13.50,13.50,13.04,13.04,13.04,13.30,,13.04,,,360,4709.00,15,F1,1,,,,,
2026-06-30,2026-06-30,CM,BSE,STK,524330,INE785A01026,JAYAGROGN,B,,,,,JAYANT AGRO-ORGANICS LTD.,203.35,206.95,200.20,203.80,203.80,205.60,,203.94,,,571,116743.00,76,F1,1,,,,,
2026-06-30,2026-06-30,CM,BSE,STK,524332,INE412G01024,BCLIND,B,,,,,BCL INDUSTRIES LIMITED,33.84,34.80,33.77,33.88,33.80,33.84,,33.84,,,53824,1832468.00,324,F1,1,,,,,
2026-06-30,2026-06-30,CM,BSE,STK,524336,INE065E01017,SHHARICH,X,,,,,SHREE HARI CHEMICALS EXPORT LT,103.25,106.05,102.00,105.30,106.00,106.50,,105.30,,,4052,422980.00,35,F1,1,,,,,
2026-06-30,2026-06-30,CM,BSE,STK,524342,INE803D01021,INDOBORAX,B,,,,,INDO BORAX & CHEMICALS LTD.,385.00,386.05,374.90,380.20,382.00,385.75,,379.00,,,7025,2668654.00,265,F1,1,,,,,
2026-06-30,2026-06-30,CM,BSE,STK,524348,INE767A01016,AARTIDRUGS,B,,,,,AARTI DRUGS LTD.,375.00,391.05,372.25,377.90,377.90,373.35,,377.90,,,25357,9689727.00,997,F1,1,,,,,
2026-06-30,2026-06-30,CM,BSE,STK,524370,INE338D01028,BODALCHEM,T,,,,,BODAL CHEMICALS LTD.,64.00,64.50,62.81,62.99,62.81,64.50,,62.58,,,8018,510117.00,83,F1,1,,,,,
2026-06-30,2026-06-30,CM,BSE,STK,524372,INE191A01027,ORCHPHARMA,B,,,,,Orchid Pharma Limited,954.95,998.00,954.95,975.05,979.00,951.70,,973.00,,,4741,4660909.00,279,F1,1,,,,,
2026-06-30,2026-06-30,CM,BSE,STK,524394,INE579C01029,VIMTALABS,B,,,,,VIMTA LABS LTD.,581.90,593.95,581.90,587.60,591.60,584.40,,587.55,,,5531,3252869.00,292,F1,1,,,,,
2026-06-30,2026-06-30,CM,BSE,STK,524396,INE829A01014,BIOFILCHEM,B,,,,,BIOFIL CHEMICALS & PHARMACEUTI,35.11,35.50,34.16,34.63,34.63,35.11,,34.94,,,2312,79987.00,57,F1,1,,,,,
2026-06-30,2026-06-30,CM,BSE,STK,524400,INE806D01016,ISHITADR,X,,,,,ISHITA DRUGS & INDUSTRIES LTD.,79.38,79.38,73.20,74.11,74.00,74.47,,74.11,,,6213,477997.00,19,F1,1,,,,,
2026-06-30,2026-06-30,CM,BSE,STK,524404,INE750C01026,MARKSANS,A,,,,,MARKSANS PHARMA LTD.,264.65,277.00,264.25,272.05,274.75,263.25,,272.77,,,163852,44016136.00,2449,F1,1,,,,,
2026-06-30,2026-06-30,CM,BSE,STK,524408,INE113E01015,UNIVSTAR,XT,,,,,UNIVERSAL STARCH-CHEM ALLIED L,204.00,206.75,201.00,206.00,206.00,201.00,,206.00,,,210,42935.00,10,F1,1,,,,,
2026-06-30,2026-06-30,CM,BSE,STK,524412,INE198H01019,AAREYDRUGS,T,,,,,AAREY DRUGS & PHARMACEUTICALS,91.50,91.50,91.50,91.50,91.50,91.50,,90.83,,,1,91.00,1,F1,1,,,,,
2026-06-30,2026-06-30,CM,BSE,STK,524414,INE744C01029,NORRIS,X,,,,,NORRIS MEDICINES LTD.,13.50,14.91,13.50,14.84,14.91,13.56,,14.84,,,8210,120369.00,43,F1,1,,,,,
2026-06-30,2026-06-30,CM,BSE,STK,524434,INE810M01019,ASINPET,X,,,,,ASIAN PETROPRODUCTS & EXPORTS,9.16,10.16,9.11,9.45,10.16,9.20,,9.45,,,19139,178430.00,43,F1,1,,,,,
2026-06-30,2026-06-30,CM,BSE,STK,524440,INE198C01010,CAMEXLTD,X,,,,,CAMEX LTD.,44.55,44.55,42.00,42.00,42.00,42.90,,42.00,,,1110,47243.00,23,F1,1,,,,,
2026-06-30,2026-06-30,CM,BSE,STK,524444,INE313M01030,EVEXIA,XT,,,,,EVEXIA LIFECARE LIMITED,1.60,1.69,1.60,1.67,1.67,1.63,,1.67,,,11062268,18077568.00,627,F1,1,,,,,
2026-06-30,2026-06-30,CM,BSE,STK,524458,INE319N01019,INDOEURO,X,,,,,INDO EURO INDCHEM LTD.,10.38,10.38,9.61,10.16,10.16,10.59,,10.16,,,3730,37428.00,32,F1,1,,,,,
2026-06-30,2026-06-30,CM,BSE,STK,524470,INE312C01025,SYNCOMF,B,,,,,SYNCOM FORMULATIONS (INDIA) LT,13.89,14.50,13.89,14.25,14.25,13.94,,14.26,,,337194,4794753.00,794,F1,1,,,,,
2026-06-30,2026-06-30,CM,BSE,STK,524480,INE249D01019,RIDDHI,XT,,,,,RIDDHI SIDDHI GLUCO BIOLS LTD.,751.65,753.95,740.00,749.80,749.80,752.60,,749.80,,,1557,1168169.00,27,F1,1,,,,,
2026-06-30,2026-06-30,CM,BSE,STK,524488,INE038B01010,SVCIND,X,,,,,SVC INDUSTRIES LIMITED,2.58,2.58,2.23,2.25,2.24,2.39,,2.25,,,43860,99648.00,79,F1,1,,,,,
2026-06-30,2026-06-30,CM,BSE,STK,524494,INE571A01038,IPCALAB,A,,,,,IPCA LABORATORIES LTD.,1643.00,1735.70,1636.00,1702.25,1702.25,1648.45,,1701.00,,,87920,148364627.00,4748,F1,1,,,,,
2026-06-30,2026-06-30,CM,BSE,STK,524500,INE729D01010,KILITCH,B,,,,,KILITCH DRUGS (INDIA) LTD.,186.35,200.00,186.35,195.50,194.10,186.35,,194.78,,,9773,1885128.00,442,F1,1,,,,,
2026-06-30,2026-06-30,CM,BSE,STK,524506,INE683E01017,CORALAB,XT,,,,,CORAL LABORATORIES LTD.,624.00,649.00,596.60,618.00,630.00,628.00,,618.00,,,1328,829188.00,37,F1,1,,,,,
2026-06-30,2026-06-30,CM,BSE,STK,524514,INE276N01011,TULASEEBIOE,ZP,,,,,TULASEE BIO-ETHANOL LTD.,61.91,62.00,61.91,61.91,61.91,63.17,,61.91,,,5500,340532.00,32,F1,100,,,,,
2026-06-30,2026-06-30,CM,BSE,STK,524516,INE711D01018,BACPHAR,X,,,,,BACIL PHARMA LTD.,41.40,41.40,38.95,39.99,39.99,40.92,,39.99,,,265039,10631304.00,302,F1,1,,,,,
2026-06-30,2026-06-30,CM,BSE,STK,524518,INE268B01013,KREBSBIO,B,,,,,KREBS BIOCHEMICALS & INDUSTRIE,62.64,63.95,59.86,60.67,60.80,61.50,,60.20,,,816,51088.00,80,F1,1,,,,,
2026-06-30,2026-06-30,CM,BSE,STK,524520,INE879K01018,KMCSHIL,B,,,,,KMC SPECIALITY HOSPITALS (INDI,138.45,140.50,133.35,137.25,137.25,137.15,,137.25,,,382826,52500797.00,3708,F1,1,,,,,
2026-06-30,2026-06-30,CM,BSE,STK,524522,INE919B01011,LAFFANSQ,X,,,,,LAFFANS PETROCHEMICALS LTD.,32.50,32.50,30.00,30.84,30.84,30.68,,30.84,,,320,9700.00,8,F1,1,,,,,
2026-06-30,2026-06-30,CM,BSE,STK,524534,INE972C01018,BHASKAGR,X,,,,,BHASKAR AGROCHEMICALS LTD.,126.50,128.40,121.00,123.20,123.60,130.80,,123.20,,,1665,207209.00,57,F1,1,,,,,
2026-06-30,2026-06-30,CM,BSE,STK,524542,INE450E01029,SUKHJITS,B,,,,,SUKHJIT STARCH & CHEMICALS LTD,174.95,179.30,174.45,178.00,178.00,175.70,,178.05,,,909,160635.00,48,F1,1,,,,,
2026-06-30,2026-06-30,CM,BSE,STK,524548,INE465H01012,SHARMEH,X,,,,,SHARMA EAST INDIA HOSPITALS &,104.45,104.50,96.15,97.70,103.25,104.50,,97.70,,,249,24952.00,34,F1,1,,,,,
2026-06-30,2026-06-30,CM,BSE,STK,524558,INE794A01010,NEULANDLAB,A,,,,,NEULAND LABORATORIES LTD.,18100.05,18770.00,18062.80,18630.20,18600.00,18062.80,,18580.00,,,1350,24950400.00,468,F1,1,,,,,
2026-06-30,2026-06-30,CM,BSE,STK,524564,INE052E01015,GAYATRIBI,X,,,,,GAYATRI BIOORGANICS LTD.,8.20,8.20,7.48,7.48,7.48,7.87,,7.48,,,36645,276247.00,111,F1,1,,,,,
2026-06-30,2026-06-30,CM,BSE,STK,524570,INE371C01013,PODDARMENT,B,,,,,PODDAR PIGMENTS LTD.,243.00,250.00,243.00,243.00,243.00,245.10,,248.80,,,44,10789.00,6,F1,1,,,,,
2026-06-30,2026-06-30,CM,BSE,STK,524572,INE117D01018,PHARMAID,X,,,,,PHARMAIDS PHARMACEUTICALS LTD.,41.25,41.25,37.43,38.97,38.97,38.19,,38.97,,,35047,1340723.00,131,F1,1,,,,,
2026-06-30,2026-06-30,CM,BSE,STK,524576,INE737C01023,VIVIDIND,X,,,,,VIVID GLOBAL INDUSTRIES LTD.,21.50,21.97,21.25,21.86,21.97,21.88,,21.86,,,117,2557.00,7,F1,1,,,,,
2026-06-30,2026-06-30,CM,BSE,STK,524580,INE686C01014,PRIYALT,X,,,,,PRIYA LTD.,23.40,23.40,21.20,23.40,23.40,22.29,,23.40,,,17,389.00,5,F1,1,,,,,
2026-06-30,2026-06-30,CM,BSE,STK,524582,INE314D01011,TIRUSTA,X,,,,,TIRUPATI STARCH & CHEMICALS LT,125.00,125.00,120.20,124.75,124.75,123.35,,124.75,,,241,30071.00,9,F1,1,,,,,
2026-06-30,2026-06-30,CM,BSE,STK,524592,INE263B01022,JAYSYNTH,X,,,,,JAYSYNTH ORGOCHEM LIMITED,12.51,12.72,10.98,11.83,11.80,12.40,,11.83,,,264352,3062322.00,393,F1,1,,,,,
2026-06-30,2026-06-30,CM,BSE,STK,524594,INE994D01010,AEONXDIGI,X,,,,,Aeonx Digital Technology Limit,106.25,116.00,106.20,115.55,115.55,106.25,,115.55,,,2852,324124.00,30,F1,1,,,,,
2026-06-30,2026-06-30,CM,BSE,STK,524598,INE542B01011,AKSHARCHEM,B,,,,,AKSHARCHEM (INDIA) LTD.,236.95,243.60,225.00,243.60,243.60,233.70,,242.43,,,284,67819.00,50,F1,1,,,,,
2026-06-30,2026-06-30,CM,BSE,STK,524602,INE875N01036,BANDARAM,X,,,,,BANDARAM PHARMA PACKTECH LIMIT,29.00,30.69,27.95,28.88,28.50,30.03,,28.88,,,2189,63125.00,21,F1,1,,,,,
2026-06-30,2026-06-30,CM,BSE,STK,524606,INE415H01017,BERLDRG,X,,,,,BERYL DRUGS LTD.,23.50,23.50,20.02,22.05,22.19,22.01,,22.05,,,5172,110744.00,38,F1,1,,,,,
2026-06-30,2026-06-30,CM,BSE,STK,524614,INE056E01024,INDXTRA,X,,,,,IEL LIMITED,7.92,7.92,7.13,7.13,7.13,7.92,,7.13,,,214627,1574434.00,440,F1,1,,,,,
2026-06-30,2026-06-30,CM,BSE,STK,524622,INE532B01020,ISTRNETWK,XT,,,,,ISTREET NETWORK LIMITED,49.15,51.00,48.50,49.00,49.00,49.15,,49.00,,,35606,1743595.00,94,F1,1,,,,,
2026-06-30,2026-06-30,CM,BSE,STK,524624,INE076D01016,GAGAN,XT,,,,,GAGAN GASES LTD.,20.35,21.69,20.35,21.43,21.43,21.23,,21.43,,,1046,21578.00,20,F1,1,,,,,
2026-06-30,2026-06-30,CM,BSE,STK,524628,INE750B01010,PARKERAC,X,,,,,PARKER AGROCHEM EXPORTS LTD.,14.25,14.25,14.25,14.25,14.25,14.00,,14.25,,,22,313.00,3,F1,1,,,,,
2026-06-30,2026-06-30,CM,BSE,STK,524632,INE551C01044,SHUKRAPHAR,B,,,,,Shukra Pharmaceuticals Limited,28.16,29.10,28.16,28.72,28.89,28.58,,28.72,,,83087,2383325.00,659,F1,1,,,,,
2026-06-30,2026-06-30,CM,BSE,STK,524634,INE058F01019,ALUFLUOR,X,,,,,ALUFLUORIDE LTD.,461.75,473.85,457.00,463.15,464.95,455.95,,463.15,,,8187,3809189.00,391,F1,1,,,,,
2026-06-30,2026-06-30,CM,BSE,STK,524636,INE102E01018,OXYGENTAPH,X,,,,,OXYGENTA PHARMACEUTICAL LIMITE,48.64,48.90,46.11,48.49,48.49,48.16,,48.49,,,2140,102732.00,32,F1,1,,,,,
2026-06-30,2026-06-30,CM,BSE,STK,524640,INE078I01011,ARCHITORG,X,,,,,ARCHIT ORGANOSYS LTD.,58.10,61.70,58.10,60.86,61.00,59.71,,60.86,,,46520,2799477.00,276,F1,1,,,,,
2026-06-30,2026-06-30,CM,BSE,STK,524648,INE760F01028,INDOAMIN,T,,,,,INDO AMINES LTD.,135.00,135.40,130.00,132.00,132.00,134.00,,132.43,,,3689,490694.00,116,F1,1,,,,,
2026-06-30,2026-06-30,CM,BSE,STK,524654,INE936B01015,NATCAPSUQ,B,,,,,NATURAL CAPSULES LTD.,151.00,151.45,148.00,148.00,148.00,151.20,,148.86,,,666,99735.00,49,F1,1,,,,,
2026-06-30,2026-06-30,CM,BSE,STK,524661,INE331C01025,WELCURE,X,,,,,WELCURE DRUGS & PHARMACEUTICAL,0.25,0.26,0.25,0.25,0.25,0.25,,0.25,,,2890310,736146.00,463,F1,1,,,,,
2026-06-30,2026-06-30,CM,BSE,STK,524663,INE994B01014,BIBCL,B,,,,,BHARAT IMMUNOLOGICALS & BIOLOG,17.10,17.38,16.20,16.76,17.00,17.10,,16.76,,,29578,497433.00,132,F1,1,,,,,
2026-06-30,2026-06-30,CM,BSE,STK,524667,INE035D01020,SOTL,B,,,,,SAVITA OIL TECHNOLOGIES LTD.,504.05,521.20,504.05,513.85,515.75,503.75,,513.50,,,4438,2282998.00,228,F1,1,,,,,
2026-06-30,2026-06-30,CM,BSE,STK,524669,INE782E01017,HESTERBIO,B,,,,,HESTER BIOSCIENCES LTD.,2184.95,2206.90,2150.05,2161.45,2150.05,2209.10,,2165.50,,,327,712073.00,39,F1,1,,,,,
2026-06-30,2026-06-30,CM,BSE,STK,524675,INE645C01010,KABSON,XT,,,,,KABSONS INDUSTRIES LTD.,20.60,22.03,20.60,21.11,21.40,20.99,,21.11,,,6259,134789.00,45,F1,1,,,,,
2026-06-30,2026-06-30,CM,BSE,STK,524687,INE473E01021,BASANTGL,X,,,,,BASANT AGRO TECH (INDIA) LTD.,12.10,12.58,12.10,12.15,12.22,12.15,,12.15,,,13933,170911.00,97,F1,1,,,,,
2026-06-30,2026-06-30,CM,BSE,STK,524703,INE751D01014,SANDUPHQ,X,,,,,SANDU PHARMACEUTICALS LTD.,41.37,41.37,39.85,41.00,41.00,41.01,,41.00,,,1336,53774.00,18,F1,1,,,,,
2026-06-30,2026-06-30,CM,BSE,STK,524709,INE295D01020,NACLIND,B,,,,,NACL Industries Limited,205.95,238.60,201.00,220.80,220.80,202.35,,220.76,,,859810,194772793.00,7408,F1,1,,,,,
2026-06-30,2026-06-30,CM,BSE,STK,524711,INE427C01021,VISTAPH,X,,,,,VISTA PHARMACEUTICALS LTD.,7.23,7.88,7.06,7.16,7.06,6.95,,7.16,,,14762,107649.00,52,F1,1,,,,,
2026-06-30,2026-06-30,CM,BSE,STK,524715,INE044A01036,SUNPHARMA,A,,,,,SUN PHARMACEUTICAL INDUSTRIES,1893.15,1893.15,1859.55,1862.70,1864.60,1872.60,,1862.50,,,42892,80425887.00,3674,F1,1,,,,,
2026-06-30,2026-06-30,CM,BSE,STK,524717,INE150C01029,TITANBIO,XT,,,,,TITAN BIOTECH LTD.,397.90,401.00,388.05,390.40,390.40,397.90,,390.40,,,21562,8452090.00,538,F1,1,,,,,
2026-06-30,2026-06-30,CM,BSE,STK,524727,INE004E01016,SDL,X,,,,,Span Divergent Limited,49.05,49.11,44.55,49.11,49.11,46.78,,49.11,,,24454,1191650.00,93,F1,1,,,,,
2026-06-30,2026-06-30,CM,BSE,STK,524731,INE354A01013,JENBURPH,X,,,,,JENBURKT PHARMACEUTICALS LTD.,1117.25,1129.80,1100.10,1109.65,1109.65,1126.20,,1109.65,,,1472,1641139.00,131,F1,1,,,,,
2026-06-30,2026-06-30,CM,BSE,STK,524735,INE475B01022,HIKAL,B,,,,,HIKAL LTD.,217.15,225.00,216.00,221.25,221.25,214.85,,221.37,,,36733,8143041.00,634,F1,1,,,,,
2026-06-30,2026-06-30,CM,BSE,STK,524742,INE475E01026,CAPLIPOINT,A,,,,,CAPLIN POINT LABORATORIES LTD.,2571.35,2674.95,2571.35,2624.15,2629.90,2558.40,,2625.90,,,40264,106195369.00,3187,F1,1,,,,,
2026-06-30,2026-06-30,CM,BSE,STK,524743,INE771F01041,FISCHER,B,,,,,FISCHER MEDICAL VENTURES LIMIT,38.91,42.00,38.55,41.78,41.41,38.27,,41.72,,,330492,13259964.00,2762,F1,1,,,,,
2026-06-30,2026-06-30,CM,BSE,STK,524748,INE302F01011,LINKPH,X,,,,,LINK PHARMA CHEM LTD.,29.00,29.00,28.00,28.16,28.45,28.00,,28.16,,,285,8178.00,7,F1,1,,,,,
2026-06-30,2026-06-30,CM,BSE,STK,524752,INE643N01012,DECIPHER,X,,,,,DECIPHER LABS LIMITED,6.75,6.90,6.71,6.71,6.71,6.71,,6.71,,,1416,9588.00,19,F1,1,,,,,
2026-06-30,2026-06-30,CM,BSE,STK,524768,INE634B01016,EMMESSA,X,,,,,EMMESSAR BIOTECH & NUTRITION L,25.67,25.67,24.70,24.70,24.70,24.23,,24.70,,,3,75.00,3,F1,1,,,,,
2026-06-30,2026-06-30,CM,BSE,STK,524774,INE887E01022,NGLFINE,B,,,,,NGL FINE-CHEM LTD.,3083.05,3109.00,3028.00,3097.75,3108.00,3061.50,,3106.50,,,643,1978161.00,125,F1,1,,,,,
2026-06-30,2026-06-30,CM,BSE,STK,524790,INE334C01029,EVERESTO,X,,,,,EVEREST ORGANICS LTD.,246.70,263.95,245.00,249.65,250.00,253.75,,249.65,,,2659,662618.00,79,F1,1,,,,,
2026-06-30,2026-06-30,CM,BSE,STK,524804,INE406A01037,AUROPHARMA,A,,,,,AUROBINDO PHARMA LTD.,1548.90,1588.50,1548.90,1575.85,1575.85,1548.85,,1578.70,,,200118,315016548.00,10163,F1,1,,,,,
2026-06-30,2026-06-30,CM,BSE,STK,524808,INE037C01010,PHYTO,X,,,,,PHYTO CHEM (INDIA) LTD.,22.87,23.55,22.15,23.50,23.50,22.87,,23.50,,,1786,40063.00,9,F1,1,,,,,
2026-06-30,2026-06-30,CM,BSE,STK,524816,INE987B01026,NATCOPHARM,A,,,,,NATCO PHARMA LTD.,923.85,934.75,915.25,931.85,931.85,918.85,,931.30,,,23849,22132230.00,1245,F1,1,,,,,
2026-06-30,2026-06-30,CM,BSE,STK,524818,INE457C01010,DYNAMIND,X,,,,,DYNAMIC INDUSTRIES LTD.,113.50,113.50,112.95,113.20,113.50,110.00,,113.20,,,150,16981.00,7,F1,1,,,,,
2026-06-30,2026-06-30,CM,BSE,STK,524820,INE305C01029,PANAMAPET,B,,,,,PANAMA PETROCHEM LTD.,391.90,424.25,391.90,420.00,421.40,401.05,,420.55,,,19409,8078232.00,603,F1,1,,,,,
2026-06-30,2026-06-30,CM,BSE,STK,524824,INE083D01012,BALPHARMA,B,,,,,BAL PHARMA LTD.,79.35,81.02,79.05,79.93,79.50,79.88,,79.58,,,2458,196061.00,336,F1,1,,,,,
2026-06-30,2026-06-30,CM,BSE,STK,524828,INE278D01018,BDH,X,,,,,BDH INDUSTRIES LTD.,448.70,492.40,448.70,486.60,486.60,448.75,,486.60,,,8779,4182785.00,259,F1,1,,,,,
2026-06-30,2026-06-30,CM,BSE,STK,526001,INE593O01017,JAUSPOL,XT,,,,,JAUSS POLYMERS LTD.,25.36,25.36,25.00,25.34,25.34,24.16,,25.34,,,13370,335447.00,19,F1,1,,,,,
2026-06-30,2026-06-30,CM,BSE,STK,526025,INE064L01015,GLOBUSCON,X,,,,,GLOBUS CONSTRUCTORS & DEVELOPE,12.96,12.96,12.00,12.36,12.29,12.48,,12.36,,,10921,134868.00,106,F1,1,,,,,
2026-06-30,2026-06-30,CM,BSE,STK,526027,INE144D01012,CUBEXTUB,B,,,,,CUBEX TUBINGS LTD.,83.00,84.85,80.11,80.73,81.28,83.27,,80.76,,,29674,2411714.00,588,F1,1,,,,,
2026-06-30,2026-06-30,CM,BSE,STK,526043,INE809B01014,POLYCHMP,X,,,,,POLYMECHPLAST MACHINES LTD.,52.00,52.00,52.00,52.00,52.00,50.66,,52.00,,,570,29640.00,2,F1,1,,,,,
2026-06-30,2026-06-30,CM,BSE,STK,526071,INE395F01023,STELLANT,XT,,,,,STELLANT SECURITIES (INDIA) LT,528.00,560.00,525.00,550.75,550.75,539.85,,550.75,,,1367,728676.00,84,F1,1,,,,,
2026-06-30,2026-06-30,CM,BSE,STK,526073,INE020S01012,GALXBRG,X,,,,,GALAXY BEARINGS LTD.,580.00,600.00,580.00,599.35,595.05,583.05,,599.35,,,255,151980.00,41,F1,1,,,,,
2026-06-30,2026-06-30,CM,BSE,STK,526075,INE092O01028,VINRKLB,XT,,,,,REKVINA LABORATORIES LTD.,34.30,34.30,34.30,34.30,34.30,35.00,,34.30,,,2,68.00,2,F1,1,,,,,
2026-06-30,2026-06-30,CM,BSE,STK,526081,INE895E01017,SCAGRO,X,,,,,SC Agrotech Limited,23.18,23.18,23.18,23.18,23.18,23.18,,23.18,,,2,46.00,2,F1,1,,,,,
2026-06-30,2026-06-30,CM,BSE,STK,526113,INE602H01010,UNRYLMA,X,,,,,UNIROYAL MARINE EXPORTS LTD.,13.54,13.54,13.54,13.54,13.54,14.25,,13.54,,,733,9924.00,10,F1,1,,,,,
2026-06-30,2026-06-30,CM,BSE,STK,526115,INE327D01013,KARANWO,X,,,,,KARAN WOO-SIN LTD.,9.75,9.75,8.83,9.49,9.49,9.29,,9.49,,,158,1443.00,9,F1,1,,,,,
2026-06-30,2026-06-30,CM,BSE,STK,526117,INE011D01013,SHERVANI,X,,,,,SHERVANI INDUSTRIAL SYNDICATE,270.50,281.95,270.50,274.30,281.95,282.85,,274.30,,,3,822.00,3,F1,1,,,,,
2026-06-30,2026-06-30,CM,BSE,STK,526125,INE00HZ01011,BNAGROCHEM,T,,,,,BN AGROCHEM LIMITED,293.00,300.10,278.00,297.35,290.00,285.85,,297.75,,,3681,1093284.00,65,F1,1,,,,,
2026-06-30,2026-06-30,CM,BSE,STK,526133,INE881B01054,SUPERTEX,X,,,,,SUPERTEX INDUSTRIES LTD.,6.00,6.10,6.00,6.10,6.10,5.79,,6.10,,,26083,159106.00,12,F1,1,,,,,
2026-06-30,2026-06-30,CM,BSE,STK,526137,INE278C01010,SHETR,X,,,,,SHETRON LTD.,96.00,96.40,95.95,95.95,95.95,96.50,,95.95,,,181,17427.00,3,F1,1,,,,,
2026-06-30,2026-06-30,CM,BSE,STK,526139,INE773D01018,TRABI,X,,,,,TRANSGENE BIOTEK LTD.,3.30,3.30,3.01,3.03,3.10,3.13,,3.03,,,20312,63131.00,56,F1,1,,,,,
2026-06-30,2026-06-30,CM,BSE,STK,526143,INE343A01016,MPL,X,,,,,MPL PLASTICS LTD.,6.77,6.77,6.51,6.74,6.74,6.74,,6.74,,,4797,32385.00,13,F1,1,,,,,
2026-06-30,2026-06-30,CM,BSE,STK,526159,INE926C01022,NIKHILAD,X,,,,,NIKHIL ADHESIVES LTD.,76.88,77.50,75.05,76.50,76.76,76.88,,76.50,,,6470,492973.00,105,F1,1,,,,,
2026-06-30,2026-06-30,CM,BSE,STK,526161,INE175C01018,SPENTA,X,,,,,SPENTA INTERNATIONAL LTD.,95.50,100.00,95.50,97.75,100.00,100.00,,97.75,,,2,195.00,2,F1,1,,,,,
2026-06-30,2026-06-30,CM,BSE,STK,526169,INE678F01014,MULTIBASE,X,,,,,MULTIBASE INDIA LTD.,178.55,183.75,178.55,180.95,181.75,181.95,,180.95,,,3299,596014.00,115,F1,1,,,,,
2026-06-30,2026-06-30,CM,BSE,STK,526173,INE449C01025,ANDREWYU,B,,,,,ANDREW YULE & COMPANY LTD.,27.11,29.00,27.11,27.86,27.86,27.25,,27.86,,,169047,4728549.00,568,F1,1,,,,,
2026-06-30,2026-06-30,CM,BSE,STK,526179,INE983C01015,LUDLOWJUT,XT,,,,,LUDLOW JUTE & SPECIALITIES LTD,327.05,340.00,327.00,337.65,331.00,327.00,,337.65,,,513,172563.00,18,F1,1,,,,,
2026-06-30,2026-06-30,CM,BSE,STK,526187,INE293C01019,ASHRAM,X,,,,,ASHRAM ONLINE.COM LTD.,6.05,6.29,6.05,6.29,6.29,6.00,,6.29,,,502,3157.00,4,F1,1,,,,,
2026-06-30,2026-06-30,CM,BSE,STK,526193,INE618A01011,ROYALCU,X,,,,,ROYAL CUSHION VINYL PRODUCTS L,16.42,16.80,15.69,16.20,16.20,16.13,,16.20,,,1336,21462.00,10,F1,1,,,,,
2026-06-30,2026-06-30,CM,BSE,STK,526211,INE170U01011,SURJIND,XT,,,,,SURAJ INDUSTRIES LTD.,57.15,57.15,57.00,57.00,57.00,56.99,,57.00,,,141,8038.00,18,F1,1,,,,,
2026-06-30,2026-06-30,CM,BSE,STK,526217,INE120D01012,HITECHCORP,T,,,,,Hitech Corporation Limited,313.85,322.90,313.85,317.45,318.85,316.60,,315.69,,,154,48621.00,30,F1,1,,,,,
2026-06-30,2026-06-30,CM,BSE,STK,526225,INE253C01013,BLOOM,X,,,,,BLOOM DEKOR LTD.,9.90,9.90,9.44,9.44,9.44,9.93,,9.44,,,21,198.00,7,F1,1,,,,,
2026-06-30,2026-06-30,CM,BSE,STK,526227,INE816B01035,FILATEX,B,,,,,FILATEX INDIA LTD.,51.92,52.30,51.62,51.79,52.07,51.61,,51.91,,,18828,977813.00,116,F1,1,,,,,
2026-06-30,2026-06-30,CM,BSE,STK,526231,INE307D01015,STDSFAC,X,,,,,STANDARD SURFACTANTS LTD.,55.50,57.00,50.03,52.78,52.78,53.94,,52.78,,,6443,345078.00,71,F1,1,,,,,
2026-06-30,2026-06-30,CM,BSE,STK,526237,INE902C01015,MORGAN,X,,,,,MORGAN VENTURES LTD.,49.90,50.78,49.00,49.73,50.00,49.89,,49.73,,,1439,71751.00,39,F1,1,,,,,
2026-06-30,2026-06-30,CM,BSE,STK,526241,INE762C01021,AMRAPLIN,XT,,,,,AMRAPALI INDUSTRIES LTD.,32.28,32.28,32.28,32.28,32.28,33.97,,32.28,,,2712,87543.00,42,F1,1,,,,,
2026-06-30,2026-06-30,CM,BSE,STK,526247,INE863B01029,PREMEXPLN,A,,,,,PREMIER EXPLOSIVES LTD.,819.95,829.95,795.25,805.35,805.35,808.15,,805.95,,,69093,56241062.00,2094,F1,1,,,,,
2026-06-30,2026-06-30,CM,BSE,STK,526251,INE033E01015,MIDEASTP,XT,,,,,MID EAST PORTFOLIO MANAGEMENT,39.66,39.66,39.66,39.66,39.66,41.74,,39.66,,,10941,433920.00,16,F1,1,,,,,
2026-06-30,2026-06-30,CM,BSE,STK,526263,INE835B01035,MOLDTECH,B,,,,,MOLD-TEK TECHNOLOGIES LTD.,143.30,143.30,133.40,135.20,135.60,133.35,,135.21,,,5932,799420.00,159,F1,1,,,,,
2026-06-30,2026-06-30,CM,BSE,STK,526269,INE293N01016,CRSTCHM,XT,,,,,CRESTCHEM LTD.,130.65,130.65,124.20,130.45,129.00,130.65,,130.45,,,490,62087.00,27,F1,1,,,,,
2026-06-30,2026-06-30,CM,BSE,STK,526299,INE356A01018,MPHASIS,A,,,,,MPHASIS LTD.,2201.65,2211.00,2151.00,2162.20,2170.85,2208.90,,2161.60,,,28877,62488773.00,1851,F1,1,,,,,
2026-06-30,2026-06-30,CM,BSE,STK,526315,INE410G01010,DIVSHKT,X,,,,,DIVYASHAKTI LIMITED,51.98,51.98,47.50,47.81,48.84,49.79,,47.81,,,3610,175209.00,47,F1,1,,,,,
2026-06-30,2026-06-30,CM,BSE,STK,526325,INE609C01024,ORIENTLTD,B,,,,,ORIENT PRESS LTD.,74.38,74.38,66.98,69.00,69.00,71.00,,68.69,,,234,16038.00,24,F1,1,,,,,
2026-06-30,2026-06-30,CM,BSE,STK,526345,INE744D01019,PANJON,X,,,,,PANJON LTD.,17.95,19.30,17.95,18.48,18.48,17.90,,18.48,,,7127,132694.00,37,F1,1,,,,,
2026-06-30,2026-06-30,CM,BSE,STK,526355,INE138B01018,DUROPACK,X,,,,,DUROPACK LTD.,58.00,60.00,58.00,58.50,58.50,58.00,,58.50,,,380,22447.00,9,F1,1,,,,,
2026-06-30,2026-06-30,CM,BSE,STK,526365,INE967A01012,SWARNSAR,X,,,,,SWARNSARITA JEWELS INDIA LIMIT,29.96,30.60,28.26,30.41,30.59,29.95,,30.41,,,15657,455206.00,119,F1,1,,,,,
2026-06-30,2026-06-30,CM,BSE,STK,526367,INE460C01014,GANESHHOU,A,,,,,GANESH HOUSING LIMITED,766.80,773.45,758.00,763.45,764.15,764.30,,764.00,,,1677,1284718.00,186,F1,1,,,,,
2026-06-30,2026-06-30,CM,BSE,STK,526371,INE584A01023,NMDC,A,,,,,NMDC LTD.,85.42,86.08,83.98,85.14,85.00,85.42,,85.16,,,1122858,95182554.00,4286,F1,1,,,,,
2026-06-30,2026-06-30,CM,BSE,STK,526381,INE529D01014,PATINTLOG,T,,,,,PATEL INTEGRATED LOGISTICS LTD,16.48,16.48,15.44,15.44,15.44,16.25,,15.39,,,19410,299741.00,56,F1,1,,,,,
2026-06-30,2026-06-30,CM,BSE,STK,526397,INE137C01018,ALPHAGEO,B,,,,,ALPHAGEO (INDIA) LTD.,198.95,200.00,193.15,199.95,200.00,198.15,,199.26,,,649,128742.00,69,F1,1,,,,,
2026-06-30,2026-06-30,CM,BSE,STK,526407,INE299D01022,HAMPTON,X,,,,,HAMPTON SKY REALTY LIMITED,9.43,9.88,9.22,9.25,9.24,9.38,,9.25,,,11283,106288.00,61,F1,1,,,,,
2026-06-30,2026-06-30,CM,BSE,STK,526409,INE301C01028,KKALPANAIND,X,,,,,KKALPANA INDUSTRIES (INDIA) LT,6.81,7.18,6.81,7.08,7.06,7.07,,7.08,,,7490,52747.00,57,F1,1,,,,,
2026-06-30,2026-06-30,CM,BSE,STK,526415,INE870B01024,OKPLA,XT,,,,,OK PLAY INDIA LTD.,4.14,4.40,4.14,4.18,4.16,4.20,,4.18,,,79482,335547.00,170,F1,1,,,,,
2026-06-30,2026-06-30,CM,BSE,STK,526423,INE479D01038,KRITI,T,,,,,KRITI INDUSTRIES (INDIA) LTD.,68.86,70.00,68.02,69.99,69.99,68.86,,70.16,,,747,51632.00,15,F1,1,,,,,
2026-06-30,2026-06-30,CM,BSE,STK,526433,INE867C01010,ASMTEC,B,,,,,ASM TECHNOLOGIES LTD.,4088.95,4089.00,4002.50,4058.00,4058.00,3992.15,,4058.00,,,21779,88292704.00,2020,F1,1,,,,,
2026-06-30,2026-06-30,CM,BSE,STK,526435,INE759I01024,PERFEPA,X,,,,,PERFECTPAC LTD.,68.00,69.02,67.00,69.00,69.00,68.34,,69.00,,,548,37275.00,13,F1,1,,,,,
2026-06-30,2026-06-30,CM,BSE,STK,526439,INE267C01013,AMBIT,X,,,,,AMBITIOUS PLASTOMAC COMPANY LT,10.00,10.00,10.00,10.00,10.00,10.00,,10.00,,,30,300.00,4,F1,1,,,,,
2026-06-30,2026-06-30,CM,BSE,STK,526441,INE515B01025,VISIONCINE,XT,,,,,VISION CINEMAS LTD.,1.20,1.29,1.19,1.24,1.24,1.25,,1.24,,,51310,61495.00,58,F1,1,,,,,
2026-06-30,2026-06-30,CM,BSE,STK,526443,INE072B01027,AEIM,X,,,,,Artificial Electronics Intelli,104.50,105.70,101.35,102.25,103.40,104.45,,102.25,,,20844,2137182.00,358,F1,1,,,,,
2026-06-30,2026-06-30,CM,BSE,STK,526445,INE007C01021,INDRANIB,XT,,,,,INDRAYANI BIOTECH LTD.,9.05,9.30,8.85,9.00,9.00,9.31,,9.00,,,31008,275847.00,108,F1,1,,,,,
2026-06-30,2026-06-30,CM,BSE,STK,526468,INE940E01011,EUROLED,X,,,,,EURO LEDER FASHION LTD.,16.26,17.25,16.25,16.39,16.99,16.96,,16.39,,,1107,18501.00,26,F1,1,,,,,
2026-06-30,2026-06-30,CM,BSE,STK,526471,INE391C01011,WINSOMBR,X,,,,,WINSOME BREWERIES LTD.,21.58,21.88,20.01,20.98,20.98,21.56,,20.98,,,5735,119948.00,113,F1,1,,,,,
2026-06-30,2026-06-30,CM,BSE,STK,526473,INE152E01013,ELEFLOR,X,,,,,ELEGANT FLORICULTURE & AGROTEC,5.15,5.19,5.02,5.07,5.13,5.10,,5.07,,,5626,28687.00,62,F1,1,,,,,
2026-06-30,2026-06-30,CM,BSE,STK,526479,INE765B01018,SKYIND,X,,,,,SKY INDUSTRIES LTD.,88.50,90.99,88.50,88.55,88.55,88.50,,88.55,,,1370,122840.00,26,F1,1,,,,,
2026-06-30,2026-06-30,CM,BSE,STK,526481,INE245B01011,PHOENXINTL,X,,,,,PHOENIX INTERNATIONAL LTD.,28.35,28.69,27.81,27.96,28.60,28.49,,27.96,,,844,23578.00,13,F1,1,,,,,
2026-06-30,2026-06-30,CM,BSE,STK,526488,INE432N01010,BHUDEVI,XT,,,,,BHUDEVI INFRA PROJECTS LIMITED,185.00,199.95,184.30,199.00,199.95,194.00,,199.00,,,9477,1859305.00,38,F1,1,,,,,
2026-06-30,2026-06-30,CM,BSE,STK,526490,INE206C01029,PRATIK,X,,,,,PRATIK PANELS LTD.,6.11,6.22,5.80,6.09,6.15,6.11,,6.09,,,23671,141959.00,83,F1,1,,,,,
2026-06-30,2026-06-30,CM,BSE,STK,526492,INE582D01013,RISHIROOP,X,,,,,Rishiroop Limited,90.81,93.24,90.81,92.53,92.88,90.81,,92.53,,,215,19803.00,17,F1,1,,,,,
2026-06-30,2026-06-30,CM,BSE,STK,526494,INE818D01011,PROMACT,X,,,,,Promact Plastics Limited,10.15,10.15,10.15,10.15,10.15,10.15,,10.15,,,2,20.00,2,F1,1,,,,,
2026-06-30,2026-06-30,CM,BSE,STK,526500,INE398F01019,STRGRENWO,X,,,,,STERLING GREEN WOODS LTD.,22.36,22.36,21.30,22.00,22.00,21.30,,22.00,,,51,1135.00,9,F1,1,,,,,
2026-06-30,2026-06-30,CM,BSE,STK,526506,INE356B01024,SYSTMTXC,T,,,,,SYSTEMATIX CORPORATE SERVICES,62.85,65.02,62.85,63.97,63.97,66.12,,63.96,,,1158,73738.00,17,F1,1,,,,,
2026-06-30,2026-06-30,CM,BSE,STK,526508,INE825D01016,SHAHISHIP,X,,,,,Shahi Shipping Limited,12.75,13.21,12.51,12.51,12.51,12.75,,12.51,,,1936,25222.00,22,F1,1,,,,,
2026-06-30,2026-06-30,CM,BSE,STK,526519,INE840D01015,ALPINEHOU,X,,,,,ALPINE HOUSING DEVELOPMENT COR,91.05,94.95,89.00,89.93,89.93,93.84,,89.93,,,3772,345684.00,47,F1,1,,,,,
2026-06-30,2026-06-30,CM,BSE,STK,526525,INE550D01010,WWALUM,X,,,,,WORLDWIDE ALUMINIUM LIMITED,20.60,20.74,20.00,20.00,20.00,20.50,,20.00,,,2512,51718.00,8,F1,1,,,,,
2026-06-30,2026-06-30,CM,BSE,STK,526530,INE670C01026,IIRM,X,,,,,IIRM HOLDINGS INDIA LIMITED,134.00,135.85,131.10,135.10,135.00,132.60,,135.10,,,64812,8726337.00,244,F1,1,,,,,
2026-06-30,2026-06-30,CM,BSE,STK,526532,INE716K01020,SFPIL,X,,,,,SQUARE FOUR PROJECTS INDIA LIM,9.46,9.46,8.28,8.59,9.16,8.95,,8.59,,,867,7806.00,18,F1,1,,,,,
2026-06-30,2026-06-30,CM,BSE,STK,526544,INE967B01028,SGLRES,XT,,,,,SGL RESOURCES LIMITED,2.95,2.95,2.95,2.95,2.95,3.01,,2.95,,,7040,20768.00,16,F1,1,,,,,
2026-06-30,2026-06-30,CM,BSE,STK,526546,INE493D01013,CHOKSILA,XT,,,,,CHOKSI LABORATORIES LTD.,117.75,124.40,112.70,124.00,124.00,118.50,,124.00,,,629,77496.00,20,F1,1,,,,,
2026-06-30,2026-06-30,CM,BSE,STK,526550,INE652F01027,CCHHL,B,,,,,COUNTRY CLUB HOSPITALITY AND H,12.82,13.35,12.57,12.60,12.60,12.80,,12.56,,,7453,98903.00,28,F1,1,,,,,
2026-06-30,2026-06-30,CM,BSE,STK,526570,INE519N01014,MIDWEST,T,,,,,MIDWEST GOLD LTD.,4415.50,4750.00,4380.00,4677.95,4591.00,4591.85,,4677.95,,,9083,41840061.00,455,F1,1,,,,,
2026-06-30,2026-06-30,CM,BSE,STK,526574,INE439G01019,ENTRINT,X,,,,,ENTERPRISE INTERNATIONAL LTD.,20.10,21.94,20.00,21.85,21.85,20.90,,21.85,,,588,11869.00,10,F1,1,,,,,
2026-06-30,2026-06-30,CM,BSE,STK,526582,INE413G01022,TPLPLASTEH,B,,,,,TPL PLASTECH LTD.,72.00,74.00,71.85,73.27,72.55,70.45,,73.15,,,1775,129220.00,256,F1,1,,,,,
2026-06-30,2026-06-30,CM,BSE,STK,526588,INE813B01016,PHOTOQUP,X,,,,,PHOTOQUIP INDIA LTD.,12.60,12.60,12.60,12.60,12.60,12.00,,12.60,,,1600,20160.00,5,F1,1,,,,,
2026-06-30,2026-06-30,CM,BSE,STK,526596,INE557B01019,LIBERTSHOE,B,,,,,LIBERTY SHOES LTD.,284.95,284.95,268.40,269.60,269.90,273.45,,269.34,,,2398,648222.00,104,F1,1,,,,,
2026-06-30,2026-06-30,CM,BSE,STK,526604,INE845B01018,LIPPISYS,XT,,,,,LIPPI SYSTEMS LTD.,212.16,231.90,212.16,221.16,221.16,223.32,,221.16,,,36293,7912276.00,262,F1,1,,,,,
2026-06-30,2026-06-30,CM,BSE,STK,526608,INE822G01016,ELECTHERM,B,,,,,ELECTROTHERM (INDIA) LTD.,1150.45,1180.20,1082.00,1098.75,1097.00,1169.50,,1097.90,,,2145,2409951.00,264,F1,1,,,,,
2026-06-30,2026-06-30,CM,BSE,STK,526612,INE233B01017,BLUEDART,A,,,,,BLUE DART EXPRESS LTD.,4855.00,4940.95,4839.70,4850.05,4850.05,4870.25,,4864.40,,,491,2399772.00,221,F1,1,,,,,
2026-06-30,2026-06-30,CM,BSE,STK,526614,INE561D01025,EXPOEAPL,X,,,,,EXPO ENGINEERING AND PROJECTS,62.75,68.80,57.26,67.36,68.75,61.58,,67.36,,,35760,2358014.00,119,F1,1,,,,,
2026-06-30,2026-06-30,CM,BSE,STK,526616,INE233D01013,NATPLAS,X,,,,,NATIONAL PLASTIC INDUSTRIES LT,42.61,43.73,42.00,42.39,42.39,43.51,,42.39,,,2754,116364.00,42,F1,1,,,,,
2026-06-30,2026-06-30,CM,BSE,STK,526622,INE244C01020,MFLINDIA,X,,,,,MFL INDIA LTD.,0.39,0.40,0.39,0.40,0.40,0.40,,0.40,,,251492,99552.00,183,F1,1,,,,,
2026-06-30,2026-06-30,CM,BSE,STK,526628,INE863E01015,AJWAFUN,P,,,,,AJWA FUN WORLD & RESORT LTD.,37.01,37.01,37.01,37.01,37.01,35.25,,37.01,,,200,7402.00,2,F1,100,,,,,
2026-06-30,2026-06-30,CM,BSE,STK,526638,INE594V01028,TEXELIN,X,,,,,TEXEL INDUSTRIES LTD.,83.20,85.00,77.60,82.39,82.39,79.95,,82.39,,,242762,19842413.00,736,F1,1,,,,,
2026-06-30,2026-06-30,CM,BSE,STK,526640,INE008C01011,RAYALEMA,X,,,,,ROYALE MANOR HOTELS & INDUSTRI,30.40,30.40,29.50,30.04,30.04,30.56,,30.04,,,782,23498.00,9,F1,1,,,,,
2026-06-30,2026-06-30,CM,BSE,STK,526642,INE771A01026,MIRZAINT,B,,,,,MIRZA INTERNATIONAL LTD.,35.70,35.70,34.66,35.00,35.25,35.11,,35.02,,,13382,469897.00,167,F1,1,,,,,
2026-06-30,2026-06-30,CM,BSE,STK,526650,INE305A01023,TFCILTD,B,,,,,TOURISM FINANCE CORPORATION OF,75.54,78.60,75.54,77.03,77.34,75.29,,77.07,,,69231,5332209.00,473,F1,1,,,,,
2026-06-30,2026-06-30,CM,BSE,STK,526654,INE403F01017,THAKDEV,B,,,,,THAKKERS DEVELOPERS LTD.,121.85,121.85,121.85,121.85,121.85,128.25,,121.85,,,2,243.00,2,F1,1,,,,,
2026-06-30,2026-06-30,CM,BSE,STK,526662,INE610C01014,ARENTERP,B,,,,,RAJDARSHAN INDUSTRIES LTD.,36.02,37.30,36.02,37.30,37.30,36.06,,36.52,,,231,8414.00,8,F1,1,,,,,
2026-06-30,2026-06-30,CM,BSE,STK,526666,INE828A01016,BIL,B,,,,,BHARTIYA INTERNATIONAL LTD.,766.95,783.40,764.85,776.25,776.25,777.95,,771.20,,,866,667318.00,90,F1,1,,,,,
2026-06-30,2026-06-30,CM,BSE,STK,526668,INE967C01018,KAMATHOTEL,B,,,,,KAMAT HOTELS (INDIA) LTD.,179.90,183.50,178.60,182.65,183.50,181.10,,182.72,,,1190,214214.00,77,F1,1,,,,,
2026-06-30,2026-06-30,CM,BSE,STK,526675,INE008N01018,TIRTPLS,X,,,,,TIRTH PLASTIC LTD.,26.42,28.45,26.42,27.02,27.10,27.80,,27.02,,,1033,27615.00,46,F1,1,,,,,
2026-06-30,2026-06-30,CM,BSE,STK,526677,INE055C01020,KEEPLEARN,B,,,,,DSJ KEEP LEARNING LIMITED,1.83,2.03,1.83,1.97,1.98,2.04,,1.93,,,3497,6596.00,12,F1,1,,,,,
2026-06-30,2026-06-30,CM,BSE,STK,526703,INE423D01010,ECOPLAST,X,,,,,ECOPLAST LTD.,458.05,474.95,458.05,464.75,469.95,473.00,,464.75,,,178,82285.00,22,F1,1,,,,,
2026-06-30,2026-06-30,CM,BSE,STK,526705,INE095B01010,ELEMARB,X,,,,,ELEGANT MARBLES & GRANI INDUST,184.90,187.65,184.90,187.65,187.65,174.55,,187.65,,,49,9154.00,6,F1,1,,,,,
2026-06-30,2026-06-30,CM,BSE,STK,526709,INE839A01021,BITS,X,,,,,BITS LTD.,7.90,8.25,7.37,7.75,7.90,7.91,,7.75,,,71057,550072.00,270,F1,1,,,,,
2026-06-30,2026-06-30,CM,BSE,STK,526711,INE627D01016,ADARSHPL,X,,,,,ADARSH PLANT PROTECT LTD.,28.50,30.30,28.50,29.02,29.02,29.00,,29.02,,,3559,106692.00,17,F1,1,,,,,
2026-06-30,2026-06-30,CM,BSE,STK,526717,INE136C01044,HPBL,XT,,,,,HCP PLASTENE BULKPACK LIMITED,210.00,216.40,200.05,201.50,202.45,209.00,,201.50,,,1259,256631.00,43,F1,1,,,,,
2026-06-30,2026-06-30,CM,BSE,STK,526721,INE653C01022,NICCOPAR,X,,,,,NICCO PARKS & RESORTS LTD.,78.80,83.25,76.56,81.96,81.00,80.00,,81.96,,,12459,1014275.00,116,F1,1,,,,,
2026-06-30,2026-06-30,CM,BSE,STK,526723,INE920C01017,NTCIND,X,,,,,NTC INDUSTRIES LTD.,151.95,154.40,150.00,151.75,152.25,151.95,,151.75,,,1218,183371.00,62,F1,1,,,,,
2026-06-30,2026-06-30,CM,BSE,STK,526725,INE583B01015,SANDESH,B,,,,,SANDESH LTD.,1011.00,1031.00,1011.00,1011.00,1011.00,1002.55,,990.30,,,38,38798.00,5,F1,1,,,,,
2026-06-30,2026-06-30,CM,BSE,STK,526727,INE797D01017,GARNET,X,,,,,GARNET CONSTRUCTION LTD.,69.20,72.40,69.00,70.05,70.70,69.20,,70.05,,,2364,166377.00,42,F1,1,,,,,
2026-06-30,2026-06-30,CM,BSE,STK,526729,INE025B01025,GOLDIAM,A,,,,,GOLDIAM INTERNATIONAL LTD.,443.10,446.65,425.20,443.20,443.20,453.10,,444.10,,,61020,26593927.00,2870,F1,1,,,,,
2026-06-30,2026-06-30,CM,BSE,STK,526731,INE630D01010,BRIGHTBR,X,,,,,BRIGHT BROTHERS LTD.,222.35,222.35,213.10,216.60,219.90,218.15,,216.60,,,1227,267633.00,36,F1,1,,,,,
2026-06-30,2026-06-30,CM,BSE,STK,526739,INE869A01010,SHAWGELTIN,X,,,,,NARMADA GELATINES LTD.,508.05,522.40,490.20,509.95,509.95,506.15,,509.95,,,19561,9999145.00,585,F1,1,,,,,
2026-06-30,2026-06-30,CM,BSE,STK,526747,INE078D01012,PGFOILQ,X,,,,,PG FOILS LTD.,207.75,207.75,197.20,198.00,198.00,201.00,,198.00,,,10889,2179818.00,152,F1,1,,,,,
2026-06-30,2026-06-30,CM,BSE,STK,526751,INE915E01013,GRATEXI,X,,,,,GRATEX INDUSTRIES LTD.,26.10,26.10,26.10,26.10,26.10,26.13,,26.10,,,16,417.00,2,F1,1,,,,,
2026-06-30,2026-06-30,CM,BSE,STK,526755,INE548D01014,VELHO,X,,,,,VELAN HOTELS LTD.,6.29,6.29,6.02,6.27,6.27,6.01,,6.27,,,2027,12700.00,18,F1,1,,,,,
2026-06-30,2026-06-30,CM,BSE,STK,526775,INE760B01019,VALIANT,X,,,,,VALIANT COMMUNICATIONS LTD.,1100.00,1139.00,1036.15,1085.25,1085.25,1075.80,,1085.25,,,13001,13910460.00,1010,F1,1,,,,,
2026-06-30,2026-06-30,CM,BSE,STK,526783,INE934C01018,DRAGARWQ,B,,,,,DR.AGARWALS EYE HOSPITAL LTD.,5048.00,5114.65,5023.40,5099.95,5100.00,4995.00,,5094.60,,,127,645653.00,68,F1,1,,,,,
2026-06-30,2026-06-30,CM,BSE,STK,526795,INE007G01014,MHSGRMS,ZP,,,,,MAHASAGAR TRAVELS LTD.,5.48,5.48,5.00,5.00,5.00,5.22,,5.00,,,700,3740.00,2,F1,100,,,,,
2026-06-30,2026-06-30,CM,BSE,STK,526797,INE461C01038,GREENPLY,B,,,,,GREENPLY INDUSTRIES LTD.,304.70,304.70,293.80,295.25,298.10,300.40,,296.62,,,3972,1180919.00,158,F1,1,,,,,
2026-06-30,2026-06-30,CM,BSE,STK,526807,INE497B01018,SEAMECLTD,B,,,,,SEAMEC LTD.,1468.00,1468.00,1406.25,1417.75,1423.30,1450.55,,1420.30,,,2171,3088565.00,270,F1,1,,,,,
2026-06-30,2026-06-30,CM,BSE,STK,526813,INE753B01014,RAGHUNAT,X,,,,,RAGHUNATH INTERNATIONAL LTD.,11.00,11.00,10.01,10.25,10.25,11.00,,10.25,,,150,1549.00,7,F1,1,,,,,
2026-06-30,2026-06-30,CM,BSE,STK,526817,INE974B01016,CHEVIOT,B,,,,,CHEVIOT CO.LTD.,1100.00,1123.90,1100.00,1123.90,1123.90,1121.00,,1108.50,,,108,119318.00,15,F1,1,,,,,
2026-06-30,2026-06-30,CM,BSE,STK,526821,INE928C01010,DAICHI,T,,,,,DAI-ICHI KARKARIA LTD.,321.00,321.90,321.00,321.20,321.90,315.00,,319.97,,,50,16059.00,2,F1,1,,,,,
2026-06-30,2026-06-30,CM,BSE,STK,526823,INE016C01014,RAJINFRA,Z,,,,,RAJESWARI INFRASTRUCTURE LIMIT,4.70,4.70,4.70,4.70,4.70,4.50,,4.70,,,1177,5531.00,11,F1,1,,,,,
2026-06-30,2026-06-30,CM,BSE,STK,526827,INE882D01017,SPICEISLIN,XT,,,,,SPICE ISLANDS INDUSTRIES LIMIT,534.00,534.00,492.50,519.65,519.70,517.90,,519.65,,,17804,9024083.00,455,F1,1,,,,,
2026-06-30,2026-06-30,CM,BSE,STK,526829,INE552D01024,CONFIPET,B,,,,,CONFIDENCE PETROLEUM INDIA LTD,71.94,74.67,70.50,73.25,73.25,71.23,,73.14,,,160533,11693959.00,1173,F1,1,,,,,
2026-06-30,2026-06-30,CM,BSE,STK,526839,INE413C01013,SIPL,X,,,,,SHELTER INFRA PROJECTS LTD.,17.50,17.50,17.50,17.50,17.50,17.50,,17.50,,,12,210.00,4,F1,1,,,,,
2026-06-30,2026-06-30,CM,BSE,STK,526841,INE794C01016,SHAKTIPR,XT,,,,,SHAKTI PRESS LTD.,23.74,23.74,23.74,23.74,23.74,24.98,,23.74,,,106648,2531823.00,715,F1,1,,,,,
2026-06-30,2026-06-30,CM,BSE,STK,526847,INE338C01012,ASHSI,X,,,,,ASHIRWAD STEELS & INDUSTRIES L,23.50,23.51,22.35,23.47,22.52,23.50,,23.47,,,1081,25036.00,21,F1,1,,,,,
2026-06-30,2026-06-30,CM,BSE,STK,526849,INE655B01011,BANARBEADS,B,,,,,BANARAS BEADS LTD.,106.00,106.00,106.00,106.00,106.00,101.40,,100.71,,,1,106.00,1,F1,1,,,,,
2026-06-30,2026-06-30,CM,BSE,STK,526851,INE480H01011,AREXMIS,X,,,,,AREX INDUSTRIES LTD.,114.45,114.50,114.45,114.50,114.45,115.00,,114.50,,,1597,182826.00,3,F1,1,,,,,
2026-06-30,2026-06-30,CM,BSE,STK,526853,INE986A01012,BI,B,,,,,BILCARE LTD.,59.90,64.95,56.02,62.69,62.69,56.35,,62.52,,,34784,2167180.00,739,F1,1,,,,,
2026-06-30,2026-06-30,CM,BSE,STK,526859,INE973B01026,ISFL,X,,,,,ISF LIMITED,0.78,0.78,0.70,0.70,0.70,0.69,,0.70,,,27435,19563.00,46,F1,1,,,,,
2026-06-30,2026-06-30,CM,BSE,STK,526861,INE988D01012,RISHILASE,X,,,,,RISHI LASER LTD.,125.50,130.00,121.95,127.60,129.95,125.55,,127.60,,,2566,325484.00,34,F1,1,,,,,
2026-06-30,2026-06-30,CM,BSE,STK,526865,INE966C01010,JAINCO,X,,,,,JAINCO PROJECTS (INDIA) LTD.,4.23,4.65,4.23,4.65,4.65,4.45,,4.65,,,1535,6691.00,7,F1,1,,,,,
2026-06-30,2026-06-30,CM,BSE,STK,526871,INE017E01018,INTECCAP,XT,,,,,INTEC CAPITAL LTD.,15.46,15.46,15.46,15.46,15.46,15.48,,15.46,,,1,15.00,1,F1,1,,,,,
2026-06-30,2026-06-30,CM,BSE,STK,526873,INE184D01026,RAJSEC,X,,,,,RAJASTHAN SECURITIES LIMITED,51.61,51.80,51.60,51.79,51.80,51.40,,51.79,,,15344,793958.00,52,F1,1,,,,,
2026-06-30,2026-06-30,CM,BSE,STK,526877,INE797C01019,SIDDHEGA,X,,,,,SIDDHESWARI GARMENTS LTD.,19.55,19.55,19.55,19.55,19.55,18.62,,19.55,,,4,78.00,1,F1,1,,,,,
2026-06-30,2026-06-30,CM,BSE,STK,526881,INE111B01023,63MOONS,A,,,,,63 Moons Technologies Limited,662.40,664.40,653.25,654.20,654.20,656.75,,654.70,,,1948,1278712.00,229,F1,1,,,,,
2026-06-30,2026-06-30,CM,BSE,STK,526883,INE641B01011,SHIKHAR,XT,,,,,SHIKHAR CONSULTANTS LTD.,12.07,12.07,11.30,12.05,12.05,11.50,,12.05,,,30791,363380.00,18,F1,1,,,,,
2026-06-30,2026-06-30,CM,BSE,STK,526885,INE453D01025,SARLAPOLY,B,,,,,SARLA PERFORMANCE FIBERS LTD.,97.70,98.33,96.60,98.33,98.33,97.64,,98.14,,,751,73204.00,36,F1,1,,,,,
2026-06-30,2026-06-30,CM,BSE,STK,526887,INE147D01015,INDOCRED,XT,,,,,INDO CREDIT CAPITAL LTD.,8.55,8.55,8.13,8.13,8.13,8.55,,8.13,,,100,817.00,2,F1,1,,,,,
2026-06-30,2026-06-30,CM,BSE,STK,526891,INE944C01017,MKTCREAT,X,,,,,MARKET CREATORS LTD.,15.00,15.00,15.00,15.00,15.00,15.00,,15.00,,,29,435.00,2,F1,1,,,,,
2026-06-30,2026-06-30,CM,BSE,STK,526899,INE552B01010,HFIL,X,,,,,HIMALAYA FOOD INTERNATIONAL LI,8.90,9.20,8.21,8.71,8.70,8.90,,8.71,,,93581,808718.00,271,F1,1,,,,,
2026-06-30,2026-06-30,CM,BSE,STK,526901,INE344I01017,SONALAD,X,,,,,SONAL ADHESIVES LTD.,47.99,48.95,43.61,48.92,48.93,47.64,,48.92,,,543,25790.00,26,F1,1,,,,,
2026-06-30,2026-06-30,CM,BSE,STK,526905,INE743D01011,PADMAIND,XT,,,,,Padmanabh Industries Ltd,9.68,9.68,8.76,8.91,9.64,9.22,,8.91,,,633,5548.00,17,F1,1,,,,,
2026-06-30,2026-06-30,CM,BSE,STK,526921,INE253B01015,21STCENMGM,B,,,,,TWENTYFIRST CENTURY MANAGEMENT,33.00,33.00,32.82,32.98,32.99,33.48,,32.62,,,1283,42310.00,16,F1,1,,,,,
2026-06-30,2026-06-30,CM,BSE,STK,526931,INE400G01011,HRYNSHP,X,,,,,HARIYANA SHIP BREAKERS LTD.,101.95,104.00,101.05,102.45,102.30,100.00,,102.45,,,2972,305579.00,50,F1,1,,,,,
2026-06-30,2026-06-30,CM,BSE,STK,526935,INE377D01018,KALIND,XT,,,,,Kalind Limited,84.95,85.60,82.61,84.03,84.45,84.16,,84.03,,,390476,32879310.00,441,F1,1,,,,,
2026-06-30,2026-06-30,CM,BSE,STK,526945,INE945B01016,TYROON,X,,,,,TYROON TEA CO.LTD.,83.20,85.05,83.20,83.64,83.64,85.21,,83.64,,,397,33235.00,9,F1,1,,,,,
2026-06-30,2026-06-30,CM,BSE,STK,526947,INE059D01020,LAOPALA,B,,,,,LA OPALA RG LTD.,179.30,181.50,177.80,180.40,180.30,177.20,,180.50,,,3846,690573.00,485,F1,1,,,,,
2026-06-30,2026-06-30,CM,BSE,STK,526951,INE239C01020,STYLAMIND,B,,,,,STYLAM INDUSTRIES LIMITED,3263.30,3316.80,3242.00,3250.30,3242.00,3294.50,,3248.40,,,739,2412966.00,161,F1,1,,,,,
2026-06-30,2026-06-30,CM,BSE,STK,526953,INE411B01019,VENUSREM,T,,,,,VENUS REMEDIES LTD.,1878.00,1918.85,1868.20,1868.20,1868.20,1966.50,,1834.40,,,3372,6327703.00,222,F1,1,,,,,
2026-06-30,2026-06-30,CM,BSE,STK,526961,INE404B01022,LASTMILE,XT,,,,,LAST MILE ENTERPRISES LIMITED,7.99,8.21,7.43,7.82,8.20,7.82,,7.82,,,120304,941163.00,285,F1,1,,,,,
2026-06-30,2026-06-30,CM,BSE,STK,526965,INE372D01019,GUJCRAFT,X,,,,,GUJARAT CRAFT INDUSTRIES LTD.,94.00,94.00,91.40,92.95,92.99,93.40,,92.95,,,1370,127234.00,27,F1,1,,,,,
2026-06-30,2026-06-30,CM,BSE,STK,526967,INE025D01013,HEERAISP,X,,,,,HEERA ISPAT LTD.,6.60,6.60,6.60,6.60,6.60,6.60,,6.60,,,7,46.00,2,F1,1,,,,,
2026-06-30,2026-06-30,CM,BSE,STK,526971,INE313G01016,DHOOTIN,X,,,,,DHOOT INDUSTRIAL FINANCE LTD.,230.00,230.50,223.00,230.50,230.50,230.15,,230.50,,,1077,247027.00,23,F1,1,,,,,
2026-06-30,2026-06-30,CM,BSE,STK,526981,INE402H01015,SHBAJRG,B,,,,,SHRI BAJRANG ALLIANCE LIMITED,190.55,194.95,190.55,193.40,193.40,192.40,,191.20,,,382,73905.00,65,F1,1,,,,,
2026-06-30,2026-06-30,CM,BSE,STK,526987,INE550C01020,URJA,B,,,,,URJA GLOBAL LTD.,9.41,9.89,9.41,9.55,9.55,9.56,,9.56,,,206492,1991974.00,874,F1,1,,,,,
2026-06-30,2026-06-30,CM,BSE,STK,527001,INE348A01023,ASHAPURMIN,A,,,,,ASHAPURA MINECHEM LTD.,672.60,673.95,660.00,661.40,661.50,672.55,,661.10,,,15645,10399394.00,608,F1,1,,,,,
2026-06-30,2026-06-30,CM,BSE,STK,527005,INE847D01010,SHREEPAC,X,,,,,SHREE PACETRONIX LTD.,127.75,132.75,125.25,130.70,130.70,125.25,,130.70,,,7748,1003820.00,151,F1,1,,,,,
2026-06-30,2026-06-30,CM,BSE,STK,530001,INE186A01019,GUJALKALI,B,,,,,GUJARAT ALKALIES & CHEMICALS L,601.35,617.90,601.35,613.60,613.70,608.95,,614.40,,,2624,1608043.00,178,F1,1,,,,,
2026-06-30,2026-06-30,CM,BSE,STK,530005,INE383A01012,INDIACEM,A,,,,,INDIA CEMENTS LTD.,381.10,381.10,374.00,377.55,376.35,377.40,,377.05,,,5011,1887298.00,215,F1,1,,,,,
2026-06-30,2026-06-30,CM,BSE,STK,530007,INE573A01042,JKTYRE,A,,,,,JK TYRE & INDUSTRIES LTD.,390.00,395.45,388.05,393.70,395.00,388.55,,394.00,,,45897,18018835.00,695,F1,1,,,,,
2026-06-30,2026-06-30,CM,BSE,STK,530017,INE173A01025,SIL,B,,,,,STANDARD INDUSTRIES LTD.,15.58,15.73,15.42,15.54,15.67,15.80,,15.60,,,248,3854.00,24,F1,1,,,,,
2026-06-30,2026-06-30,CM,BSE,STK,530019,INE700A01033,JUBLPHARMA,A,,,,,JUBILANT PHARMOVA LIMITED,952.80,975.20,951.50,971.75,973.00,952.70,,970.90,,,3953,3808854.00,301,F1,1,,,,,
2026-06-30,2026-06-30,CM,BSE,STK,530023,INE924D01017,THEINVEST,B,,,,,THE INVESTMENT TRUST OF INDIA,92.70,102.90,92.70,97.75,97.00,94.20,,98.20,,,2519,241989.00,83,F1,1,,,,,
2026-06-30,2026-06-30,CM,BSE,STK,530025,INE607G01011,SAMYAKINT,X,,,,,SAMYAK INTERNATIONAL LTD.,18.10,18.89,17.98,17.98,17.98,18.92,,17.98,,,2981,53666.00,20,F1,1,,,,,
2026-06-30,2026-06-30,CM,BSE,STK,530027,INE563D01013,AADIIND,X,,,,,AADI INDUSTRIES LTD.,9.38,9.38,9.30,9.30,9.30,9.42,,9.30,,,6,56.00,3,F1,1,,,,,
2026-06-30,2026-06-30,CM,BSE,STK,530037,INE618F01010,SPARKLEGR,X,,,,,SPARKLE GOLD ROCK LIMITED,71.11,71.11,69.00,71.00,71.00,69.81,,71.00,,,1232,87374.00,24,F1,1,,,,,
2026-06-30,2026-06-30,CM,BSE,STK,530043,INE326C01017,ACKNIT,X,,,,,ACKNIT INDUSTRIES LTD.,285.00,305.00,285.00,301.55,301.90,292.00,,301.55,,,1623,487382.00,44,F1,1,,,,,
2026-06-30,2026-06-30,CM,BSE,STK,530045,INE090D01017,TITANSEC,X,,,,,TITAN SECURITIES LTD.,42.74,42.74,41.40,41.85,42.00,42.20,,41.85,,,29161,1221633.00,95,F1,1,,,,,
2026-06-30,2026-06-30,CM,BSE,STK,530053,INE055E01034,REALECO,X,,,,,REAL ECO-ENERGY LIMITED,4.39,4.39,4.12,4.16,4.13,4.19,,4.16,,,3762,15841.00,79,F1,1,,,,,
2026-06-30,2026-06-30,CM,BSE,STK,530057,INE984E01035,VIVANZA,X,,,,,Vivanza Biosciences Limited,1.66,1.88,1.66,1.82,1.82,1.97,,1.82,,,22010,39499.00,28,F1,1,,,,,
2026-06-30,2026-06-30,CM,BSE,STK,530063,INE095C01018,YASHRAJC,XT,,,,,YASHRAJ CONTAINEURS LTD.,4.70,4.70,4.37,4.59,4.59,4.59,,4.59,,,755,3418.00,8,F1,1,,,,,
2026-06-30,2026-06-30,CM,BSE,STK,530065,INE689J01013,LORDSHOTL,X,,,,,LORDS ISHWAR HOTELS LIMITED,14.25,14.50,14.25,14.42,14.50,14.50,,14.42,,,20,287.00,4,F1,1,,,,,
2026-06-30,2026-06-30,CM,BSE,STK,530067,INE718F01018,CSLFINANCE,B,,,,,CSL Finance Limited,248.00,251.85,229.00,229.00,229.00,228.55,,228.93,,,2296,547378.00,133,F1,1,,,,,
2026-06-30,2026-06-30,CM,BSE,STK,530073,INE989A01032,SANGHVIMOV,B,,,,,SANGHVI MOVERS LTD.,422.45,442.70,421.00,438.35,440.50,421.90,,438.40,,,50054,21881519.00,899,F1,1,,,,,
2026-06-30,2026-06-30,CM,BSE,STK,530075,INE818A01017,ANTELOPUS,B,,,,,Antelopus Selan Energy Limited,823.70,823.70,793.50,796.00,793.50,807.60,,794.30,,,2516,2028735.00,208,F1,1,,,,,
2026-06-30,2026-06-30,CM,BSE,STK,530077,INE795D01011,PURETROP,X,,,,,PURETROP FRUITS LIMITED,157.80,157.80,153.10,154.00,154.00,157.65,,154.00,,,609,94028.00,17,F1,1,,,,,
2026-06-30,2026-06-30,CM,BSE,STK,530079,INE963C01033,FAZE3Q,B,,,,,FAZE THREE LTD.,606.55,606.55,590.05,600.30,590.10,606.55,,599.35,,,2396,1434254.00,170,F1,1,,,,,
2026-06-30,2026-06-30,CM,BSE,STK,530109,INE069B01023,ANUPAM,X,,,,,ANUPAM FINSERV LIMITED,1.96,2.05,1.95,1.97,1.98,1.98,,1.97,,,127089,250738.00,137,F1,1,,,,,
2026-06-30,2026-06-30,CM,BSE,STK,530111,INE639C01013,RAJPACK,X,,,,,RAJ PACKAGING INDUSTRIES LTD.,27.51,27.52,27.50,27.50,27.50,27.50,,27.50,,,1910,52525.00,10,F1,1,,,,,
2026-06-30,2026-06-30,CM,BSE,STK,530117,INE959A01019,PRIVISCL,A,,,,,PRIVI SPECIALITY CHEMICALS LIM,3621.00,3690.00,3614.90,3673.20,3679.95,3596.85,,3672.20,,,2291,8414585.00,270,F1,1,,,,,
2026-06-30,2026-06-30,CM,BSE,STK,530119,INE444D01016,NATRAJPR,X,,,,,NATRAJ PROTEINS LTD.,38.20,38.20,37.00,38.19,38.19,37.39,,38.19,,,44,1672.00,7,F1,1,,,,,
2026-06-30,2026-06-30,CM,BSE,STK,530125,INE103E01016,SAMRATPH,X,,,,,SAMRAT PHARMACHEM LTD.,225.00,225.00,205.00,219.65,219.65,223.30,,219.65,,,6749,1441220.00,192,F1,1,,,,,
2026-06-30,2026-06-30,CM,BSE,STK,530127,INE446D01011,NPRFIN,X,,,,,NPR FINANCE LTD.,20.25,20.25,20.25,20.25,20.25,20.25,,20.25,,,230,4657.00,5,F1,1,,,,,
2026-06-30,2026-06-30,CM,BSE,STK,530129,INE445D01013,NILE,B,,,,,NILE LTD.,1735.25,1749.00,1708.25,1720.30,1743.00,1721.25,,1721.70,,,612,1057119.00,92,F1,1,,,,,
2026-06-30,2026-06-30,CM,BSE,STK,530133,INE924B01011,AMCOIND,X,,,,,AMCO INDIA LTD.,63.00,63.00,61.20,61.20,61.20,63.30,,61.20,,,11,691.00,2,F1,1,,,,,
2026-06-30,2026-06-30,CM,BSE,STK,530135,INE350C01017,OPTIEMUS,B,,,,,OPTIEMUS INFRACOM LTD,472.00,478.60,460.00,464.45,464.55,472.00,,464.70,,,24852,11584550.00,631,F1,1,,,,,
2026-06-30,2026-06-30,CM,BSE,STK,530139,INE302C01018,KREONFIN,XT,,,,,KREON FINNANCIAL SERVICES LTD.,69.00,69.05,64.55,67.85,67.85,66.91,,67.85,,,2757,188761.00,23,F1,1,,,,,
2026-06-30,2026-06-30,CM,BSE,STK,530141,INE487G01018,GYANDEV,XT,,,,,GYAN DEVELOPERS & BUILDERS LTD,41.81,42.50,41.81,42.00,42.00,42.66,,42.00,,,14,592.00,4,F1,1,,,,,
2026-06-30,2026-06-30,CM,BSE,STK,530145,INE017C01012,KISAN,XT,,,,,KISAN MOULDINGS LTD.,33.41,33.41,33.41,33.41,33.41,35.16,,33.41,,,17781,594063.00,79,F1,1,,,,,
2026-06-30,2026-06-30,CM,BSE,STK,530163,INE817B01025,KERALAYUR,X,,,,,KERALA AYURVEDA LTD.,185.90,188.00,182.50,185.00,184.90,185.50,,185.00,,,2140,393882.00,46,F1,1,,,,,
2026-06-30,2026-06-30,CM,BSE,STK,530167,INE153K01018,MONGIPA,X,,,,,MOONGIPA CAPITAL FINANCE LTD.,16.50,16.50,16.00,16.12,16.12,16.03,,16.12,,,1142,18291.00,10,F1,1,,,,,
2026-06-30,2026-06-30,CM,BSE,STK,530169,INE388C01017,MOHITPPR,X,,,,,MOHIT PAPER MILLS LTD.,26.65,27.00,26.50,26.51,26.51,27.25,,26.51,,,233,6217.00,8,F1,1,,,,,
2026-06-30,2026-06-30,CM,BSE,STK,530171,INE108C01019,DAULAT,X,,,,,DAULAT SECURITIES LTD.,31.85,31.85,28.87,28.96,28.90,31.95,,28.96,,,2522,74096.00,24,F1,1,,,,,
2026-06-30,2026-06-30,CM,BSE,STK,530175,INE213B01019,ODYSSEY,X,,,,,ODYSSEY TECHNOLOGIES LTD.,41.35,45.87,40.06,43.34,43.34,39.80,,43.34,,,89433,3902909.00,491,F1,1,,,,,
2026-06-30,2026-06-30,CM,BSE,STK,530179,INE015F01019,RSCINT,XT,,,,,RSC INTERNATIONAL LTD.,33.20,33.28,30.12,31.65,31.50,31.70,,31.65,,,33735,1078864.00,73,F1,1,,,,,
2026-06-30,2026-06-30,CM,BSE,STK,530185,INE936A01025,SURATRAML,X,,,,,Surat Trade and Mercantile Lim,4.83,4.98,4.50,4.75,4.66,4.83,,4.75,,,67240,318146.00,217,F1,1,,,,,
2026-06-30,2026-06-30,CM,BSE,STK,530187,INE354E01031,ATHARVENT,X,,,,,ATHARV ENTERPRISES LTD.,3.60,3.64,3.58,3.58,3.58,3.65,,3.58,,,3918,14126.00,21,F1,1,,,,,
2026-06-30,2026-06-30,CM,BSE,STK,530197,INE365H01014,FUNDVISER,XT,,,,,FUNDVISER CAPITAL (INDIA) LIMI,348.65,350.00,348.65,350.00,350.00,346.95,,350.00,,,69,24133.00,5,F1,1,,,,,
2026-06-30,2026-06-30,CM,BSE,STK,530199,INE083B01024,THEMISMED,B,,,,,THEMIS MEDICARE LTD.,113.90,114.50,108.60,109.30,109.95,112.25,,109.54,,,52758,5888617.00,307,F1,1,,,,,
2026-06-30,2026-06-30,CM,BSE,STK,530201,INE629F01025,KALLAM,XT,,,,,KALLAM TEXTILES LTD,2.65,2.84,2.65,2.78,2.78,2.73,,2.78,,,4678,13156.00,22,F1,1,,,,,
2026-06-30,2026-06-30,CM,BSE,STK,530207,INE899B01015,BRAWN,X,,,,,BRAWN BIOTECH LTD.,20.55,20.55,20.50,20.50,20.50,21.56,,20.50,,,1002,20551.00,6,F1,1,,,,,
2026-06-30,2026-06-30,CM,BSE,STK,530213,INE501D01013,FORINTL,X,,,,,FORTUNE INTERNATIONAL LTD.,77.50,78.50,77.50,78.50,78.50,77.50,,78.50,,,1351,106052.00,9,F1,1,,,,,
2026-06-30,2026-06-30,CM,BSE,STK,530215,INE050N01010,KINGSINFR,X,,,,,KINGS INFRA VENTURES LIMITED,126.00,127.70,123.00,123.40,123.55,123.65,,123.40,,,7581,941007.00,116,F1,1,,,,,
2026-06-30,2026-06-30,CM,BSE,STK,530217,INE295B01016,SWOJAS,XT,,,,,SWOJAS FOODS LIMITED,9.15,9.27,8.85,8.85,8.85,9.31,,8.85,,,2652,24401.00,11,F1,1,,,,,
2026-06-30,2026-06-30,CM,BSE,STK,530233,INE292C01011,AUROLAB,X,,,,,AURO LABORATORIES LTD.,254.40,263.20,250.00,252.10,252.10,254.40,,252.10,,,6493,1655140.00,125,F1,1,,,,,
2026-06-30,2026-06-30,CM,BSE,STK,530239,INE495B01038,SUVEN,B,,,,,SUVEN LIFE SCIENCES LTD.,279.05,286.60,276.30,280.80,283.00,277.10,,280.65,,,50712,14253053.00,980,F1,1,,,,,
2026-06-30,2026-06-30,CM,BSE,STK,530245,INE032E01017,ARYAMAN,X,,,,,ARYAMAN FINANCIAL SERVICES LTD,594.00,596.00,572.50,588.90,595.00,593.35,,588.90,,,353,205950.00,25,F1,1,,,,,
2026-06-30,2026-06-30,CM,BSE,STK,530249,INE958C01025,BRIDGESE,X,,,,,BRIDGE SECURITIES LTD.,14.20,15.89,14.10,15.04,15.04,14.17,,15.04,,,168253,2485783.00,240,F1,1,,,,,
2026-06-30,2026-06-30,CM,BSE,STK,530251,INE001O01029,RISAINTL,X,,,,,RISA INTERNATIONAL LTD.,0.49,0.51,0.47,0.48,0.48,0.49,,0.48,,,172514,83776.00,68,F1,1,,,,,
2026-06-30,2026-06-30,CM,BSE,STK,530253,INE497E01020,RAJTUBE,XT,,,,,RAJASTHAN TUBE MANUFACTURING C,13.88,13.88,13.21,13.21,13.21,13.90,,13.21,,,15768,208548.00,61,F1,1,,,,,
2026-06-30,2026-06-30,CM,BSE,STK,530255,INE961B01013,KAYPOWR,X,,,,,KAY POWER AND PAPER LTD.,9.14,9.50,8.70,9.01,9.48,9.10,,9.01,,,21560,194897.00,55,F1,1,,,,,
2026-06-30,2026-06-30,CM,BSE,STK,530259,INE003B01014,INTSTOIL,X,,,,,INTER STATE OIL CARRIER LTD.,41.50,41.50,40.00,40.07,40.00,41.84,,40.07,,,503,20342.00,6,F1,1,,,,,
2026-06-30,2026-06-30,CM,BSE,STK,530263,INE062C01042,GLOBALCA,X,,,,,GLOBAL CAPITAL MARKETS LTD.,0.45,0.48,0.45,0.46,0.47,0.46,,0.46,,,243212,112229.00,126,F1,1,,,,,
2026-06-30,2026-06-30,CM,BSE,STK,530267,INE021N01011,ARIGATO,XT,,,,,ARIGATO UNIVERSE LIMITED,53.41,53.41,53.41,53.41,53.41,50.87,,53.41,,,168,8972.00,5,F1,1,,,,,
2026-06-30,2026-06-30,CM,BSE,STK,530271,INE652D01014,RICHUNV,XT,,,,,RICH UNIVERSE NETWORK LTD.,11.40,11.40,11.40,11.40,11.40,10.93,,11.40,,,107,1219.00,5,F1,1,,,,,
2026-06-30,2026-06-30,CM,BSE,STK,530281,INE373C01019,QUANTDIA,XT,,,,,QUANTUM DIGITAL VISION (INDIA),21.85,21.95,21.85,21.95,21.95,23.00,,21.95,,,12,262.00,4,F1,1,,,,,
2026-06-30,2026-06-30,CM,BSE,STK,530289,INE102F01015,SPCAPIT,X,,,,,SP CAPITAL FINANCING LTD.,53.07,54.49,52.55,52.55,52.55,53.05,,52.55,,,195,10404.00,8,F1,1,,,,,
2026-06-30,2026-06-30,CM,BSE,STK,530299,INE823A01017,KOTHARIPRO,B,,,,,KOTHARI PRODUCTS LTD.,71.00,71.00,70.99,71.00,71.00,69.02,,71.28,,,332,23571.00,134,F1,1,,,,,
2026-06-30,2026-06-30,CM,BSE,STK,530305,INE546C01010,PICCADIL,B,,,,,PICCADILY AGRO INDUSTRIES LTD.,566.70,572.25,563.00,565.70,569.35,564.85,,565.75,,,12106,6873385.00,491,F1,1,,,,,
2026-06-30,2026-06-30,CM,BSE,STK,530307,INE419D01026,CLSEL,B,,,,,CHAMAN LAL SETIA EXPORTS LTD.,290.95,293.00,284.30,286.25,285.95,290.95,,286.15,,,2592,744407.00,135,F1,1,,,,,
2026-06-30,2026-06-30,CM,BSE,STK,530309,INE368D01025,CHANDRAP,XT,,,,,CHANDRA PRABHU INTERNATIONAL L,12.00,12.00,11.19,11.60,11.60,11.77,,11.60,,,94148,1056044.00,86,F1,1,,,,,
2026-06-30,2026-06-30,CM,BSE,STK,530313,INE285U01025,KIMIABL,X,,,,,KIMIA BIOSCIENCES LIMITED,31.58,31.99,31.52,31.77,31.77,31.52,,31.77,,,1760,56123.00,17,F1,1,,,,,
2026-06-30,2026-06-30,CM,BSE,STK,530315,INE428D01019,HINDTIN,X,,,,,HINDUSTAN TIN WORKS LTD.,106.05,107.80,106.00,106.10,106.10,105.30,,106.10,,,2827,300787.00,55,F1,1,,,,,
2026-06-30,2026-06-30,CM,BSE,STK,530317,INE362C01012,GODAVARI,XT,,,,,GODAVARI DRUGS LTD.,124.00,124.00,120.50,120.60,120.60,118.10,,120.60,,,4836,589414.00,52,F1,1,,,,,
2026-06-30,2026-06-30,CM,BSE,STK,530331,INE001E01012,PREMCO,B,,,,,PREMCO GLOBAL LTD.,364.00,365.80,355.00,364.70,364.50,362.00,,358.40,,,65,23419.00,18,F1,1,,,,,
2026-06-30,2026-06-30,CM,BSE,STK,530343,INE955D01029,GENUSPOWER,A,,,,,GENUS POWER INFRASTRUCTURES LT,299.50,302.05,280.00,299.10,299.10,319.50,,299.40,,,31425630,8937155710.00,225179,F1,1,,,,,
2026-06-30,2026-06-30,CM,BSE,STK,530355,INE276G01015,ASIANENE,B,,,,,ASIAN ENERGY SERVICES LTD,363.55,366.70,357.60,359.10,357.60,366.10,,358.65,,,10251,3701769.00,334,F1,1,,,,,
2026-06-30,2026-06-30,CM,BSE,STK,530357,INE883D01023,KBSINDIA,X,,,,,KBS INDIA LIMITED,1.39,1.46,1.39,1.46,1.46,1.39,,1.46,,,284580,409807.00,172,F1,1,,,,,
2026-06-30,2026-06-30,CM,BSE,STK,530361,INE428P01013,PRABHHANS,X,,,,,PRABHHANS INDUSTRIES LIMITED,34.26,34.69,32.64,32.73,32.70,34.35,,32.73,,,12431,409715.00,72,F1,1,,,,,
2026-06-30,2026-06-30,CM,BSE,STK,530363,INE071E01023,UGARSUGAR,B,,,,,UGAR SUGAR WORKS LTD.,40.11,41.38,40.11,40.94,40.94,40.93,,40.91,,,5466,223161.00,158,F1,1,,,,,
2026-06-30,2026-06-30,CM,BSE,STK,530365,INE607D01018,ORIENTBELL,B,,,,,ORIENT BELL LIMITED,323.40,325.50,313.90,325.00,325.00,322.85,,324.95,,,806,259687.00,259,F1,1,,,,,
2026-06-30,2026-06-30,CM,BSE,STK,530367,INE349A01021,NRBBEARING,B,,,,,NRB BEARINGS LTD.,438.00,467.65,425.35,444.55,445.50,432.30,,444.05,,,157856,70822021.00,4727,F1,1,,,,,
2026-06-30,2026-06-30,CM,BSE,STK,530369,INE380C01014,VAMSHIRU,X,,,,,VAMSHI RUBBER LTD.,42.60,44.50,36.25,39.94,41.48,41.07,,39.94,,,960,35838.00,47,F1,1,,,,,
2026-06-30,2026-06-30,CM,BSE,STK,530377,INE937C01029,NILAINFRA,B,,,,,NILA INFRASTRUCTURES LTD.,7.99,7.99,7.38,7.42,7.43,7.52,,7.36,,,9492,71329.00,85,F1,1,,,,,
2026-06-30,2026-06-30,CM,BSE,STK,530393,INE921B01025,DBSTOCKBRO,B,,,,,DB (INTERNATIONAL) STOCK BROKE,34.30,34.30,31.85,33.47,33.14,32.00,,33.62,,,1690,56933.00,41,F1,1,,,,,
2026-06-30,2026-06-30,CM,BSE,STK,530401,INE526H01011,VINYOFL,X,,,,,VINYOFLEX LTD.,51.50,52.80,49.65,49.65,49.65,51.50,,49.65,,,780,39059.00,13,F1,1,,,,,
2026-06-30,2026-06-30,CM,BSE,STK,530405,INE356F01017,JINDCAP,X,,,,,JINDAL CAPITAL LTD.,32.50,32.50,29.30,31.30,31.95,31.30,,31.30,,,2250,69143.00,48,F1,1,,,,,
2026-06-30,2026-06-30,CM,BSE,STK,530407,INE932F01015,EPIC,X,,,,,EPIC ENERGY LTD.,36.70,39.00,36.45,37.75,37.75,36.52,,37.75,,,13483,507556.00,134,F1,1,,,,,
2026-06-30,2026-06-30,CM,BSE,STK,530419,INE886B01012,SUMEDHA,X,,,,,SUMEDHA FISCAL SERVICES LTD.,39.90,39.90,38.06,38.65,38.62,38.03,,38.65,,,890,34412.00,17,F1,1,,,,,
2026-06-30,2026-06-30,CM,BSE,STK,530427,INE865B01016,CHOKSI,XT,,,,,CHOKSI ASIA LIMITED,164.80,166.95,163.00,166.35,165.30,159.00,,166.35,,,3000,500101.00,38,F1,1,,,,,
2026-06-30,2026-06-30,CM,BSE,STK,530429,INE831C01016,ASHISHPO,X,,,,,ASHISH POLYPLAST LTD.,32.70,32.70,27.20,29.89,29.89,28.31,,29.89,,,5991,182416.00,30,F1,1,,,,,
2026-06-30,2026-06-30,CM,BSE,STK,530433,INE960E01019,SHIVAAGRO,X,,,,,SHIVA GLOBAL AGRO INDUSTRIES L,38.32,42.50,38.32,41.80,41.80,40.95,,41.80,,,1068,44465.00,25,F1,1,,,,,
2026-06-30,2026-06-30,CM,BSE,STK,530439,INE140C01012,SIDDHA,X,,,,,SIDDHA VENTURES LTD.,4.20,4.21,4.20,4.21,4.21,4.20,,4.21,,,1067,4484.00,15,F1,1,,,,,
2026-06-30,2026-06-30,CM,BSE,STK,530443,INE293D01017,KIRANSY-B,X,,,,,KIRAN SYNTEX LTD.,18.22,18.22,18.20,18.20,18.20,17.36,,18.20,,,7179,130800.00,14,F1,1,,,,,
2026-06-30,2026-06-30,CM,BSE,STK,530445,INE764B01029,SUMERUIND,X,,,,,SUMERU INDUSTRIES LTD.,1.64,1.64,1.55,1.63,1.63,1.53,,1.63,,,1801,2904.00,30,F1,1,,,,,
2026-06-30,2026-06-30,CM,BSE,STK,530449,INE347C01013,RUNGTAIR,X,,,,,RUNGTA IRRIGATION LTD.,52.00,52.99,50.66,52.99,52.99,52.98,,52.99,,,232,11860.00,9,F1,1,,,,,
2026-06-30,2026-06-30,CM,BSE,STK,530457,INE959B01017,GTTDATA,X,,,,,GTT DATA SOLUTIONS LIMITED,40.04,41.70,39.50,39.81,39.50,40.84,,39.81,,,29214,1171957.00,138,F1,1,,,,,
2026-06-30,2026-06-30,CM,BSE,STK,530459,INE808A01018,VALSONQ,X,,,,,VALSON INDUSTRIES LTD.,35.39,37.00,34.50,36.75,36.75,35.39,,36.75,,,624,22142.00,23,F1,1,,,,,
2026-06-30,2026-06-30,CM,BSE,STK,530461,INE440C01016,SABOOSOD,X,,,,,SABOO SODIUM CHLORO LTD.,11.60,12.25,11.02,12.07,12.10,11.48,,12.07,,,24848,294884.00,106,F1,1,,,,,
2026-06-30,2026-06-30,CM,BSE,STK,530475,INE015C01016,TINNARUBR,B,,,,,TINNA RUBBER AND INFRASTRUCTUR,927.50,963.30,920.55,953.30,952.00,927.45,,952.35,,,3771,3575328.00,280,F1,1,,,,,
2026-06-30,2026-06-30,CM,BSE,STK,530477,INE337E01010,VIKRAMTH,XT,,,,,VIKRAM THERMO (INDIA) LTD.,241.35,245.00,236.20,240.00,240.10,241.35,,240.00,,,15272,3671942.00,235,F1,1,,,,,
2026-06-30,2026-06-30,CM,BSE,STK,530495,INE473C01025,STRATMONT,XT,,,,,STRATMONT INDUSTRIES LIMITED,59.99,59.99,58.75,58.75,58.75,59.94,,58.75,,,209,12402.00,6,F1,1,,,,,
2026-06-30,2026-06-30,CM,BSE,STK,530499,INE701G01012,AKCAPIT,B,,,,,A.K.CAPITAL SERVICES LTD.,1800.00,1810.00,1750.00,1774.85,1765.00,1779.90,,1774.20,,,2464,4365210.00,288,F1,1,,,,,
2026-06-30,2026-06-30,CM,BSE,STK,530517,INE131B01039,RELAXO,A,,,,,RELAXO FOOTWEARS LTD.,417.00,417.00,401.05,405.65,401.15,419.60,,405.75,,,69416,28465172.00,1526,F1,1,,,,,
2026-06-30,2026-06-30,CM,BSE,STK,530521,INE467D01017,VIRAT,X,,,,,VIRAT INDUSTRIES LTD.,395.50,412.00,390.00,395.90,396.00,395.00,,395.90,,,239,95484.00,20,F1,1,,,,,
2026-06-30,2026-06-30,CM,BSE,STK,530525,INE786J01033,RRETAIL,X,,,,,RAJNISH RETAIL LIMITED,2.45,2.58,2.38,2.50,2.44,2.48,,2.50,,,93215,227913.00,167,F1,1,,,,,
2026-06-30,2026-06-30,CM,BSE,STK,530533,INE390D01011,TERAI,X,,,,,TERAI TEA CO.LTD.,118.85,128.40,116.40,124.30,125.60,119.40,,124.30,,,1480,179098.00,25,F1,1,,,,,
2026-06-30,2026-06-30,CM,BSE,STK,530545,INE949B01018,COSCO,X,,,,,COSCO (INDIA) LTD.,193.00,207.95,193.00,200.35,203.90,196.45,,200.35,,,229,45916.00,24,F1,1,,,,,
2026-06-30,2026-06-30,CM,BSE,STK,530549,INE790G01031,SHILPAMED,A,,,,,SHILPA MEDICARE LTD.,573.60,614.90,573.60,598.55,598.55,573.75,,598.40,,,118583,71106410.00,3580,F1,1,,,,,
2026-06-30,2026-06-30,CM,BSE,STK,530555,INE074B01023,PARACABLES,B,,,,,PARAMOUNT COMMUNICATIONS LTD.,68.00,69.41,68.00,68.90,68.30,67.73,,69.01,,,88765,6084682.00,502,F1,1,,,,,
2026-06-30,2026-06-30,CM,BSE,STK,530557,INE132F01038,NCLRESE,X,,,,,NCL RESEARCH & FINANCIAL SERVI,0.49,0.50,0.49,0.50,0.50,0.50,,0.50,,,888675,438928.00,463,F1,1,,,,,
2026-06-30,2026-06-30,CM,BSE,STK,530577,INE519D01015,LADDERUP,X,,,,,LADDERUP FINANCE LTD.,53.85,57.00,48.51,52.60,48.52,47.66,,52.60,,,8344,453190.00,102,F1,1,,,,,
2026-06-30,2026-06-30,CM,BSE,STK,530579,INE152C01025,UYFINCORP,B,,,,,U. Y. FINCORP LIMITED,13.86,14.47,13.78,14.04,14.04,14.00,,14.12,,,7205,100165.00,44,F1,1,,,,,
2026-06-30,2026-06-30,CM,BSE,STK,530581,INE906L01025,EKAMLEA,XT,,,,,EKAM LEASING & FINANCE CO.LTD.,6.40,6.61,6.40,6.61,6.61,6.30,,6.61,,,1044,6690.00,4,F1,1,,,,,
2026-06-30,2026-06-30,CM,BSE,STK,530585,INE691C01022,SWASTIKA,X,,,,,SWASTIKA INVESTMART LTD.,61.40,63.90,61.40,63.50,63.50,63.91,,63.50,,,1062,67331.00,14,F1,1,,,,,
2026-06-30,2026-06-30,CM,BSE,STK,530589,INE573B01016,PRIMAPLA,XT,,,,,PRIMA PLASTICS LTD.,131.45,131.45,125.70,126.00,126.00,131.70,,126.00,,,917,115654.00,20,F1,1,,,,,
2026-06-30,2026-06-30,CM,BSE,STK,530595,INE381G01013,TELECANOR,X,,,,,TELECANOR GLOBAL LTD.,21.02,21.02,19.80,21.02,21.02,20.02,,21.02,,,8185,171872.00,40,F1,1,,,,,
2026-06-30,2026-06-30,CM,BSE,STK,530601,INE582C01015,JAGSONSER,X,,,,,JAGSONPAL SERVICES LIMITED,51.21,51.21,46.60,49.68,51.15,48.84,,49.68,,,870,43515.00,14,F1,1,,,,,
2026-06-30,2026-06-30,CM,BSE,STK,530615,INE194E01015,GARGFUR,X,,,,,GARG FURNACE LTD.,119.00,119.00,110.55,112.85,112.85,117.05,,112.85,,,4228,483583.00,58,F1,1,,,,,
2026-06-30,2026-06-30,CM,BSE,STK,530617,INE375C01022,SAMPRE,X,,,,,SAMPRE NUTRITIONS LTD.,7.30,7.82,7.30,7.63,7.65,7.45,,7.63,,,94113,710520.00,241,F1,1,,,,,
2026-06-30,2026-06-30,CM,BSE,STK,530621,INE864E01021,AAIL,X,,,,,Akar Auto Industries Limited,91.00,91.00,87.70,88.30,90.00,87.65,,88.30,,,11,977.00,6,F1,1,,,,,
2026-06-30,2026-06-30,CM,BSE,STK,530627,INE834D01018,VIPULORG,X,,,,,Vipul Organics Limited,263.00,263.00,256.55,260.75,262.20,260.10,,260.75,,,4410,1151503.00,41,F1,1,,,,,
2026-06-30,2026-06-30,CM,BSE,STK,530643,INE316A01038,ECORECO,XT,,,,,ECO RECYCLING LTD.,429.95,440.90,429.95,439.55,440.50,428.05,,439.55,,,19395,8478651.00,583,F1,1,,,,,
2026-06-30,2026-06-30,CM,BSE,STK,530655,INE127I01024,GOODLUCK,B,,,,,Goodluck India Limited,1509.60,1526.00,1474.00,1489.15,1476.90,1477.45,,1487.10,,,14745,22094697.00,762,F1,1,,,,,
2026-06-30,2026-06-30,CM,BSE,STK,530663,INE912B01032,GOYALASS,X,,,,,GOYAL ASSOCIATES LTD.,0.97,0.97,0.88,0.94,0.94,0.97,,0.94,,,7265,6816.00,22,F1,1,,,,,
2026-06-30,2026-06-30,CM,BSE,STK,530665,INE812B01026,ZENITHHE,X,,,,,ZENITH HEALTH CARE LTD.,3.01,3.15,3.01,3.04,3.07,3.08,,3.04,,,24843,76212.00,122,F1,1,,,,,
2026-06-30,2026-06-30,CM,BSE,STK,530677,INE822E01011,SUPREME,B,,,,,SUPREME HOLDINGS & HOSPITALITY,46.29,47.93,46.29,47.93,47.93,46.76,,47.81,,,294,13829.00,6,F1,1,,,,,
2026-06-30,2026-06-30,CM,BSE,STK,530689,INE624M01014,LYKISLTD,X,,,,,LYKIS LIMITED,44.19,44.89,43.21,44.21,44.00,44.98,,44.21,,,15289,670944.00,102,F1,1,,,,,
2026-06-30,2026-06-30,CM,BSE,STK,530695,INE233C01023,PRIMEPRO,XT,,,,,PRIME PROPERTY DEVELOPMENT COR,33.00,33.00,30.31,30.76,30.76,31.89,,30.76,,,2704,83128.00,26,F1,1,,,,,
2026-06-30,2026-06-30,CM,BSE,STK,530697,INE546F01013,ZENLABS,XT,,,,,Zenlabs Ethica Limited,34.00,34.00,32.60,32.60,32.60,34.30,,32.60,,,74,2429.00,10,F1,1,,,,,
2026-06-30,2026-06-30,CM,BSE,STK,530699,INE533D01032,RAJRILTD,T,,,,,RAJ RAYON INDUSTRIES LIMITED,23.35,23.35,23.35,23.35,23.35,22.90,,24.25,,,1,23.00,1,F1,1,,,,,
2026-06-30,2026-06-30,CM,BSE,STK,530709,INE225G01012,GOWRALE,XT,,,,,GOWRA LEASING & FINANCE LTD.,113.06,113.06,113.06,113.06,113.06,119.01,,113.06,,,194,21933.00,14,F1,1,,,,,
2026-06-30,2026-06-30,CM,BSE,STK,530711,INE144C01014,JAGANLAM,X,,,,,JAGAN LAMPS LTD.,47.80,48.65,45.00,46.82,46.67,47.75,,46.82,,,7645,359356.00,69,F1,1,,,,,
2026-06-30,2026-06-30,CM,BSE,STK,530723,INE041B01014,ASITCFIN,X,,,,,ASIT C.MEHTA FINANCIAL SERVICE,123.00,123.00,123.00,123.00,123.00,123.40,,123.00,,,3,369.00,1,F1,1,,,,,
2026-06-30,2026-06-30,CM,BSE,STK,530733,INE900O01014,ENCODE,X,,,,,ENCODE PACKAGING INDIA LIMITED,10.84,10.84,10.84,10.84,10.84,10.33,,10.84,,,15,162.00,2,F1,1,,,,,
2026-06-30,2026-06-30,CM,BSE,STK,530735,INE897A01011,SUPERBAK,X,,,,,SUPER BAKERS (INDIA) LTD.,35.70,37.37,35.70,37.37,37.37,37.55,,37.37,,,214,7641.00,5,F1,1,,,,,
2026-06-30,2026-06-30,CM,BSE,STK,530741,INE812S01012,OVOBELE,XT,,,,,OVOBEL FOODS LTD.,187.00,192.60,187.00,192.60,192.60,183.45,,192.60,,,14084,2704598.00,88,F1,1,,,,,
2026-06-30,2026-06-30,CM,BSE,STK,530745,INE366C01021,ACSTECH,B,,,,,ACS TECHNOLOGIES LIMITED,44.05,46.75,43.00,43.84,43.84,44.86,,43.73,,,57764,2593499.00,284,F1,1,,,,,
2026-06-30,2026-06-30,CM,BSE,STK,530747,INE807A01010,CHALLANI,X,,,,,CHALLANI CAPITAL LIMITED,18.76,19.94,18.76,18.83,18.83,19.50,,18.83,,,1628,31308.00,19,F1,1,,,,,
2026-06-30,2026-06-30,CM,BSE,STK,530755,INE715D01019,CORNE,X,,,,,CORAL NEWSPRINTS LTD.,10.51,10.51,10.51,10.51,10.51,10.20,,10.51,,,1,10.00,1,F1,1,,,,,
2026-06-30,2026-06-30,CM,BSE,STK,530759,INE334A01023,STERTOOLS,T,,,,,STERLING TOOLS LTD.,249.00,255.00,240.00,240.70,246.00,247.90,,241.14,,,7899,1915465.00,214,F1,1,,,,,
2026-06-30,2026-06-30,CM,BSE,STK,530765,INE510B01018,AGARWAL,X,,,,,AGARWAL FORTUNE INDIA LIMITED,19.00,19.00,19.00,19.00,19.00,19.00,,19.00,,,2,38.00,1,F1,1,,,,,
2026-06-30,2026-06-30,CM,BSE,STK,530787,INE055O01033,INLANPR,XT,,,,,INLAND PRINTERS LTD.,48.96,48.96,47.05,48.50,48.50,48.00,,48.50,,,1217,59339.00,8,F1,1,,,,,
2026-06-30,2026-06-30,CM,BSE,STK,530789,INE358C01010,CEEJAY,X,,,,,CEEJAY FINANCE LTD.,173.20,180.95,173.20,173.20,173.20,173.20,,173.20,,,5,873.00,4,F1,1,,,,,
2026-06-30,2026-06-30,CM,BSE,STK,530795,INE584D01019,SUNCITYSY,X,,,,,SUNCITY SYNTHETICS LTD.,11.02,11.02,11.02,11.02,11.02,10.50,,11.02,,,194,2137.00,4,F1,1,,,,,
2026-06-30,2026-06-30,CM,BSE,STK,530797,INE400N01017,SHGANEL,X,,,,,SHREE GANESH ELASTOPLAST LTD.,19.00,19.00,19.00,19.00,19.00,18.10,,19.00,,,1003,19057.00,2,F1,1,,,,,
2026-06-30,2026-06-30,CM,BSE,STK,530799,INE336D01014,ANNAINFRA,X,,,,,ANNA INFRASTRUCTURES LTD.,29.90,32.78,28.71,29.29,29.19,31.90,,29.29,,,4355,128033.00,35,F1,1,,,,,
2026-06-30,2026-06-30,CM,BSE,STK,530803,INE354C01027,BHAGERIA,T,,,,,Bhageria Industries Limited,200.00,213.50,199.50,209.15,213.50,209.95,,210.95,,,8169,1667476.00,121,F1,1,,,,,
2026-06-30,2026-06-30,CM,BSE,STK,530805,INE125F01032,OIVL,XT,,,,,ONESOURCE INDUSTRIES AND VENTU,5.33,5.85,5.32,5.33,5.32,5.59,,5.33,,,211913,1143643.00,111,F1,1,,,,,
2026-06-30,2026-06-30,CM,BSE,STK,530809,INE355C01016,BNRUDY,X,,,,,BNR UDYOG LTD.,34.50,38.90,33.00,37.87,37.87,34.95,,37.87,,,126,4681.00,12,F1,1,,,,,
2026-06-30,2026-06-30,CM,BSE,STK,530813,INE001B01026,KRBL,A,,,,,KRBL LTD.,380.00,381.25,372.80,374.80,378.00,379.20,,375.25,,,7441,2807290.00,265,F1,1,,,,,
2026-06-30,2026-06-30,CM,BSE,STK,530821,INE838C01011,SSPDL,X,,,,,SSPDL LTD.,18.99,19.16,17.66,18.94,19.10,18.25,,18.94,,,7498,137401.00,46,F1,1,,,,,
2026-06-30,2026-06-30,CM,BSE,STK,530825,INE789B01018,DAIKAFFI,XT,,,,,DAIKAFFIL CHEMICALS INDIA LTD.,54.40,54.40,54.40,54.40,54.40,55.51,,54.40,,,619,33673.00,6,F1,1,,,,,
2026-06-30,2026-06-30,CM,BSE,STK,530829,INE830A01012,CILSEC,X,,,,,CIL SECURITIES LTD.,35.05,36.48,34.80,35.41,35.28,36.96,,35.41,,,1514,53097.00,44,F1,1,,,,,
2026-06-30,2026-06-30,CM,BSE,STK,530839,INE011B01017,CLIOINFO,XT,,,,,CLIO INFOTECH LTD.,7.95,8.34,7.95,8.34,8.34,7.95,,8.34,,,15562,129546.00,50,F1,1,,,,,
2026-06-30,2026-06-30,CM,BSE,STK,530843,INE509F01029,CUPID,B,,,,,CUPID LTD.,190.25,190.95,186.20,189.85,189.75,188.30,,189.93,,,1410685,267783784.00,7432,F1,1,,,,,
2026-06-30,2026-06-30,CM,BSE,STK,530845,INE199E01014,SUNSHIEL,X,,,,,SUNSHIELD CHEMICALS LTD.,1244.95,1265.00,1234.20,1239.85,1242.00,1230.70,,1239.85,,,3703,4624527.00,222,F1,1,,,,,
2026-06-30,2026-06-30,CM,BSE,STK,530853,INE963A01011,HIPOLIN,XT,,,,,HIPOLIN LTD.,70.00,73.50,70.00,71.99,72.00,73.00,,71.99,,,2230,159514.00,20,F1,1,,,,,
2026-06-30,2026-06-30,CM,BSE,STK,530871,INE995D01025,CHEMBOND,T,,,,,Chembond Material Technologies,194.90,194.90,177.40,185.00,185.00,186.15,,188.97,,,249,45883.00,12,F1,1,,,,,
2026-06-30,2026-06-30,CM,BSE,STK,530879,INE345H01024,CIFL,B,,,,,CAPITAL INDIA FINANCE LIMITED,24.90,24.90,23.31,23.68,23.88,23.61,,23.44,,,57048,1368377.00,651,F1,1,,,,,
2026-06-30,2026-06-30,CM,BSE,STK,530881,INE485K01022,ABVL,X,,,,,Arunjyoti Bio Ventures Limited,5.45,5.60,5.35,5.48,5.47,5.46,,5.48,,,149929,822251.00,276,F1,1,,,,,
2026-06-30,2026-06-30,CM,BSE,STK,530883,INE366G01022,SUCROSA,X,,,,,SUPER CROP SAFE LTD.,10.75,11.00,10.35,10.66,10.80,10.75,,10.66,,,44453,475856.00,129,F1,1,,,,,
2026-06-30,2026-06-30,CM,BSE,STK,530889,INE061B01038,AUDROC,XT,,,,,AUDROC Limited,5.56,5.56,5.56,5.56,5.56,5.30,,5.56,,,98,544.00,4,F1,1,,,,,
2026-06-30,2026-06-30,CM,BSE,STK,530897,INE825C01018,NGIND,X,,,,,N.G.INDUSTRIES LTD.,115.55,115.55,113.85,114.00,114.00,115.00,,114.00,,,11,1263.00,5,F1,1,,,,,
2026-06-30,2026-06-30,CM,BSE,STK,530907,INE417F01017,SICAPIT,X,,,,,SI CAPITAL & FINANCIAL SERVICE,19.70,19.70,18.67,18.67,18.67,19.65,,18.67,,,3665,68427.00,6,F1,1,,,,,
2026-06-30,2026-06-30,CM,BSE,STK,530919,INE474C01023,REMSONSIND,B,,,,,REMSONS INDUSTRIES LTD.,81.71,82.10,78.75,79.01,78.75,81.58,,78.95,,,19788,1581175.00,352,F1,1,,,,,
2026-06-30,2026-06-30,CM,BSE,STK,530925,INE609D01014,RAMSONS,XT,,,,,RAMSONS PROJECTS LTD.,91.00,91.00,85.01,90.69,90.70,88.50,,90.69,,,707,64222.00,24,F1,1,,,,,
2026-06-30,2026-06-30,CM,BSE,STK,530943,INE416A01051,AQYLON,B,,,,,Aqylon Nexus Limited,41.05,41.83,38.24,41.13,41.40,39.84,,41.19,,,89876,3627753.00,869,F1,1,,,,,
2026-06-30,2026-06-30,CM,BSE,STK,530951,INE357B01022,RAMINFO,X,,,,,RAMINFO LIMITED,44.60,46.28,44.20,45.49,45.49,44.80,,45.49,,,11850,533717.00,62,F1,1,,,,,
2026-06-30,2026-06-30,CM,BSE,STK,530959,INE012E01035,DIANATEA,X,,,,,DIANA TEA CO.LTD.,26.65,27.20,26.06,26.98,27.20,26.65,,26.98,,,2847,75807.00,29,F1,1,,,,,
2026-06-30,2026-06-30,CM,BSE,STK,530961,INE806A01020,VIKASECO,B,,,,,Vikas EcoTech Limited,1.20,1.22,1.20,1.22,1.22,1.21,,1.21,,,385880,466642.00,282,F1,1,,,,,
2026-06-30,2026-06-30,CM,BSE,STK,530965,INE242A01010,IOC,A,,,,,INDIAN OIL CORPORATION LTD.,139.75,140.30,138.40,139.40,139.40,139.20,,139.38,,,778835,108565112.00,7806,F1,1,,,,,
2026-06-30,2026-06-30,CM,BSE,STK,530977,INE260E01014,SKCIL,X,,,,,Shri Keshav Cements and Infra,136.00,136.00,131.15,131.15,131.15,135.00,,131.15,,,298,39487.00,7,F1,1,,,,,
2026-06-30,2026-06-30,CM,BSE,STK,530979,INE274E01015,INDIAHOME,X,,,,,INDIA HOME LOAN LTD.,32.00,32.00,30.50,31.74,31.74,31.20,,31.74,,,709,21790.00,30,F1,1,,,,,
2026-06-30,2026-06-30,CM,BSE,STK,530991,INE443C01010,ROOPAIND,X,,,,,ROOPA INDUSTRIES LTD.,47.55,50.97,47.55,50.85,50.85,47.55,,50.85,,,371,18645.00,7,F1,1,,,,,
2026-06-30,2026-06-30,CM,BSE,STK,530993,INE075H01019,SARTHAKGL,XT,,,,,SARTHAK GLOBAL LTD.,33.81,33.81,33.81,33.81,33.81,34.49,,33.81,,,1002,33877.00,3,F1,1,,,,,
2026-06-30,2026-06-30,CM,BSE,STK,530997,INE333E01019,UNIQUEO,X,,,,,UNIQUE ORGANICS LTD.,81.10,84.50,80.00,82.45,82.45,82.75,,82.45,,,1487,121212.00,54,F1,1,,,,,
2026-06-30,2026-06-30,CM,BSE,STK,530999,INE050E01027,BALAMINES,B,,,,,BALAJI AMINES LTD.,1891.85,2057.40,1891.85,2030.20,2033.80,1893.50,,2035.60,,,21291,42283204.00,2030,F1,1,,,,,
2026-06-30,2026-06-30,CM,BSE,STK,531003,INE595G01018,SWRNASE,X,,,,,SWARNA SECURITIES LTD.,89.85,89.85,89.85,89.85,89.85,91.90,,89.85,,,38,3414.00,1,F1,1,,,,,
2026-06-30,2026-06-30,CM,BSE,STK,531015,INE154G01022,VENMAX,X,,,,,VENMAX DRUGS AND PHARMACEUTICA,17.85,18.74,16.52,17.53,18.49,17.96,,17.53,,,1985,35406.00,43,F1,1,,,,,
2026-06-30,2026-06-30,CM,BSE,STK,531017,INE190D01015,ARISE,X,,,,,ARIHANTS SECURITIES LTD.,18.31,19.70,15.78,18.55,18.94,18.31,,18.55,,,4260,73198.00,56,F1,1,,,,,
2026-06-30,2026-06-30,CM,BSE,STK,531025,INE309H01038,VISAGAR,X,,,,,VISAGAR FINANCIAL SERVICES LTD,0.35,0.35,0.33,0.33,0.34,0.35,,0.33,,,905107,307211.00,289,F1,1,,,,,
2026-06-30,2026-06-30,CM,BSE,STK,531035,INE432F01032,EBIX,XT,,,,,ERAAYA LIFESPACES LIMITED,22.69,23.75,22.00,23.09,23.09,23.15,,23.09,,,205171,4590057.00,487,F1,1,,,,,
2026-06-30,2026-06-30,CM,BSE,STK,531039,INE0P4R01017,SWADHATURE,X,,,,,Swadha Nature Limited,8.90,8.91,8.07,8.38,8.88,8.49,,8.38,,,20307,178778.00,34,F1,1,,,,,
2026-06-30,2026-06-30,CM,BSE,STK,531041,INE823B01015,COMPEAU,X,,,,,COMPETENT AUTOMOBILES CO.LTD.,369.95,393.00,365.00,384.85,384.80,361.20,,384.85,,,1358,519969.00,53,F1,1,,,,,
2026-06-30,2026-06-30,CM,BSE,STK,531043,INE239F01015,ZDHJERK,X,,,,,DHANVANTRI JEEVAN REKHA LTD.,27.89,27.89,27.83,27.83,27.83,26.59,,27.83,,,4777,133171.00,19,F1,1,,,,,
2026-06-30,2026-06-30,CM,BSE,STK,531049,INE741D01015,NEELKAN,Z,,,,,NEELKANTH ROCKMINERALS LTD.,45.40,45.40,45.40,45.40,45.40,46.32,,45.40,,,39,1770.00,3,F1,1,,,,,
2026-06-30,2026-06-30,CM,BSE,STK,531051,INE153C01015,VINTAGES,X,,,,,VINTAGE SECURITIES LTD.,14.71,14.71,14.58,14.60,14.60,15.34,,14.60,,,5332,77853.00,16,F1,1,,,,,
2026-06-30,2026-06-30,CM,BSE,STK,531067,INE080G01029,CONTILI,X,,,,,CONTIL INDIA LTD.,23.74,23.74,22.01,22.13,22.05,22.75,,22.13,,,448,10138.00,25,F1,1,,,,,
2026-06-30,2026-06-30,CM,BSE,STK,531069,INE362D01010,VIJSOLX,XT,,,,,VIJAY SOLVEX LTD.,653.00,685.25,653.00,685.25,685.25,652.65,,685.25,,,999,679899.00,58,F1,1,,,,,
2026-06-30,2026-06-30,CM,BSE,STK,531080,INE997I01012,SHRIKRISH,B,,,,,SHRI KRISHNA DEVCON LTD.,46.96,46.96,38.70,41.00,41.00,41.38,,42.79,,,25,1017.00,16,F1,1,,,,,
2026-06-30,2026-06-30,CM,BSE,STK,531082,INE914E01040,ALANKIT,B,,,,,ALANKIT,8.17,8.41,8.04,8.14,8.14,8.15,,8.15,,,13613,111818.00,123,F1,1,,,,,
2026-06-30,2026-06-30,CM,BSE,STK,531083,INE876E01033,NIHARINF,X,,,,,NIHAR INFO GLOBAL LTD.,5.97,6.23,5.96,6.23,6.23,5.95,,6.23,,,1962,12098.00,8,F1,1,,,,,
2026-06-30,2026-06-30,CM,BSE,STK,531092,INE239D01028,OMINFRAL,B,,,,,OM INFRA LIMITED,83.50,89.63,83.50,88.58,89.62,84.59,,88.42,,,2473,214574.00,172,F1,1,,,,,
2026-06-30,2026-06-30,CM,BSE,STK,531099,INE396H01019,CENTUPLE,X,,,,,CENTUPLE GLOBAL LIMITED,38.03,40.33,38.02,38.60,40.00,38.75,,38.60,,,721,27608.00,14,F1,1,,,,,
2026-06-30,2026-06-30,CM,BSE,STK,531109,INE561M01018,ISHANCH,B,,,,,Ishan Dyes and Chemicals Limit,57.78,58.00,57.46,57.81,58.00,58.07,,57.41,,,230,13293.00,6,F1,1,,,,,
2026-06-30,2026-06-30,CM,BSE,STK,531111,INE538G01018,GOTHIPL,P,,,,,GOTHI PLASCON (INDIA) LTD.,38.84,38.84,38.84,38.84,38.84,37.00,,38.84,,,100,3884.00,1,F1,100,,,,,
2026-06-30,2026-06-30,CM,BSE,STK,531112,INE011E01029,BALUFORGE,A,,,,,BALU FORGE INDUSTRIES LIMITED,461.85,469.00,454.80,467.10,466.10,454.95,,466.65,,,36814,17034265.00,822,F1,1,,,,,
2026-06-30,2026-06-30,CM,BSE,STK,531119,INE418D01010,CEENIK,X,,,,,CEENIK EXPORTS (INDIA) LTD.,188.00,188.00,172.10,180.90,180.90,180.90,,180.90,,,208,36658.00,18,F1,1,,,,,
2026-06-30,2026-06-30,CM,BSE,STK,531120,INE244B01030,PATELENG,A,,,,,PATEL ENGINEERING LTD.,34.98,35.70,34.38,34.90,34.90,34.65,,34.93,,,1104455,38598590.00,3284,F1,1,,,,,
2026-06-30,2026-06-30,CM,BSE,STK,531126,INE237C01016,KATIPATANG,X,,,,,KATI PATANG LIFESTYLE LIMITED,16.49,16.49,15.45,15.61,15.80,15.69,,15.61,,,9455,150086.00,40,F1,1,,,,,
2026-06-30,2026-06-30,CM,BSE,STK,531127,INE148B01033,MENAMANI,X,,,,,MENA MANI INDUSTRIES LIMITED,7.99,8.01,7.80,7.87,7.99,7.63,,7.87,,,158111,1253857.00,94,F1,1,,,,,
2026-06-30,2026-06-30,CM,BSE,STK,531129,INE635D01027,INANI,X,,,,,INANI MARBLES & INDUSTRIES LTD,10.40,11.00,10.40,11.00,11.00,10.40,,11.00,,,2107,22520.00,12,F1,1,,,,,
2026-06-30,2026-06-30,CM,BSE,STK,531137,INE503D01027,GEMSI,X,,,,,GEMSTONE INVESTMENTS LTD.,1.60,1.69,1.39,1.53,1.53,1.59,,1.53,,,108379,163742.00,172,F1,1,,,,,
2026-06-30,2026-06-30,CM,BSE,STK,531144,INE158F01017,ELFORGE,X,,,,,EL FORGE LTD.,19.66,20.25,19.10,19.12,19.11,19.66,,19.12,,,11664,228511.00,46,F1,1,,,,,
2026-06-30,2026-06-30,CM,BSE,STK,531146,INE646B01010,MEDICAMEQ,B,,,,,MEDICAMEN BIOTECH LTD.,245.90,271.55,244.90,250.30,250.10,241.55,,250.20,,,10551,2693462.00,602,F1,1,,,,,
2026-06-30,2026-06-30,CM,BSE,STK,531147,INE062D01024,ALICON,B,,,,,ALICON CASTALLOY LIMITED,652.20,680.00,645.20,660.60,658.00,634.60,,661.35,,,2608,1738125.00,425,F1,1,,,,,
2026-06-30,2026-06-30,CM,BSE,STK,531153,INE650C01036,DILIGENT,X,,,,,DILIGENT INDUSTRIES LTD.,2.08,2.11,2.05,2.08,2.08,2.09,,2.08,,,79103,163424.00,154,F1,1,,,,,
2026-06-30,2026-06-30,CM,BSE,STK,531155,INE601F01016,EPSOMPRO,XT,,,,,EPSOM PROPERTIES LTD.,9.24,9.24,8.36,8.40,8.40,8.80,,8.40,,,97,891.00,6,F1,1,,,,,
2026-06-30,2026-06-30,CM,BSE,STK,531156,INE883B01027,ALFAVIO,X,,,,,ALFAVISION OVERSEAS (INDIA) LT,8.81,9.24,8.42,8.51,8.96,8.80,,8.51,,,12458,107267.00,44,F1,1,,,,,
2026-06-30,2026-06-30,CM,BSE,STK,531157,INE412E01011,ORGCOAT,X,,,,,ORGANIC COATINGS LTD.,23.08,23.50,21.91,23.03,23.45,22.98,,23.03,,,1908,42531.00,19,F1,1,,,,,
2026-06-30,2026-06-30,CM,BSE,STK,531158,INE660B01011,CATVISION,X,,,,,CATVISION  LIMITED,19.79,20.06,19.07,19.82,19.82,19.79,,19.82,,,7079,139856.00,55,F1,1,,,,,
2026-06-30,2026-06-30,CM,BSE,STK,531161,INE850B01026,ABMKNO,B,,,,,ABM KNOWLEDGEWARE LTD.,200.10,200.10,200.10,200.10,200.10,201.10,,205.00,,,25,5002.00,1,F1,1,,,,,
2026-06-30,2026-06-30,CM,BSE,STK,531162,INE548C01032,EMAMILTD,A,,,,,EMAMI LTD.,406.15,408.35,400.15,403.90,403.45,408.45,,404.30,,,14153,5701477.00,438,F1,1,,,,,
2026-06-30,2026-06-30,CM,BSE,STK,531163,INE971L01029,KEMISTAR,X,,,,,KEMISTAR CORPORATION LIMITED,50.99,50.99,48.00,48.50,48.50,47.89,,48.50,,,1653,81791.00,21,F1,1,,,,,
2026-06-30,2026-06-30,CM,BSE,STK,531169,INE709B01016,SKPSEC,X,,,,,SKP SECURITIES LTD.,117.70,117.70,106.70,107.70,107.70,110.00,,107.70,,,259,28219.00,23,F1,1,,,,,
2026-06-30,2026-06-30,CM,BSE,STK,531173,INE121D01036,SYSCHEM,X,,,,,SYSCHEM (INDIA) LTD.,42.00,42.03,40.00,40.48,40.99,41.87,,40.48,,,126076,5164493.00,375,F1,1,,,,,
2026-06-30,2026-06-30,CM,BSE,STK,531176,INE186C01023,MEFCOMCAP,X,,,,,MEFCOM CAPITAL MARKETS LTD.,9.99,10.00,9.81,9.83,9.81,9.99,,9.83,,,6521,65068.00,39,F1,1,,,,,
2026-06-30,2026-06-30,CM,BSE,STK,531178,INE930A01010,HEMANG,XT,,,,,HEMANG RESOURCES LIMITED,13.30,13.30,13.00,13.30,13.30,13.30,,13.30,,,141,1874.00,5,F1,1,,,,,
2026-06-30,2026-06-30,CM,BSE,STK,531179,INE109C01017,ARMANFIN,B,,,,,ARMAN FINANCIAL SERVICES LTD.,1674.95,1720.00,1663.25,1697.65,1683.15,1679.00,,1694.10,,,814,1377353.00,144,F1,1,,,,,
2026-06-30,2026-06-30,CM,BSE,STK,531190,INE355H01015,EFORU,X,,,,,EFORU ENTERTAINMENT LIMITED,78.00,82.00,70.50,75.56,75.00,77.90,,75.56,,,2031,152899.00,49,F1,1,,,,,
2026-06-30,2026-06-30,CM,BSE,STK,531191,INE589N01017,FILTRON,XT,,,,,FILTRON ENGINEERS LTD.,84.68,88.00,84.68,84.68,84.68,86.40,,84.68,,,1304,112713.00,11,F1,1,,,,,
2026-06-30,2026-06-30,CM,BSE,STK,531199,INE580D01017,GLANCE,X,,,,,GLANCE FINANCE LTD.,152.05,152.05,152.05,152.05,152.05,160.00,,152.05,,,100,15205.00,1,F1,1,,,,,
2026-06-30,2026-06-30,CM,BSE,STK,531201,INE024F01011,SHILCTECH,B,,,,,SHILCHAR TECHNOLOGIES LTD.,4486.05,4631.00,4486.05,4566.95,4595.00,4462.25,,4571.60,,,2210,10126477.00,489,F1,1,,,,,
2026-06-30,2026-06-30,CM,BSE,STK,531205,INE179O01031,SPRIGHT,XT,,,,,SPRIGHT AGRO LIMITED,0.49,0.49,0.49,0.49,0.49,0.49,,0.49,,,341963,167561.00,257,F1,1,,,,,
2026-06-30,2026-06-30,CM,BSE,STK,531209,INE096B01018,NUCLEUS,B,,,,,NUCLEUS SOFTWARE EXPORTS LTD.,771.20,771.20,753.35,757.20,754.95,756.05,,755.75,,,701,530168.00,58,F1,1,,,,,
2026-06-30,2026-06-30,CM,BSE,STK,531210,INE923C01011,COLINZ,XT,,,,,COLINZ LABORATORIES LTD.,83.28,83.28,83.28,83.28,83.28,79.32,,83.28,,,2776,231185.00,26,F1,1,,,,,
2026-06-30,2026-06-30,CM,BSE,STK,531212,INE606C01012,NLFL,X,,,,,NALIN LEASE FINANCE LTD.,44.00,44.00,38.92,39.00,39.00,37.11,,39.00,,,2151,85736.00,36,F1,1,,,,,
2026-06-30,2026-06-30,CM,BSE,STK,531213,INE522D01027,MANAPPURAM,A,,,,,Manappuram Finance Ltd,314.00,326.20,312.85,323.60,323.20,315.65,,324.15,,,342289,108856658.00,9973,F1,1,,,,,
2026-06-30,2026-06-30,CM,BSE,STK,531215,INE005C01017,RTSPOWR,X,,,,,RTS POWER CORPORATION LTD.,108.80,108.80,102.65,104.25,105.90,108.80,,104.25,,,2515,262368.00,62,F1,1,,,,,
2026-06-30,2026-06-30,CM,BSE,STK,531216,INE819A01049,COMFINTE,B,,,,,COMFORT INTECH LTD.,5.77,5.94,5.76,5.85,5.85,5.87,,5.84,,,39325,228849.00,177,F1,1,,,,,
2026-06-30,2026-06-30,CM,BSE,STK,531219,INE861E01019,SHYAMACOMP,P,,,,,Shyama Computronics and Servic,4.50,4.50,4.28,4.39,4.28,4.50,,4.39,,,200,878.00,2,F1,100,,,,,
2026-06-30,2026-06-30,CM,BSE,STK,531221,INE262W01012,MAYURFL,XT,,,,,MAYUR FLOORINGS LTD.,15.22,15.22,15.22,15.22,15.22,15.21,,15.22,,,703,10699.00,5,F1,1,,,,,
2026-06-30,2026-06-30,CM,BSE,STK,531223,INE364D01032,ANJANI,X,,,,,ANJANI SYNTHETICS LTD.,23.44,23.48,22.90,23.25,22.90,23.07,,23.25,,,799,18562.00,12,F1,1,,,,,
2026-06-30,2026-06-30,CM,BSE,STK,531225,INE547B01028,XTGLOBAL,B,,,,,XTGLOBAL INFOTECH LIMITED,29.65,29.72,27.61,28.03,28.00,29.47,,28.05,,,8288,235463.00,143,F1,1,,,,,
2026-06-30,2026-06-30,CM,BSE,STK,531227,INE907E01010,DECOMIC,X,,,,,DECO-MICA LTD.,50.05,56.97,50.05,56.97,56.97,52.20,,56.97,,,24,1349.00,4,F1,1,,,,,
2026-06-30,2026-06-30,CM,BSE,STK,531228,INE821D01031,RANDER,X,,,,,RANDER CORPORATION LTD.,8.01,8.82,8.00,8.82,8.82,8.40,,8.82,,,11608,100661.00,15,F1,1,,,,,
2026-06-30,2026-06-30,CM,BSE,STK,531233,INE822D01021,RASIELEC,X,,,,,RASI ELECTRODES LTD.,12.67,12.67,12.21,12.67,12.67,12.69,,12.67,,,8532,106613.00,87,F1,1,,,,,
2026-06-30,2026-06-30,CM,BSE,STK,531234,INE962E01015,SCOOBEEDAY,X,,,,,SCOOBEE DAY GARMENTS (INDIA) L,69.16,78.99,68.20,74.29,75.00,72.00,,74.29,,,25,1811.00,13,F1,1,,,,,
2026-06-30,2026-06-30,CM,BSE,STK,531237,INE972E01014,DHRUVCA,XT,,,,,DHRUVA CAPITAL SERVICES LTD.,424.80,428.50,403.60,412.80,415.00,424.80,,412.80,,,22793,9439271.00,77,F1,1,,,,,
2026-06-30,2026-06-30,CM,BSE,STK,531241,INE802B01027,LINC,B,,,,,LINC LIMITED,115.27,117.00,111.03,112.46,112.70,116.00,,112.01,,,18161,2065004.00,578,F1,1,,,,,
2026-06-30,2026-06-30,CM,BSE,STK,531246,INE723N01012,PRIMAIN,X,,,,,PRIMA INDUSTRIES LTD.,17.79,17.79,17.50,17.63,17.79,17.79,,17.63,,,23,405.00,3,F1,1,,,,,
2026-06-30,2026-06-30,CM,BSE,STK,531253,INE342D01012,INDGELA,X,,,,,INDIA GELATINE & CHEMICALS LTD,357.45,362.00,349.00,351.90,353.00,355.70,,351.90,,,2196,775175.00,61,F1,1,,,,,
2026-06-30,2026-06-30,CM,BSE,STK,531254,INE031G01022,OPTIFIN,X,,,,,Optimus Finance Limited,13.97,13.97,12.40,12.87,12.87,13.66,,12.87,,,285653,3671177.00,467,F1,1,,,,,
2026-06-30,2026-06-30,CM,BSE,STK,531255,INE015E01012,PARAGONF,X,,,,,PARAGON FINANCE LTD.,47.84,51.99,47.01,48.37,50.97,47.84,,48.37,,,70,3326.00,11,F1,1,,,,,
2026-06-30,2026-06-30,CM,BSE,STK,531257,INE530D01012,PRATIKSH,X,,,,,PRATIKSHA CHEMICALS LTD.,19.50,20.00,18.50,19.73,19.90,19.57,,19.73,,,120808,2343532.00,91,F1,1,,,,,
2026-06-30,2026-06-30,CM,BSE,STK,531259,INE328F01016,ESHAMEDIA,X,,,,,ESHA MEDIA RESEARCH LIMITED,27.73,27.73,27.73,27.73,27.73,26.41,,27.73,,,9,249.00,4,F1,1,,,,,
2026-06-30,2026-06-30,CM,BSE,STK,531266,INE764D01017,VSTTILLERS,B,,,,,V.S.T.TILLERS TRACTORS LTD.,4489.15,4530.10,4471.85,4506.95,4498.00,4463.45,,4510.30,,,359,1618696.00,105,F1,1,,,,,
2026-06-30,2026-06-30,CM,BSE,STK,531268,INE151B01011,B2BSOFT,X,,,,,B2B SOFTWARE TECHNOLOGIES LTD.,24.93,24.93,23.82,24.62,24.84,24.28,,24.62,,,7682,186881.00,90,F1,1,,,,,
2026-06-30,2026-06-30,CM,BSE,STK,531272,INE526C01012,NIKKIGL,X,,,,,NIKKI GLOBAL FINANCE LTD.,21.07,21.44,20.65,20.65,20.65,21.07,,20.65,,,801,16645.00,6,F1,1,,,,,
2026-06-30,2026-06-30,CM,BSE,STK,531273,INE986B01044,RADHEDE,X,,,,,RADHE DEVELOPERS (INDIA) LTD.,1.68,1.71,1.66,1.68,1.70,1.68,,1.68,,,103562,174657.00,104,F1,1,,,,,
2026-06-30,2026-06-30,CM,BSE,STK,531274,INE674M01019,KINETRU,X,,,,,KINETIC TRUST LTD.,29.85,31.34,29.85,31.33,31.33,29.85,,31.33,,,110,3298.00,3,F1,1,,,,,
2026-06-30,2026-06-30,CM,BSE,STK,531278,INE785D01012,ELIXIR,X,,,,,Elixir Capital Limited,115.00,120.40,110.50,120.05,120.40,115.20,,120.05,,,885,105275.00,39,F1,1,,,,,
2026-06-30,2026-06-30,CM,BSE,STK,531279,INE238C01022,TRISHAKT,X,,,,,Trishakti Industries Limited,157.40,168.00,153.20,164.95,164.95,150.20,,164.95,,,88001,14404399.00,503,F1,1,,,,,
2026-06-30,2026-06-30,CM,BSE,STK,531280,INE698B01011,PANKAJPO,X,,,,,PANKAJ POLYMERS LTD.,69.89,70.97,66.65,70.92,70.90,69.70,,70.92,,,6329,436995.00,69,F1,1,,,,,
2026-06-30,2026-06-30,CM,BSE,STK,531281,INE807H01023,MARBLE,X,,,,,MARBLE CITY INDIA LIMITED,134.20,134.20,131.01,133.63,134.00,132.66,,133.63,,,3661,484355.00,51,F1,1,,,,,
2026-06-30,2026-06-30,CM,BSE,STK,531286,INE586D01014,ADHHATA,XT,,,,,ADHATA GLOBAL LIMITED,34.50,34.50,34.50,34.50,34.50,34.50,,34.50,,,5,172.00,1,F1,1,,,,,
2026-06-30,2026-06-30,CM,BSE,STK,531287,INE896D01017,NATPLASTI,X,,,,,NATIONAL PLASTIC TECHNOLOGIES,234.75,234.75,216.50,220.20,220.50,222.00,,220.20,,,894,198381.00,32,F1,1,,,,,
2026-06-30,2026-06-30,CM,BSE,STK,531289,INE643C01015,NATFIT,X,,,,,NATIONAL FITTINGS LIMITED,153.40,155.95,153.35,153.80,153.45,156.00,,153.80,,,1402,215423.00,25,F1,1,,,,,
2026-06-30,2026-06-30,CM,BSE,STK,531297,INE885B01014,ARTEFACT,X,,,,,ARTEFACT PROJECTS LTD.,55.48,56.00,53.80,54.43,54.94,54.01,,54.43,,,974,53251.00,26,F1,1,,,,,
2026-06-30,2026-06-30,CM,BSE,STK,531301,INE319M01011,TUSALDAH,XT,,,,,TUSALDAH LIMITED,155.95,155.95,147.95,147.95,147.95,152.00,,147.95,,,2,303.00,2,F1,1,,,,,
2026-06-30,2026-06-30,CM,BSE,STK,531306,INE590D01016,DHPIND,X,,,,,DHP INDIA LTD.,510.20,514.00,510.05,510.70,510.05,516.10,,510.70,,,586,299474.00,29,F1,1,,,,,
2026-06-30,2026-06-30,CM,BSE,STK,531307,INE951M01037,RRIL,B,,,,,RRIL LIMITED,18.00,18.49,16.15,17.26,17.08,18.01,,17.37,,,30102,513151.00,136,F1,1,,,,,
2026-06-30,2026-06-30,CM,BSE,STK,531310,INE325G01010,AVAILFC,B,,,,,AVAILABLE FINANCE LTD.,151.30,152.15,151.30,151.85,151.30,153.85,,151.85,,,679,103190.00,27,F1,1,,,,,
2026-06-30,2026-06-30,CM,BSE,STK,531314,INE366H01012,INTCAPL,X,,,,,INTEGRA CAPITAL LIMITED,14.25,14.25,14.25,14.25,14.25,14.25,,14.25,,,2,28.00,2,F1,1,,,,,
2026-06-30,2026-06-30,CM,BSE,STK,531319,INE368C01019,MGIL,XT,,,,,MARUTI GLOBAL INDUSTRIES LIMIT,36.30,39.50,36.30,39.00,39.00,38.20,,39.00,,,1119,43677.00,19,F1,1,,,,,
2026-06-30,2026-06-30,CM,BSE,STK,531322,INE293B01029,HAVISHA,B,,,,,SRI HAVISHA HOSPITALITY INFRAS,1.28,1.34,1.24,1.30,1.30,1.30,,1.29,,,8060,10344.00,30,F1,1,,,,,
2026-06-30,2026-06-30,CM,BSE,STK,531324,INE475C01012,ROSELABS,X,,,,,ROSELABS FINANCE LTD.,20.50,20.50,20.50,20.50,20.50,20.50,,20.50,,,49,1004.00,1,F1,1,,,,,
2026-06-30,2026-06-30,CM,BSE,STK,531328,INE128R01023,KRETTOSYS,XT,,,,,KRETTO SYSCON LIMITED,0.59,0.61,0.57,0.59,0.60,0.59,,0.59,,,449016,264471.00,240,F1,1,,,,,
2026-06-30,2026-06-30,CM,BSE,STK,531334,INE186E01011,VIKALPS,X,,,,,VIKALP SECURITIES LTD.,21.99,21.99,21.99,21.99,21.99,21.99,,21.99,,,1,21.00,1,F1,1,,,,,
2026-06-30,2026-06-30,CM,BSE,STK,531335,INE768C01028,ZYDUSWELL,A,,,,,ZYDUS WELLNESS LTD.,567.00,580.20,559.35,574.95,574.95,570.30,,575.35,,,194407,110984611.00,5099,F1,1,,,,,
2026-06-30,2026-06-30,CM,BSE,STK,531338,INE151H01018,MILESTONE,X,,,,,MILESTONE GLOBAL LTD.,17.21,17.21,17.21,17.21,17.21,17.21,,17.21,,,4,68.00,1,F1,1,,,,,
2026-06-30,2026-06-30,CM,BSE,STK,531340,INE348I01018,BERVINL,X,,,,,BERVIN INVESTMENT & LEASING LT,47.99,47.99,47.65,47.90,47.90,45.77,,47.90,,,204,9734.00,8,F1,1,,,,,
2026-06-30,2026-06-30,CM,BSE,STK,531341,INE373D01017,GUJINV,X,,,,,GUJARAT INVESTA LTD.,19.64,19.64,19.00,19.49,19.49,18.71,,19.49,,,6,116.00,6,F1,1,,,,,
2026-06-30,2026-06-30,CM,BSE,STK,531344,INE111A01025,CONCOR,A,,,,,CONTAINER CORPORATION OF INDIA,474.20,479.00,468.30,475.55,475.55,471.05,,475.25,,,63306,29985670.00,1947,F1,1,,,,,
2026-06-30,2026-06-30,CM,BSE,STK,531346,INE500D01015,EASTRED,X,,,,,EASTERN TREADS LTD.,29.49,29.49,28.50,29.00,29.00,28.50,,29.00,,,103,2990.00,12,F1,1,,,,,
2026-06-30,2026-06-30,CM,BSE,STK,531349,INE922B01023,PANACEABIO,B,,,,,PANACEA BIOTEC LTD.,559.60,577.25,550.50,566.60,567.25,552.80,,565.85,,,28523,16091521.00,912,F1,1,,,,,
2026-06-30,2026-06-30,CM,BSE,STK,531352,INE328D01011,PEETISEC,X,,,,,PEETI SECURITIES LTD.,18.29,18.29,18.29,18.29,18.29,18.29,,18.29,,,86,1572.00,1,F1,1,,,,,
2026-06-30,2026-06-30,CM,BSE,STK,531357,INE763M01028,MERCURYEV,T,,,,,MERCURY EV-TECH LIMITED,33.90,33.90,33.25,33.25,33.25,33.92,,33.25,,,59634,1999715.00,86,F1,1,,,,,
2026-06-30,2026-06-30,CM,BSE,STK,531358,INE102B01014,CHOICEIN,A,,,,,CHOICE INTERNATIONAL LTD.,755.85,759.95,750.00,753.80,753.15,745.40,,753.25,,,43811,33048472.00,1296,F1,1,,,,,
2026-06-30,2026-06-30,CM,BSE,STK,531359,INE777G01012,SRAMSET,X,,,,,SHRIRAM ASSET MANAGEMENT CO.LT,285.50,294.00,280.00,291.60,294.00,272.60,,291.60,,,1137,326590.00,70,F1,1,,,,,
2026-06-30,2026-06-30,CM,BSE,STK,531364,INE005E01013,EKANSH,X,,,,,Ekansh Concepts Limited,228.80,247.90,225.05,246.70,243.45,223.75,,246.70,,,19833,4789532.00,273,F1,1,,,,,
2026-06-30,2026-06-30,CM,BSE,STK,531370,INE960B01015,SPAR,XT,,,,,SPARC ELECTREX LIMITED,4.46,4.92,4.46,4.92,4.92,4.69,,4.92,,,596,2704.00,16,F1,1,,,,,
2026-06-30,2026-06-30,CM,BSE,STK,531373,INE319B01014,BYKE,T,,,,,THE BYKE HOSPITALITY LTD.,32.60,33.89,32.55,33.46,33.78,33.01,,33.40,,,2931,96781.00,28,F1,1,,,,,
2026-06-30,2026-06-30,CM,BSE,STK,531381,INE413D01011,ARIHANT,B,,,,,ARIHANT FOUNDATIONS & HOUSING,850.00,895.00,816.50,890.70,894.95,870.40,,845.60,,,58,50428.00,12,F1,1,,,,,
2026-06-30,2026-06-30,CM,BSE,STK,531387,INE671D01014,HASTIFIN,X,,,,,HASTI FINANCE LTD.,5.87,5.87,5.86,5.86,5.86,5.87,,5.86,,,251,1470.00,3,F1,1,,,,,
2026-06-30,2026-06-30,CM,BSE,STK,531390,INE890B01014,UPSURGE,X,,,,,UPSURGE INVESTMENT & FINANCE L,58.99,62.00,58.99,61.52,61.52,59.00,,61.52,,,26995,1630209.00,146,F1,1,,,,,
2026-06-30,2026-06-30,CM,BSE,STK,531395,INE448D01025,PADAMCO,X,,,,,PADAM COTTON YARNS LTD.,0.97,0.97,0.93,0.96,0.95,0.95,,0.96,,,631915,597021.00,429,F1,1,,,,,
2026-06-30,2026-06-30,CM,BSE,STK,531396,INE905B01010,WOMENNET,X,,,,,WOMEN NETWORKS LTD.,8.47,8.80,8.47,8.80,8.80,8.47,,8.80,,,24,204.00,3,F1,1,,,,,
2026-06-30,2026-06-30,CM,BSE,STK,531397,INE262C01014,POLYCON,X,,,,,POLYCON INTERNATIONAL LTD.,24.00,24.00,24.00,24.00,24.00,24.49,,24.00,,,16,384.00,2,F1,1,,,,,
2026-06-30,2026-06-30,CM,BSE,STK,531398,INE679C01027,SOURCENTRL,X,,,,,SOURCE NATURAL FOODS & HERBAL,114.00,115.10,112.95,114.45,114.00,112.00,,114.45,,,1692,193580.00,44,F1,1,,,,,
2026-06-30,2026-06-30,CM,BSE,STK,531399,INE493B01017,GGAUTO,X,,,,,G.G.AUTOMOTIVE GEARS LTD.,150.95,152.70,148.00,148.60,148.50,150.95,,148.60,,,3616,540845.00,121,F1,1,,,,,
2026-06-30,2026-06-30,CM,BSE,STK,531400,INE326B01035,ALMONDZ,B,,,,,ALMONDZ GLOBAL SECURITIES LTD.,12.50,13.09,12.50,13.00,13.00,12.86,,12.90,,,10097,131050.00,18,F1,1,,,,,
2026-06-30,2026-06-30,CM,BSE,STK,531402,INE281M01013,LWSKNIT,X,,,,,LWS KNITWEAR LTD.,16.51,17.25,16.51,17.11,17.25,16.50,,17.11,,,1987,33766.00,18,F1,1,,,,,
2026-06-30,2026-06-30,CM,BSE,STK,531411,INE560D01027,TUNITEX,X,,,,,TUNI TEXTILE MILLS LTD.,1.04,1.07,1.03,1.04,1.04,1.04,,1.04,,,52790,55208.00,86,F1,1,,,,,
2026-06-30,2026-06-30,CM,BSE,STK,531412,INE576N01014,RADIXIND,XT,,,,,RADIX INDUSTRIES (INDIA) LIMIT,174.25,174.70,172.00,173.45,173.45,166.45,,173.45,,,146,25214.00,6,F1,1,,,,,
2026-06-30,2026-06-30,CM,BSE,STK,531416,INE603F01012,NARPROP,X,,,,,NARENDRA PROPERTIES LTD.,39.99,39.99,38.89,38.89,38.89,36.70,,38.89,,,123,4827.00,8,F1,1,,,,,
2026-06-30,2026-06-30,CM,BSE,STK,531417,INE804B01023,MEGACOR,XT,,,,,MEGA CORPORATION LTD.,3.50,3.50,3.46,3.46,3.46,3.53,,3.46,,,1357,4706.00,24,F1,1,,,,,
2026-06-30,2026-06-30,CM,BSE,STK,531420,INE644K01016,BMBMUMG,X,,,,,BMB MUSIC & MAGNETICS LTD.,6.58,7.22,6.58,7.18,7.18,6.91,,7.18,,,5443,37173.00,24,F1,1,,,,,
2026-06-30,2026-06-30,CM,BSE,STK,531426,INE107A01015,TNPL,B,,,,,TAMIL NADU NEWSPRINT & PAPERS,148.10,150.85,144.00,147.40,147.65,145.05,,147.11,,,4147,611920.00,108,F1,1,,,,,
2026-06-30,2026-06-30,CM,BSE,STK,531431,INE908D01010,SHAKTIPUMP,A,,,,,SHAKTI PUMPS (INDIA) LTD.,593.80,593.80,580.20,583.50,583.85,590.05,,583.55,,,50920,29846041.00,1507,F1,1,,,,,
2026-06-30,2026-06-30,CM,BSE,STK,531433,INE271D01013,SUNGOLD,X,,,,,SUNGOLD CAPITAL LTD.,2.96,2.96,2.68,2.89,2.89,2.82,,2.89,,,5475,15393.00,23,F1,1,,,,,
2026-06-30,2026-06-30,CM,BSE,STK,531436,INE474D01013,SAFFRON,X,,,,,SAFFRON INDUSTRIES LIMITED,29.05,31.00,28.65,29.16,28.65,31.68,,29.16,,,2447,71961.00,53,F1,1,,,,,
2026-06-30,2026-06-30,CM,BSE,STK,531437,INE523I01016,PWASML,X,,,,,Prakash Woollen & Synthetic Mi,21.22,24.00,21.22,22.59,22.59,22.26,,22.59,,,4784,106507.00,51,F1,1,,,,,
2026-06-30,2026-06-30,CM,BSE,STK,531439,INE805A01014,GOLDTECH,B,,,,,AION-TECH SOLUTIONS LIMITED,59.80,59.80,54.00,55.37,55.53,58.50,,55.01,,,20938,1169093.00,418,F1,1,,,,,
2026-06-30,2026-06-30,CM,BSE,STK,531441,INE100F01019,LYONSCO,X,,,,,LYONS CORPORATE MARKET LTD.,22.20,22.20,22.20,22.20,22.20,21.70,,22.20,,,12,266.00,3,F1,1,,,,,
2026-06-30,2026-06-30,CM,BSE,STK,531449,INE192H01020,GRMOVER,B,,,,,GRM OVERSEAS LTD.,90.00,91.90,89.80,90.75,91.05,90.20,,90.71,,,37902,3436726.00,260,F1,1,,,,,
2026-06-30,2026-06-30,CM,BSE,STK,531453,INE954E01012,MOHITIND,B,,,,,MOHIT INDUSTRIES LTD.,24.01,25.02,22.56,23.35,23.35,24.45,,23.39,,,5718,133184.00,45,F1,1,,,,,
2026-06-30,2026-06-30,CM,BSE,STK,531454,INE323D01020,POLYLINK,X,,,,,POLYLINK POLYMERS (INDIA) LTD.,22.98,23.69,22.00,22.39,22.95,22.90,,22.39,,,14663,329955.00,88,F1,1,,,,,
2026-06-30,2026-06-30,CM,BSE,STK,531456,INE952C01028,MINAXI,X,,,,,MINAXI TEXTILES LTD.,1.51,1.52,1.51,1.52,1.52,1.51,,1.52,,,5804,8814.00,17,F1,1,,,,,
2026-06-30,2026-06-30,CM,BSE,STK,531458,INE109B01019,BOSTON,X,,,,,BOSTON COMMERCE LIMITED,5.53,5.53,5.53,5.53,5.53,5.81,,5.53,,,1,5.00,1,F1,1,,,,,
2026-06-30,2026-06-30,CM,BSE,STK,531460,INE545B01022,CONTICON,X,,,,,CONTINENTAL CONTROLS LTD.,7.70,7.70,7.05,7.60,7.60,7.39,,7.60,,,1501,11109.00,8,F1,1,,,,,
2026-06-30,2026-06-30,CM,BSE,STK,531465,INE317B01042,NOUVEAU,X,,,,,NOUVEAU GLOBAL VENTURES LTD.,0.28,0.28,0.28,0.28,0.28,0.29,,0.28,,,150820,42229.00,60,F1,1,,,,,
2026-06-30,2026-06-30,CM,BSE,STK,531471,INE397G01019,DUKEOFS,XT,,,,,DUKE OFFSHORE LTD.,24.40,24.40,24.40,24.40,24.40,23.93,,24.40,,,1894,46213.00,13,F1,1,,,,,
2026-06-30,2026-06-30,CM,BSE,STK,531472,INE183D01010,CYBELEIND,X,,,,,CYBELE INDUSTRIES LTD.,48.81,49.80,46.32,49.49,49.49,47.85,,49.49,,,7268,356260.00,34,F1,1,,,,,
2026-06-30,2026-06-30,CM,BSE,STK,531486,INE600B01033,FILME,XT,,,,,FILMCITY MEDIA LTD.,2.27,2.27,2.27,2.27,2.27,2.31,,2.27,,,149,338.00,3,F1,1,,,,,
2026-06-30,2026-06-30,CM,BSE,STK,531489,INE084D01010,CGVAK,X,,,,,CG-VAK SOFTWARE & EXPORTS LTD.,167.40,173.95,156.60,161.35,161.35,167.40,,161.35,,,6984,1135974.00,224,F1,1,,,,,
2026-06-30,2026-06-30,CM,BSE,STK,531494,INE268H01044,NAVKARURB,T,,,,,NAVKAR URBANSTRUCTURE LIMITED,1.02,1.05,1.02,1.02,1.02,1.07,,1.00,,,56473,57706.00,45,F1,1,,,,,
2026-06-30,2026-06-30,CM,BSE,STK,531495,INE472B01011,BLUECOAST,T,,,,,BLUE COAST HOTELS LTD.,27.00,27.00,27.00,27.00,27.00,26.37,,28.98,,,100,2700.00,1,F1,1,,,,,
2026-06-30,2026-06-30,CM,BSE,STK,531497,INE378D01032,MADHUCON,T,,,,,MADHUCON PROJECTS LTD.,5.98,6.39,5.98,6.09,6.09,6.10,,6.09,,,8126,50122.00,30,F1,1,,,,,
2026-06-30,2026-06-30,CM,BSE,STK,531500,INE343B01030,RAJESHEXPO,Z,,,,,RAJESH EXPORTS LTD.,88.30,97.00,88.30,91.50,91.50,92.90,,91.80,,,262160,23504148.00,2246,F1,1,,,,,
2026-06-30,2026-06-30,CM,BSE,STK,531502,INE404L01039,ESARIND,X,,,,,ESAAR (INDIA) LTD.,12.34,12.43,12.04,12.04,12.04,12.28,,12.04,,,22348,269905.00,132,F1,1,,,,,
2026-06-30,2026-06-30,CM,BSE,STK,531503,INE866D01010,MARIS,X,,,,,MARIS SPINNERS LTD.,29.50,29.50,28.00,28.94,28.94,28.65,,28.94,,,229,6602.00,7,F1,1,,,,,
2026-06-30,2026-06-30,CM,BSE,STK,531505,INE628F01019,INDERGR,XT,,,,,INDERGIRI FINANCE LTD.,22.50,23.20,22.10,23.20,23.20,22.10,,23.20,,,302,6681.00,4,F1,1,,,,,
2026-06-30,2026-06-30,CM,BSE,STK,531506,INE561E01015,SKRABUL,X,,,,,SHUKRA BULLIONS LTD.,40.00,40.70,39.27,40.49,40.49,41.33,,40.49,,,795,32337.00,9,F1,1,,,,,
2026-06-30,2026-06-30,CM,BSE,STK,531508,INE128A01029,EVEREADY,B,,,,,EVEREADY INDUSTRIES INDIA LTD.,365.55,378.55,365.00,367.20,367.20,367.25,,367.45,,,34564,12729833.00,534,F1,1,,,,,
2026-06-30,2026-06-30,CM,BSE,STK,531509,INE623D01015,STEP2COR,X,,,,,STEP TWO CORPORATION LTD.,22.99,23.03,22.25,22.26,22.27,21.94,,22.26,,,1837,41615.00,22,F1,1,,,,,
2026-06-30,2026-06-30,CM,BSE,STK,531512,INE681D01039,ORIENTTR,X,,,,,ORIENT TRADELINK LTD.,6.78,6.85,6.24,6.71,6.71,6.53,,6.71,,,606751,4025550.00,477,F1,1,,,,,
2026-06-30,2026-06-30,CM,BSE,STK,531518,INE767B01022,VIKASPROP,Z,,,,,VIKAS PROPPANT & GRANITE LTD.,0.28,0.29,0.27,0.28,0.28,0.28,,0.28,,,159292,44897.00,63,F1,1,,,,,
2026-06-30,2026-06-30,CM,BSE,STK,531525,INE849B01010,ACESOFT,X,,,,,ACE SOFTWARE EXPORTS LTD.,116.80,116.80,108.55,111.90,111.00,111.50,,111.90,,,5352,599728.00,90,F1,1,,,,,
2026-06-30,2026-06-30,CM,BSE,STK,531529,INE562E01021,SOFTRAKV,XT,,,,,SOFTRAK VENTURE INVESTMENT LTD,1.80,1.82,1.66,1.75,1.76,1.74,,1.75,,,46782,79040.00,93,F1,1,,,,,
2026-06-30,2026-06-30,CM,BSE,STK,531531,INE473B01035,HATSUN,A,,,,,HATSUN AGRO PRODUCT LTD.,920.05,929.95,918.00,918.40,918.05,925.80,,919.25,,,271,250107.00,40,F1,1,,,,,
2026-06-30,2026-06-30,CM,BSE,STK,531533,INE578B01015,ACCEDERE,XT,,,,,ACCEDERE LIMITED,87.07,87.07,87.00,87.07,87.07,82.93,,87.07,,,8125,707426.00,45,F1,1,,,,,
2026-06-30,2026-06-30,CM,BSE,STK,531539,INE864D01015,RISHDIGA,X,,,,,RISHABH DIGHA STEEL & ALLIED P,39.60,39.60,38.49,38.49,38.49,34.00,,38.49,,,40,1547.00,8,F1,1,,,,,
2026-06-30,2026-06-30,CM,BSE,STK,531540,INE392G01028,MAINFRA,XT,,,,,MARUTI INFRASTRUCTURE LTD.,12.26,12.35,11.70,12.22,12.00,12.26,,12.22,,,19944,238132.00,81,F1,1,,,,,
2026-06-30,2026-06-30,CM,BSE,STK,531541,INE881A01015,KOBO,Z,,,,,KOBO BIOTECH LIMITED,7.82,7.82,7.82,7.82,7.82,7.67,,7.82,,,59488,465196.00,27,F1,1,,,,,
2026-06-30,2026-06-30,CM,BSE,STK,531543,INE247D01039,JINDWORLD,B,,,,,JINDAL WORLDWIDE LTD.,30.37,30.56,29.80,30.06,30.06,30.32,,30.02,,,33454,1008164.00,209,F1,1,,,,,
2026-06-30,2026-06-30,CM,BSE,STK,531548,INE355A01028,SOMANYCERA,B,,,,,SOMANY CERAMICS LTD.,517.65,549.00,515.00,534.75,534.75,518.65,,533.85,,,17248,9228116.00,658,F1,1,,,,,
2026-06-30,2026-06-30,CM,BSE,STK,531550,INE865D01012,JHACC,X,,,,,JHAVERI CREDITS & CAPITAL LTD.,199.00,209.95,193.30,197.50,200.00,189.90,,197.50,,,2363,471099.00,84,F1,1,,,,,
2026-06-30,2026-06-30,CM,BSE,STK,531552,INE754B01012,RAGHUTOB,X,,,,,RAGHUNATH TOBACCO CO.LTD.,14.47,15.30,14.00,14.74,14.75,14.47,,14.74,,,523,7879.00,15,F1,1,,,,,
2026-06-30,2026-06-30,CM,BSE,STK,531553,INE193D01019,DRL,XT,,,,,DISHA RESOURCES LIMITED,24.39,26.94,24.39,25.84,26.90,25.67,,25.84,,,142232,3760111.00,90,F1,1,,,,,
2026-06-30,2026-06-30,CM,BSE,STK,531556,INE558D01021,CORALFINAC,B,,,,,CORAL INDIA FINANCE & HOUSING,31.67,32.30,31.26,31.47,31.26,31.66,,31.32,,,205,6534.00,17,F1,1,,,,,
2026-06-30,2026-06-30,CM,BSE,STK,531568,INE723K01018,ASHUTPM,X,,,,,ASHUTOSH PAPER MILLS LTD.,6.20,6.20,6.20,6.20,6.20,6.20,,6.20,,,333,2064.00,2,F1,1,,,,,
2026-06-30,2026-06-30,CM,BSE,STK,531569,INE860D01013,SANJIVIN,X,,,,,SANJIVANI PARANTERAL LTD.,154.05,154.75,149.00,154.70,154.70,153.30,,154.70,,,4000,611669.00,71,F1,1,,,,,
2026-06-30,2026-06-30,CM,BSE,STK,531578,INE580H01026,KMFBLDR,X,,,,,KMF BUILDERS & DEVELOPERS LTD.,6.66,6.66,6.65,6.65,6.65,6.65,,6.65,,,464,3086.00,5,F1,1,,,,,
2026-06-30,2026-06-30,CM,BSE,STK,531582,INE508J01015,BERYLSE,XT,,,,,BERYL SECURITIES LTD.,26.19,26.19,26.19,26.19,26.19,24.95,,26.19,,,1,26.00,1,F1,1,,,,,
2026-06-30,2026-06-30,CM,BSE,STK,531583,INE483D01014,RAP,X,,,,,RAP CORP LIMITED,36.20,37.90,36.17,37.89,37.89,38.00,,37.89,,,612,22469.00,12,F1,1,,,,,
2026-06-30,2026-06-30,CM,BSE,STK,531585,INE455C01014,DEVINE,X,,,,,DEVINE IMPEX LTD.,8.00,8.00,8.00,8.00,8.00,8.00,,8.00,,,152,1216.00,4,F1,1,,,,,
2026-06-30,2026-06-30,CM,BSE,STK,531591,INE802A01037,BAMPSL,X,,,,,BAMPSL SECURITIES LTD.,19.00,20.15,18.22,19.88,20.00,19.00,,19.88,,,8498,158438.00,42,F1,1,,,,,
2026-06-30,2026-06-30,CM,BSE,STK,531592,INE861N01036,GENPHARMA,X,,,,,GENPHARMASEC LIMITED,1.12,1.13,1.09,1.10,1.10,1.11,,1.10,,,229743,254752.00,244,F1,1,,,,,
2026-06-30,2026-06-30,CM,BSE,STK,531594,INE507D01010,INCON,X,,,,,INCON ENGINEERS LTD.,24.25,24.25,24.25,24.25,24.25,23.10,,24.25,,,1739,42170.00,8,F1,1,,,,,
2026-06-30,2026-06-30,CM,BSE,STK,531595,INE180C01042,CGCL,A,,,,,CAPRI GLOBAL CAPITAL LIMITED,216.75,231.20,216.15,227.55,227.55,216.65,,227.66,,,8448307,1845538528.00,8206,F1,1,,,,,
2026-06-30,2026-06-30,CM,BSE,STK,531599,INE258B01022,FDC,B,,,,,FDC LTD.,424.70,432.40,417.05,423.40,424.00,420.30,,423.80,,,26096,11100044.00,2121,F1,1,,,,,
2026-06-30,2026-06-30,CM,BSE,STK,531608,INE792J01015,GORANIN,XT,,,,,GORANI INDUSTRIES LTD.,48.00,48.00,46.03,46.49,46.49,48.45,,46.49,,,1035,49625.00,8,F1,1,,,,,
2026-06-30,2026-06-30,CM,BSE,STK,531613,INE100C01024,MAL,XT,,,,,Meyer Apparel Limited,2.55,2.55,2.54,2.54,2.54,2.43,,2.54,,,201,511.00,3,F1,1,,,,,
2026-06-30,2026-06-30,CM,BSE,STK,531624,INE695B01025,COUNCODOS,B,,,,,COUNTRY CONDOS LTD.,4.88,4.88,4.70,4.80,4.80,4.88,,4.80,,,14180,68960.00,55,F1,1,,,,,
2026-06-30,2026-06-30,CM,BSE,STK,531626,INE628B01034,OROSMITHS,XT,,,,,OROSIL SMITHS INDIA LTD.,6.20,6.50,6.10,6.34,6.34,6.29,,6.34,,,45107,279524.00,132,F1,1,,,,,
2026-06-30,2026-06-30,CM,BSE,STK,531628,INE173E01019,TEJASSVI,XT,,,,,TEJASSVI AAHARAM LIMITED,49.15,49.19,44.79,49.19,49.19,46.85,,49.19,,,119547,5666769.00,122,F1,1,,,,,
2026-06-30,2026-06-30,CM,BSE,STK,531633,INE405C01035,LINCOLN,B,,,,,LINCOLN PHARMACEUTICALS LTD.,623.00,636.00,616.70,623.90,621.95,626.35,,623.50,,,4685,2909603.00,236,F1,1,,,,,
2026-06-30,2026-06-30,CM,BSE,STK,531635,INE870J01019,SILVOAK,X,,,,,SILVER OAK (INDIA) LTD.,78.39,78.39,75.80,77.02,78.00,78.39,,77.02,,,587,45101.00,36,F1,1,,,,,
2026-06-30,2026-06-30,CM,BSE,STK,531637,INE722B01019,PRAVEG,B,,,,,PRAVEG LIMITED,245.65,248.80,238.30,239.25,238.30,246.70,,239.55,,,11860,2861503.00,563,F1,1,,,,,
2026-06-30,2026-06-30,CM,BSE,STK,531638,INE713C01016,SURAJLTD,B,,,,,SURAJ LTD.,228.00,271.00,228.00,230.00,230.00,228.00,,229.96,,,57,14155.00,5,F1,1,,,,,
2026-06-30,2026-06-30,CM,BSE,STK,531642,INE196A01026,MARICO,A,,,,,MARICO LTD.,838.60,841.00,828.80,836.15,837.15,840.00,,836.25,,,297848,249212000.00,4218,F1,1,,,,,
2026-06-30,2026-06-30,CM,BSE,STK,531644,INE546D01018,TOKYOFIN,X,,,,,TOKYO FINANCE LTD.,20.00,20.00,20.00,20.00,20.00,20.00,,20.00,,,1101,22020.00,5,F1,1,,,,,
2026-06-30,2026-06-30,CM,BSE,STK,531651,INE654H01011,NATGENI,XT,,,,,NATIONAL GENERAL INDUSTRIES LT,56.78,56.78,56.78,56.78,56.78,57.93,,56.78,,,9,511.00,1,F1,1,,,,,
2026-06-30,2026-06-30,CM,BSE,STK,531652,INE528C01018,UVS,X,,,,,UVS HOSPITALITY AND SERVICES L,85.00,97.50,82.70,85.80,85.80,84.05,,85.80,,,5922,510527.00,111,F1,1,,,,,
2026-06-30,2026-06-30,CM,BSE,STK,531658,INE454E01013,ABATEAS,X,,,,,ABATE AS INDUSTRIES LIMITED,10.47,10.47,9.79,9.91,10.00,9.85,,9.91,,,14391,142282.00,78,F1,1,,,,,
2026-06-30,2026-06-30,CM,BSE,STK,531661,INE863C01019,HITTCO,X,,,,,HITTCO TOOLS LTD.,10.00,10.05,10.00,10.05,10.05,10.00,,10.05,,,673,6756.00,9,F1,1,,,,,
2026-06-30,2026-06-30,CM,BSE,STK,531663,INE139D01020,YUVRAAJHPL,XT,,,,,YUVRAAJ HYGIENE PRODUCTS LTD.,8.00,8.00,7.45,7.46,7.45,7.75,,7.46,,,40072,302266.00,90,F1,1,,,,,
2026-06-30,2026-06-30,CM,BSE,STK,531667,INE117K01013,RRMETAL,XT,,,,,RR METALMAKERS INDIA LIMITED,54.13,54.13,54.13,54.13,54.13,55.23,,54.13,,,2510,135866.00,4,F1,1,,,,,
2026-06-30,2026-06-30,CM,BSE,STK,531668,INE661D01015,VISIONCO,X,,,,,VISION CORPORATION LTD.,2.30,2.30,2.30,2.30,2.30,2.30,,2.30,,,1170,2691.00,3,F1,1,,,,,
2026-06-30,2026-06-30,CM,BSE,STK,531671,INE214D01021,KARNAWATI,XT,,,,,Karnawati Innovation Limited,1.32,1.32,1.25,1.30,1.30,1.31,,1.30,,,25546,32409.00,75,F1,1,,,,,
2026-06-30,2026-06-30,CM,BSE,STK,531673,INE067C01025,ANKIN,X,,,,,ANKA INDIA LTD.,22.64,23.64,21.56,21.85,21.56,22.64,,21.85,,,6405,144887.00,40,F1,1,,,,,
2026-06-30,2026-06-30,CM,BSE,STK,531676,INE554H01021,EMROCK,XT,,,,,EMROCK CORPORATION LIMITED,275.00,282.00,258.35,272.05,270.00,269.50,,272.05,,,2989,824391.00,49,F1,1,,,,,
2026-06-30,2026-06-30,CM,BSE,STK,531680,INE799E01011,MAYUR,X,,,,,MAYUR LEATHER PRODUCTS LTD.,22.10,22.70,20.54,20.56,20.56,21.62,,20.56,,,2122,45860.00,24,F1,1,,,,,
2026-06-30,2026-06-30,CM,BSE,STK,531681,INE673C01020,AMERISE,X,,,,,AMERISE BIOSCIENCES LIMITED,0.87,0.87,0.82,0.82,0.82,0.86,,0.82,,,22351,19014.00,31,F1,1,,,,,
2026-06-30,2026-06-30,CM,BSE,STK,531685,INE776R01011,FRONTFN,XT,,,,,FRONTLINE FINANCIAL SERVICES L,21.34,21.34,21.34,21.34,21.34,20.93,,21.34,,,1,21.00,1,F1,1,,,,,
2026-06-30,2026-06-30,CM,BSE,STK,531688,INE621B01021,PRITHVIEXCH,X,,,,,Prithvi Exchange (India) Limit,113.00,113.00,106.15,108.55,109.95,108.30,,108.55,,,265,28407.00,24,F1,1,,,,,
2026-06-30,2026-06-30,CM,BSE,STK,531692,INE593B01030,KHYATI,XT,,,,,KHYATI MULTIMEDIA-ENTERTAINMEN,4.10,4.10,3.80,3.80,3.80,4.00,,3.80,,,379,1470.00,12,F1,1,,,,,
2026-06-30,2026-06-30,CM,BSE,STK,531694,INE230F01014,RAINBOWF,X,,,,,RAINBOW FOUNDATIONS LTD.,39.50,40.70,39.02,39.10,39.60,39.52,,39.10,,,13143,516901.00,39,F1,1,,,,,
2026-06-30,2026-06-30,CM,BSE,STK,531716,INE843F01014,TRICOMFRU,XT,,,,,TRICOM FRUIT PRODUCTS LIMITED,1.99,1.99,1.81,1.81,1.81,1.90,,1.81,,,1117,2022.00,7,F1,1,,,,,
2026-06-30,2026-06-30,CM,BSE,STK,531717,INE632C01026,VIDHIING,B,,,,,Vidhi Specialty Food Ingredien,278.65,285.05,276.50,283.40,278.25,284.35,,284.50,,,40549,11390649.00,91,F1,1,,,,,
2026-06-30,2026-06-30,CM,BSE,STK,531719,INE414D01027,BHAGCHEM,B,,,,,BHAGIRADHA CHEMICALS & INDUSTR,281.00,294.15,280.20,291.35,290.00,282.20,,291.07,,,8524,2469399.00,173,F1,1,,,,,
2026-06-30,2026-06-30,CM,BSE,STK,531723,INE224E01028,GATECH,B,,,,,GACM Technologies Limited,0.49,0.50,0.46,0.48,0.48,0.49,,0.48,,,923442,444094.00,212,F1,1,,,,,
2026-06-30,2026-06-30,CM,BSE,STK,531726,INE316G01019,PANCHSHEEL,X,,,,,PANCHSHEEL ORGANICS LTD.,121.05,121.05,117.10,118.00,118.00,119.15,,118.00,,,2414,284590.00,64,F1,1,,,,,
2026-06-30,2026-06-30,CM,BSE,STK,531727,INE650G01029,MENNPIS,B,,,,,MENON PISTONS LTD.,63.31,68.71,63.31,68.38,68.38,64.64,,68.30,,,13359,888509.00,413,F1,1,,,,,
2026-06-30,2026-06-30,CM,BSE,STK,531737,INE414C01045,GREENCREST,X,,,,,GREENCREST FINANCIAL SERVICES,0.52,0.53,0.51,0.51,0.51,0.53,,0.51,,,55818,28658.00,88,F1,1,,,,,
2026-06-30,2026-06-30,CM,BSE,STK,531739,INE509C01026,GENNEX,X,,,,,GENNEX LABORATORIES LTD.,10.55,11.00,10.53,10.72,10.66,10.55,,10.72,,,361361,3866262.00,399,F1,1,,,,,
2026-06-30,2026-06-30,CM,BSE,STK,531744,INE548B01018,GINISILK,X,,,,,GINI SILK MILLS LTD.,55.00,55.00,55.00,55.00,55.00,55.00,,55.00,,,181,9955.00,6,F1,1,,,,,
2026-06-30,2026-06-30,CM,BSE,STK,531746,INE505C01016,PRAENG,B,,,,,PRAJAY ENGINEERS SYNDICATE LTD,21.20,21.22,19.05,19.57,19.57,21.20,,19.34,,,4207,83163.00,80,F1,1,,,,,
2026-06-30,2026-06-30,CM,BSE,STK,531752,INE703D01023,BIOGEN,X,,,,,BIOGEN PHARMACHEM INDUSTRIES L,0.32,0.32,0.30,0.31,0.31,0.32,,0.31,,,8182047,2529902.00,1104,F1,1,,,,,
2026-06-30,2026-06-30,CM,BSE,STK,531758,INE131D01019,GKCONS,X,,,,,G.K.CONSULTANTS LTD.,13.95,13.95,13.95,13.95,13.95,13.95,,13.95,,,7,97.00,1,F1,1,,,,,
2026-06-30,2026-06-30,CM,BSE,STK,531761,INE126J01016,APOLLOPIPE,B,,,,,APOLLO PIPES LIMITED,474.95,495.00,470.70,490.50,487.60,471.60,,489.90,,,4825,2327315.00,290,F1,1,,,,,
2026-06-30,2026-06-30,CM,BSE,STK,531762,INE576D01015,UNJHAFOR,X,,,,,UNJHA FORMULATIONS LTD.,18.50,19.99,18.50,19.85,19.85,18.50,,19.85,,,408,7565.00,7,F1,1,,,,,
2026-06-30,2026-06-30,CM,BSE,STK,531768,INE205C01021,POLYMED,A,,,,,POLY MEDICURE LTD.,1652.60,1697.60,1641.50,1687.55,1687.55,1652.60,,1687.40,,,7328,12309181.00,683,F1,1,,,,,
2026-06-30,2026-06-30,CM,BSE,STK,531769,INE600F01018,PFLINFOTC,X,,,,,PFL INFOTECH LTD.,4.54,4.65,4.54,4.59,4.59,4.77,,4.59,,,2912,13361.00,14,F1,1,,,,,
2026-06-30,2026-06-30,CM,BSE,STK,531771,INE311M01018,SHRADDHA,X,,,,,SHRADDHA PRIME PROJECTS LTD,158.65,161.00,156.95,159.95,161.00,159.50,,159.95,,,5256,839849.00,86,F1,1,,,,,
2026-06-30,2026-06-30,CM,BSE,STK,531778,INE059E01010,KACHCHH,XT,,,,,KACHCHH MINERALS LTD.,26.33,26.33,26.33,26.33,26.33,27.71,,26.33,,,350,9215.00,2,F1,1,,,,,
2026-06-30,2026-06-30,CM,BSE,STK,531779,INE630U01014,PADALPO,X,,,,,PADMANABH ALLOYS & POLYMERS LT,17.32,17.32,17.32,17.32,17.32,17.24,,17.32,,,6,103.00,1,F1,1,,,,,
2026-06-30,2026-06-30,CM,BSE,STK,531780,INE229G01022,KACL,XT,,,,,KAISER CORPORATION LIMITED,5.17,5.18,5.17,5.18,5.18,4.94,,5.18,,,597951,3096932.00,213,F1,1,,,,,
2026-06-30,2026-06-30,CM,BSE,STK,531784,INE469F01026,KCLINFRA,X,,,,,KCL Infra Projects Limited,1.22,1.23,1.18,1.19,1.19,1.21,,1.19,,,188060,225208.00,137,F1,1,,,,,
2026-06-30,2026-06-30,CM,BSE,STK,531794,INE331F01028,SESHACHAL,XT,,,,,SESHACHAL TECHNOLOGIES LTD.,88.83,88.83,88.83,88.83,88.83,90.64,,88.83,,,662,58805.00,6,F1,1,,,,,
2026-06-30,2026-06-30,CM,BSE,STK,531795,INE951D01028,ATULAUTO,B,,,,,ATUL AUTO LTD.,484.55,493.00,480.00,480.80,480.60,475.05,,481.75,,,21446,10428691.00,878,F1,1,,,,,
2026-06-30,2026-06-30,CM,BSE,STK,531797,INE393D01015,SCANPRO,XT,,,,,SCAN PROJECTS LTD.,122.00,122.00,118.05,121.90,122.00,118.20,,121.90,,,172,20980.00,10,F1,1,,,,,
2026-06-30,2026-06-30,CM,BSE,STK,531802,INE426H01014,PRERINFRA,X,,,,,PRERNA INFRABUILD LTD.,30.00,30.00,26.75,27.20,27.20,27.51,,27.20,,,10627,291371.00,86,F1,1,,,,,
2026-06-30,2026-06-30,CM,BSE,STK,531810,INE161E01014,METALCO,X,,,,,METAL COATINGS (INDIA) LTD.,53.16,54.00,52.20,53.98,54.00,54.49,,53.98,,,2189,117560.00,24,F1,1,,,,,
2026-06-30,2026-06-30,CM,BSE,STK,531812,INE266C01023,SGNTE,X,,,,,SGN TELECOMS LTD.,0.57,0.57,0.55,0.57,0.57,0.57,,0.57,,,34193,19482.00,19,F1,1,,,,,
2026-06-30,2026-06-30,CM,BSE,STK,531813,INE278O01015,GANGAPA,X,,,,,GANGA PAPERS INDIA LTD.,66.30,66.50,66.30,66.41,66.50,63.50,,66.41,,,350,23245.00,2,F1,1,,,,,
2026-06-30,2026-06-30,CM,BSE,STK,531814,INE297J01023,TIRSARJ,X,,,,,TIRUPATI SARJAN LTD.,8.90,8.90,7.84,8.06,8.06,8.71,,8.06,,,27140,220770.00,95,F1,1,,,,,
2026-06-30,2026-06-30,CM,BSE,STK,531821,INE348D01019,MUNOTHFI,XT,,,,,MUNOTH FINANCIAL SERVICES LTD.,31.50,31.50,31.50,31.50,31.50,30.00,,31.50,,,220,6930.00,1,F1,1,,,,,
2026-06-30,2026-06-30,CM,BSE,STK,531822,INE513E01024,RODIUM,X,,,,,RODIUM REALTY LIMITED,154.10,172.55,154.10,165.45,165.45,158.50,,165.45,,,226,37372.00,15,F1,1,,,,,
2026-06-30,2026-06-30,CM,BSE,STK,531832,INE793H01017,NAGTECH,XT,,,,,NAGARJUNA AGRI TECH LTD.,45.60,48.99,45.60,45.74,45.61,48.00,,45.74,,,16929,773750.00,30,F1,1,,,,,
2026-06-30,2026-06-30,CM,BSE,STK,531834,INE487B01019,NATHUEC,XT,,,,,NATURA HUE CHEM LTD.,33.91,34.60,33.91,34.60,34.60,34.60,,34.60,,,4863,168181.00,15,F1,1,,,,,
2026-06-30,2026-06-30,CM,BSE,STK,531840,INE172B01017,IECEDU,X,,,,,IEC EDUCATION LTD.,23.12,23.12,23.00,23.00,23.00,23.11,,23.00,,,15,345.00,4,F1,1,,,,,
2026-06-30,2026-06-30,CM,BSE,STK,531841,INE935D01013,INDUSFINL,XT,,,,,Indus Finance Limited,131.10,133.70,131.10,133.65,133.65,131.10,,133.65,,,3097,412472.00,20,F1,1,,,,,
2026-06-30,2026-06-30,CM,BSE,STK,531842,INE515C01023,LAHOTIOV,B,,,,,LAHOTI OVERSEAS LTD.,42.80,45.70,42.80,45.24,45.70,45.40,,43.74,,,59,2640.00,23,F1,1,,,,,
2026-06-30,2026-06-30,CM,BSE,STK,531845,INE318D01020,ZENITHSTL,B,,,,,ZENITH STEEL PIPES AND  INDUST,6.09,6.09,5.54,5.68,5.68,5.54,,5.61,,,8106,45798.00,32,F1,1,,,,,
2026-06-30,2026-06-30,CM,BSE,STK,531846,INE884X01011,TRINITYLEA,X,,,,,TRINITY LEAGUE INDIA LTD.,11.47,11.47,10.91,11.28,11.47,11.48,,11.28,,,4,45.00,4,F1,1,,,,,
2026-06-30,2026-06-30,CM,BSE,STK,531847,INE194D01017,ASTAR,B,,,,,ASIAN STAR CO.LTD.,615.05,616.00,615.05,616.00,616.00,612.70,,637.75,,,2,1231.00,2,F1,1,,,,,
2026-06-30,2026-06-30,CM,BSE,STK,531859,INE457G01029,ORIRAIL,X,,,,,ORIENTAL RAIL INFRASTRUCTURE L,132.00,132.00,125.50,127.25,127.75,125.85,,127.25,,,38180,4861885.00,386,F1,1,,,,,
2026-06-30,2026-06-30,CM,BSE,STK,531861,INE024B01010,JOINDRE,X,,,,,JOINDRE CAPITAL SERVICES LTD.,49.01,49.94,47.30,47.77,47.51,48.66,,47.77,,,4636,222333.00,53,F1,1,,,,,
2026-06-30,2026-06-30,CM,BSE,STK,531862,INE842D01029,BHARATAGRI,X,,,,,BHARAT AGRI FERT & REALTY LTD.,28.50,28.69,27.15,27.69,27.50,27.51,,27.69,,,18892,523236.00,57,F1,1,,,,,
2026-06-30,2026-06-30,CM,BSE,STK,531867,INE929K01011,UNITINT,Z,,,,,UNITECH INTERNATIONAL LTD.,3.49,3.49,3.38,3.38,3.38,3.38,,3.38,,,333,1138.00,7,F1,1,,,,,
2026-06-30,2026-06-30,CM,BSE,STK,531869,INE433G01020,SACHEMT,X,,,,,SACHETA METALS LTD.,3.88,3.88,3.81,3.86,3.86,3.84,,3.86,,,48507,187139.00,69,F1,1,,,,,
2026-06-30,2026-06-30,CM,BSE,STK,531878,INE283D01018,ANJANIFIN,X,,,,,ANJANI FINANCE LTD.,9.52,9.85,9.45,9.67,9.72,9.94,,9.67,,,4767,45386.00,28,F1,1,,,,,
2026-06-30,2026-06-30,CM,BSE,STK,531888,INE687C01012,REXNORD,XT,,,,,REXNORD ELECTRONICS & CONTROLS,84.00,85.50,83.50,83.50,83.50,85.95,,83.50,,,909,76157.00,19,F1,1,,,,,
2026-06-30,2026-06-30,CM,BSE,STK,531889,INE882B01037,NWIL,X,,,,,NURTURE WELL INDUSTRIES LIMITE,26.55,27.25,25.65,27.14,27.14,26.55,,27.14,,,360984,9599063.00,1472,F1,1,,,,,
2026-06-30,2026-06-30,CM,BSE,STK,531892,INE060B01014,KHANDSE,B,,,,,KHANDWALA SECURITIES LTD.,17.16,17.16,17.00,17.00,17.00,17.24,,17.06,,,334,5726.00,23,F1,1,,,,,
2026-06-30,2026-06-30,CM,BSE,STK,531893,INE248B01023,SAWACA,X,,,,,SAWACA ENTERPRISES LIMITED,0.30,0.31,0.29,0.31,0.31,0.30,,0.31,,,827389,250429.00,284,F1,1,,,,,
2026-06-30,2026-06-30,CM,BSE,STK,531900,INE778E01031,CCLINTER,X,,,,,CCL INTERNATIONAL LTD.,25.86,25.86,23.33,23.99,23.99,24.73,,23.99,,,999,24039.00,15,F1,1,,,,,
2026-06-30,2026-06-30,CM,BSE,STK,531902,INE755J01012,GALLOPENT,XT,,,,,GALLOPS ENTERPRISE LTD.,25.56,25.56,25.20,25.50,25.50,24.35,,25.50,,,1260,32039.00,5,F1,1,,,,,
2026-06-30,2026-06-30,CM,BSE,STK,531909,INE587J01027,CROISSANCE,X,,,,,CROISSANCE LIMITED,1.31,1.31,1.17,1.21,1.21,1.28,,1.21,,,152984,185576.00,134,F1,1,,,,,
2026-06-30,2026-06-30,CM,BSE,STK,531910,INE312M01016,JOJO,X,,,,,JOJO LIMITED,223.00,223.00,207.10,210.20,207.10,210.00,,210.20,,,1153,244086.00,33,F1,1,,,,,
2026-06-30,2026-06-30,CM,BSE,STK,531911,INE803L01016,GALAGEX,X,,,,,GALAXY AGRICO EXPORTS LTD.,70.00,70.00,62.21,62.90,62.60,64.57,,62.90,,,36539,2391008.00,56,F1,1,,,,,
2026-06-30,2026-06-30,CM,BSE,STK,531918,INE02XD01011,HINDAPL,XT,,,,,HINDUSTAN APPLIANCES LTD.,120.18,120.78,120.18,120.18,120.18,119.59,,120.18,,,641,77037.00,11,F1,1,,,,,
2026-06-30,2026-06-30,CM,BSE,STK,531921,INE204E01012,AGARIND,B,,,,,AGARWAL INDUSTRIAL CORPORATION,536.05,546.30,526.20,535.35,531.00,532.95,,534.90,,,2534,1361103.00,137,F1,1,,,,,
2026-06-30,2026-06-30,CM,BSE,STK,531923,INE956B01013,DHAMPURE,X,,,,,DHAMPURE SPECIALITY SUGARS LTD,119.45,122.00,117.50,118.85,118.85,119.80,,118.85,,,833,98621.00,22,F1,1,,,,,
2026-06-30,2026-06-30,CM,BSE,STK,531925,INE545N01019,SHAQUAK,X,,,,,SHANTANU SHEOREY AQUAKULT LTD.,1.15,1.15,1.15,1.15,1.15,1.15,,1.15,,,102,117.00,5,F1,1,,,,,
2026-06-30,2026-06-30,CM,BSE,STK,531930,INE074H01012,SARTHAKIND,X,,,,,SARTHAK INDUSTRIES LTD.,26.48,26.48,25.35,25.35,25.35,25.87,,25.35,,,21,544.00,3,F1,1,,,,,
2026-06-30,2026-06-30,CM,BSE,STK,531931,INE531X01018,SAICAPI,X,,,,,SAI CAPITAL LTD.,155.45,158.00,151.30,151.30,151.30,155.50,,151.30,,,6863,1064644.00,28,F1,1,,,,,
2026-06-30,2026-06-30,CM,BSE,STK,531944,INE185D01015,LEXORAA,X,,,,,LEXORAA INDUSTRIES LIMITED,18.01,18.01,17.55,17.55,17.55,17.52,,17.55,,,91,1638.00,4,F1,1,,,,,
2026-06-30,2026-06-30,CM,BSE,STK,531950,INE316D01024,VERTEX,XT,,,,,VERTEX SECURITIES LTD.,3.64,3.80,3.48,3.73,3.73,3.64,,3.73,,,8196,29805.00,48,F1,1,,,,,
2026-06-30,2026-06-30,CM,BSE,STK,531952,INE811H01017,RIBATEX,X,,,,,RIBA TEXTILES LTD.,92.20,94.00,89.15,90.51,90.00,90.83,,90.51,,,66342,6001819.00,227,F1,1,,,,,
2026-06-30,2026-06-30,CM,BSE,STK,531959,INE997D01021,NEWINFRA,X,,,,,NEWTIME INFRASTRUCTURE LIMITED,1.98,2.03,1.95,1.97,1.99,1.95,,1.97,,,72716,144231.00,142,F1,1,,,,,
2026-06-30,2026-06-30,CM,BSE,STK,531962,INE914B01012,SHREMETAL,X,,,,,SHREE METALLOYS LTD.,41.97,41.97,39.00,39.16,40.74,40.85,,39.16,,,1583,62417.00,32,F1,1,,,,,
2026-06-30,2026-06-30,CM,BSE,STK,531968,INE786E01018,IITLPROJ,X,,,,,IITL PROJECTS LIMITED,53.40,53.40,44.28,50.80,51.00,50.20,,50.80,,,520,24619.00,35,F1,1,,,,,
2026-06-30,2026-06-30,CM,BSE,STK,531971,INE167F01018,POPEES,XT,,,,,POPEES BABY CARE INDIA LIMITED,144.00,148.00,144.00,148.00,148.00,141.00,,148.00,,,375,55300.00,4,F1,1,,,,,
2026-06-30,2026-06-30,CM,BSE,STK,531977,INE558F01026,CHLOGIST,X,,,,,CHARTERED LOGISTICS LTD.,6.15,6.19,6.00,6.15,6.11,5.97,,6.15,,,180264,1086759.00,128,F1,1,,,,,
2026-06-30,2026-06-30,CM,BSE,STK,531978,INE540G01014,AMBIKCO,B,,,,,AMBIKA COTTON MILLS LTD.,1703.70,1780.35,1697.90,1764.85,1731.40,1723.25,,1760.10,,,1187,2089433.00,180,F1,1,,,,,
2026-06-30,2026-06-30,CM,BSE,STK,531979,INE227B01019,HINDALUMI,X,,,,,HIND ALUMINIUM INDUSTRIES LTD.,99.70,102.40,98.10,100.95,99.50,99.15,,100.95,,,2655,265884.00,106,F1,1,,,,,
2026-06-30,2026-06-30,CM,BSE,STK,531982,INE547C01018,SPECFOOD,X,,,,,SPECTRUM FOODS LTD.,12.17,12.38,11.90,11.93,11.93,12.17,,11.93,,,11300,136994.00,30,F1,1,,,,,
2026-06-30,2026-06-30,CM,BSE,STK,531991,INE735C01027,AMRAAGRI,X,,,,,AMRAWORLD AGRICO LTD.,0.55,0.55,0.55,0.55,0.55,0.56,,0.55,,,75819,41700.00,48,F1,1,,,,,
2026-06-30,2026-06-30,CM,BSE,STK,531996,INE839E01023,ODYCORP,X,,,,,ODYSSEY CORPORATION LTD.,7.44,7.44,7.10,7.24,7.24,7.15,,7.24,,,9520,67956.00,22,F1,1,,,,,
2026-06-30,2026-06-30,CM,BSE,STK,531997,INE164D01010,IKOMA,XT,,,,,IKOMA TECHNOLOGIES LIMITED,73.20,73.20,69.72,72.89,73.20,73.38,,72.89,,,70720,5085765.00,240,F1,1,,,,,
2026-06-30,2026-06-30,CM,BSE,STK,532001,INE146H01018,INDCTST,X,,,,,INDUCTO STEEL LTD.,52.50,52.50,52.50,52.50,52.50,52.50,,52.50,,,124,6510.00,6,F1,1,,,,,
2026-06-30,2026-06-30,CM,BSE,STK,532005,INE653D01012,SAMINDUS,X,,,,,SAM INDUSTRIES LTD.,47.90,47.90,40.00,42.90,42.90,43.80,,42.90,,,1055,43442.00,18,F1,1,,,,,
2026-06-30,2026-06-30,CM,BSE,STK,532011,INE147C01017,POOJAENT,XT,,,,,VASHU BHAGNANI INDUSTRIES LIMI,78.00,79.90,73.26,78.00,78.00,76.10,,78.00,,,1001,77596.00,22,F1,1,,,,,
2026-06-30,2026-06-30,CM,BSE,STK,532015,INE995A01013,GRAVITY,XT,,,,,GRAVITY (INDIA) LTD.,11.65,11.65,10.67,11.53,11.54,11.10,,11.53,,,53898,617750.00,75,F1,1,,,,,
2026-06-30,2026-06-30,CM,BSE,STK,532016,INE176O01011,ESPIRE,X,,,,,ESPIRE HOSPITALITY LIMITED,185.00,185.00,171.00,177.30,176.50,182.60,,177.30,,,1264,224089.00,62,F1,1,,,,,
2026-06-30,2026-06-30,CM,BSE,STK,532019,INE938A01021,LCCINFOTEC,B,,,,,LCC INFOTECH LTD.,4.94,4.94,4.48,4.59,4.59,4.71,,4.65,,,92097,417139.00,59,F1,1,,,,,
2026-06-30,2026-06-30,CM,BSE,STK,532022,INE185E01021,FILATFASH,T,,,,,FILATEX FASHIONS LTD.,0.19,0.20,0.19,0.19,0.19,0.19,,0.18,,,1658910,315221.00,259,F1,1,,,,,
2026-06-30,2026-06-30,CM,BSE,STK,532029,INE325D01025,SINDHUTRAD,B,,,,,SINDHU TRADE LINKS LIMITED,24.47,25.25,24.47,24.94,25.04,24.55,,24.82,,,124624,3094930.00,168,F1,1,,,,,
2026-06-30,2026-06-30,CM,BSE,STK,532039,INE486F01012,ZENOTECH,X,,,,,ZENOTECH LABORATORIES LTD.,44.58,45.00,42.00,44.21,44.00,44.60,,44.21,,,6257,275672.00,80,F1,1,,,,,
2026-06-30,2026-06-30,CM,BSE,STK,532041,INE597C01021,HINDBIO,XT,,,,,HINDUSTAN BIO SCIENCES LTD.,7.18,7.50,7.18,7.30,7.18,7.18,,7.30,,,6193,45738.00,38,F1,1,,,,,
2026-06-30,2026-06-30,CM,BSE,STK,532042,INE092D01013,FRONTCORP,X,,,,,FRONTLINE CORPORATION LTD.,35.49,35.49,35.49,35.49,35.49,35.49,,35.49,,,3,106.00,1,F1,1,,,,,
2026-06-30,2026-06-30,CM,BSE,STK,532051,INE409B01013,SWELECTES,B,,,,,SWELECT ENERGY SYSTEMS LIMITED,636.90,652.95,633.80,645.70,640.65,633.70,,647.70,,,3228,2075254.00,209,F1,1,,,,,
2026-06-30,2026-06-30,CM,BSE,STK,532053,INE121B01014,WALLFORT,X,,,,,WALLFORT FINANCIAL SERVICES LT,79.99,83.90,76.01,78.70,82.85,80.00,,78.70,,,605,48555.00,17,F1,1,,,,,
2026-06-30,2026-06-30,CM,BSE,STK,532054,INE291D01011,KDDL,B,,,,,KDDL LTD.,3145.20,3274.95,3145.20,3231.60,3250.00,3145.20,,3222.00,,,1092,3503385.00,260,F1,1,,,,,
2026-06-30,2026-06-30,CM,BSE,STK,532056,INE398H01015,TRUSTEDGE,X,,,,,Trustedge Capital Limited,142.00,144.00,138.00,143.00,140.00,139.10,,143.00,,,2888,407507.00,35,F1,1,,,,,
2026-06-30,2026-06-30,CM,BSE,STK,532067,INE994E01018,3BBLACKBIO,B,,,,,3B BlackBio Dx Limited,1179.25,1180.00,1165.00,1168.60,1165.40,1173.05,,1168.80,,,2399,2819433.00,184,F1,1,,,,,
2026-06-30,2026-06-30,CM,BSE,STK,532070,INE311N01016,GUJJUBHAI,X,,,,,GUJJUBHAI INDUSTRIES LIMITED,129.20,129.20,124.00,126.50,125.00,126.95,,126.50,,,1051,133180.00,30,F1,1,,,,,
2026-06-30,2026-06-30,CM,BSE,STK,532078,INE407E01029,MONIND,X,,,,,MONIND LIMITED,24.13,24.13,24.13,24.13,24.13,22.99,,24.13,,,1,24.00,1,F1,1,,,,,
2026-06-30,2026-06-30,CM,BSE,STK,532090,INE219M01021,ATVOENT,XT,,,,,Atvo Enterprises Limited,33.25,33.44,33.00,33.44,33.44,31.85,,33.44,,,260583,8702728.00,222,F1,1,,,,,
2026-06-30,2026-06-30,CM,BSE,STK,532092,INE807D01030,EPUJA,X,,,,,EPUJA SPIRITECH LIMITED,1.19,1.19,1.15,1.17,1.19,1.17,,1.17,,,31494,37051.00,75,F1,1,,,,,
2026-06-30,2026-06-30,CM,BSE,STK,532100,INE456B01014,INDOCITY,XT,,,,,INDO-CITY INFOTECH LTD.,13.93,13.93,13.40,13.40,13.40,14.00,,13.40,,,347,4807.00,11,F1,1,,,,,
2026-06-30,2026-06-30,CM,BSE,STK,532102,INE948G01019,SBECSUG,XT,,,,,SBEC SUGAR LTD.,59.21,59.21,59.21,59.21,59.21,62.32,,59.21,,,2899,171649.00,26,F1,1,,,,,
2026-06-30,2026-06-30,CM,BSE,STK,532113,INE957E01031,BRIJLEAS,X,,,,,BRIJLAXMI LEASING & FINANCE LT,9.70,9.80,9.70,9.80,9.80,9.85,,9.80,,,8109,79260.00,13,F1,1,,,,,
2026-06-30,2026-06-30,CM,BSE,STK,532123,INE395A01016,BSELALGO,X,,,,,BSEL ALGO LIMITED,4.29,4.49,4.17,4.32,4.32,4.29,,4.32,,,81911,354706.00,211,F1,1,,,,,
2026-06-30,2026-06-30,CM,BSE,STK,532124,INE419H01019,RELIABVEN,XT,,,,,RELIABLE VENTURES INDIA LTD.,27.39,27.39,26.10,27.14,27.14,26.09,,27.14,,,17897,487627.00,31,F1,1,,,,,
2026-06-30,2026-06-30,CM,BSE,STK,532131,INE382B01012,TRIUMPIN,XT,,,,,TRIUMPH INTERNATIONAL FINANCE,17.66,17.66,17.66,17.66,17.66,17.66,,17.66,,,20,353.00,1,F1,1,,,,,
2026-06-30,2026-06-30,CM,BSE,STK,532134,INE028A01039,BANKBARODA,A,,,,,BANK OF BARODA,273.05,275.90,271.85,272.80,272.80,273.00,,272.40,,,314725,86054658.00,3016,F1,1,,,,,
2026-06-30,2026-06-30,CM,BSE,STK,532140,INE154B01023,MOHITE,X,,,,,MOHITE INDUSTRIES LIMITED,3.14,3.24,2.81,2.85,2.85,3.08,,2.85,,,116249,341833.00,198,F1,1,,,,,
2026-06-30,2026-06-30,CM,BSE,STK,532141,INE666E01020,ACL,B,,,,,ANDHRA CEMENTS LTD.,53.99,53.99,52.13,52.35,52.50,52.66,,52.44,,,1180,61813.00,32,F1,1,,,,,
2026-06-30,2026-06-30,CM,BSE,STK,532143,INE411D01023,SKMEGGPROD,B,,,,,SKM EGG PRODUCTS EXPORT (INDIA,303.90,309.55,290.50,293.85,295.20,303.95,,293.05,,,105215,31727748.00,1618,F1,1,,,,,
2026-06-30,2026-06-30,CM,BSE,STK,532144,INE191B01025,WELCORP,A,,,,,WELSPUN CORP LIMITED,1529.75,1529.75,1483.00,1519.75,1511.00,1510.10,,1521.90,,,18846,28404063.00,1104,F1,1,,,,,
2026-06-30,2026-06-30,CM,BSE,STK,532145,INE731B01010,HOTLSILV,X,,,,,H.S.INDIA LTD.,11.26,11.76,11.25,11.41,11.41,11.38,,11.41,,,315,3649.00,10,F1,1,,,,,
2026-06-30,2026-06-30,CM,BSE,STK,532149,INE084A01016,BANKINDIA,A,,,,,BANK OF INDIA,142.95,143.30,140.05,140.50,140.50,142.70,,140.40,,,268660,37932051.00,2781,F1,1,,,,,
2026-06-30,2026-06-30,CM,BSE,STK,532150,INE681B01017,INDRAMEDCO,B,,,,,INDRAPRASTHA MEDICAL CORP.LTD.,381.95,391.00,379.15,387.05,387.10,380.35,,388.05,,,9132,3510373.00,268,F1,1,,,,,
2026-06-30,2026-06-30,CM,BSE,STK,532154,INE560F01022,JOHNPHARMA,X,,,,,JOHNSON PHARMACARE LIMITED,0.49,0.50,0.49,0.50,0.50,0.50,,0.50,,,463096,230100.00,347,F1,1,,,,,
2026-06-30,2026-06-30,CM,BSE,STK,532155,INE129A01019,GAIL,A,,,,,GAIL (INDIA) LTD.,173.30,175.50,172.20,173.75,173.75,172.20,,173.49,,,902613,156894508.00,3519,F1,1,,,,,
2026-06-30,2026-06-30,CM,BSE,STK,532156,INE884A01027,VAIBHAVGBL,B,,,,,VAIBHAV GLOBAL LTD,229.65,231.45,226.70,229.00,228.00,230.45,,229.25,,,6346,1449926.00,277,F1,1,,,,,
2026-06-30,2026-06-30,CM,BSE,STK,532159,INE088D01011,TRESCON,X,,,,,TRESCON LIMITED,8.75,8.79,8.64,8.79,8.79,8.64,,8.79,,,2727,23606.00,10,F1,1,,,,,
2026-06-30,2026-06-30,CM,BSE,STK,532160,INE944A01011,GUJSTATFIN,B,,,,,GUJARAT STATE FINANCIAL CORPOR,10.30,10.95,10.30,10.53,10.53,10.72,,10.53,,,5615,59534.00,43,F1,1,,,,,
2026-06-30,2026-06-30,CM,BSE,STK,532162,INE789E01012,JKPAPER,A,,,,,JK PAPER LTD.,346.00,355.00,342.00,351.85,351.00,344.15,,351.00,,,28655,10071870.00,636,F1,1,,,,,
2026-06-30,2026-06-30,CM,BSE,STK,532163,INE979A01025,SAREGAMA,A,,,,,SAREGAMA INDIA LTD.,498.45,498.45,489.25,492.80,492.35,498.45,,492.80,,,16710,8250553.00,373,F1,1,,,,,
2026-06-30,2026-06-30,CM,BSE,STK,532167,INE501C01015,OMKARPH,X,,,,,OMKAR PHARMACHEM LTD.,19.84,19.84,19.82,19.82,19.82,19.84,,19.82,,,26,515.00,3,F1,1,,,,,
2026-06-30,2026-06-30,CM,BSE,STK,532172,INE737B01033,ADROITINFO,B,,,,,Adroit Infotech Limited,8.55,9.15,8.55,9.14,9.14,8.93,,9.18,,,5678,50124.00,36,F1,1,,,,,
2026-06-30,2026-06-30,CM,BSE,STK,532173,INE214A01019,CYBERTECH,T,,,,,CYBERTECH SYSTEMS AND SOFTWARE,147.30,149.50,146.00,146.55,146.70,147.30,,146.69,,,1072,157629.00,38,F1,1,,,,,
2026-06-30,2026-06-30,CM,BSE,STK,532174,INE090A01021,ICICIBANK,A,,,,,ICICI BANK LTD.,1392.75,1397.00,1366.15,1376.40,1376.40,1387.75,,1375.20,,,530475,730206995.00,11104,F1,1,,,,,
2026-06-30,2026-06-30,CM,BSE,STK,532175,INE136B01020,CYIENT,A,,,,,CYIENT LIMITED,878.25,878.25,856.65,869.85,872.50,881.90,,871.75,,,27287,23541994.00,1847,F1,1,,,,,
2026-06-30,2026-06-30,CM,BSE,STK,532178,INE510A01028,ENGINERSIN,A,,,,,ENGINEERS INDIA LTD.,245.40,246.00,239.15,240.60,240.30,244.45,,240.61,,,146152,35330722.00,2403,F1,1,,,,,
2026-06-30,2026-06-30,CM,BSE,STK,532180,INE680A01011,DHANBANK,B,,,,,DHANLAXMI BANK LIMITED,31.51,32.00,31.48,31.56,31.79,31.61,,31.57,,,48048,1520993.00,316,F1,1,,,,,
2026-06-30,2026-06-30,CM,BSE,STK,532181,INE131A01031,GMDCLTD,A,,,,,GUJARAT MINERAL DEVELOPMENT CO,584.25,587.05,572.00,583.75,583.75,578.20,,583.90,,,53221,30824874.00,1689,F1,1,,,,,
2026-06-30,2026-06-30,CM,BSE,STK,532183,INE622E01023,GAYATRI,X,,,,,GAYATRI SUGARS LTD.,8.12,8.36,8.12,8.18,8.29,8.37,,8.18,,,31038,254400.00,123,F1,1,,,,,
2026-06-30,2026-06-30,CM,BSE,STK,532187,INE095A01012,INDUSINDBK,A,,,,,INDUSIND BANK LTD.,911.80,932.60,911.80,924.45,924.45,915.60,,924.20,,,178061,164994659.00,6878,F1,1,,,,,
2026-06-30,2026-06-30,CM,BSE,STK,532189,INE353K01014,ITDC,B,,,,,INDIA TOURISM DEVELOPMENT CORP,589.85,591.25,585.05,588.40,586.50,586.30,,587.15,,,1713,1006176.00,110,F1,1,,,,,
2026-06-30,2026-06-30,CM,BSE,STK,532209,INE168A01041,J&KBANK,A,,,,,JAMMU & KASHMIR BANK LTD.,159.90,161.80,153.35,154.75,154.75,159.75,,154.74,,,376482,58948620.00,2875,F1,1,,,,,
2026-06-30,2026-06-30,CM,BSE,STK,532210,INE491A01021,CUB,A,,,,,CITY UNION BANK LTD.,202.25,209.45,202.25,208.55,208.55,202.05,,208.60,,,367749,76252037.00,9222,F1,1,,,,,
2026-06-30,2026-06-30,CM,BSE,STK,532212,INE731A01020,ARCHIES,B,,,,,ARCHIES LTD.,14.20,14.20,14.20,14.20,14.20,14.22,,14.27,,,1000,14200.00,10,F1,1,,,,,
2026-06-30,2026-06-30,CM,BSE,STK,532215,INE238A01034,AXISBANK,A,,,,,AXIS BANK LTD.,1355.05,1374.30,1344.00,1346.00,1346.00,1357.70,,1345.70,,,1207911,1634100199.00,6549,F1,1,,,,,
2026-06-30,2026-06-30,CM,BSE,STK,532216,INE550B01022,HBSL,T,,,,,HB STOCKHOLDINGS LTD.,51.60,52.63,50.00,50.46,51.45,51.50,,50.58,,,175,8824.00,17,F1,1,,,,,
2026-06-30,2026-06-30,CM,BSE,STK,532217,INE027F01014,CMXLTD,X,,,,,CMX HOLDINGS LIMITED,26.85,26.85,24.43,26.33,26.34,25.67,,26.33,,,1951,49606.00,35,F1,1,,,,,
2026-06-30,2026-06-30,CM,BSE,STK,532218,INE683A01023,SOUTHBANK,A,,,,,SOUTH INDIAN BANK LTD.,45.53,46.35,45.50,45.66,45.66,45.93,,45.63,,,615064,28215858.00,3811,F1,1,,,,,
2026-06-30,2026-06-30,CM,BSE,STK,532219,INE306C01019,ENERGYDEV,B,,,,,ENERGY DEVELOPMENT COMPANY LTD,16.16,16.50,16.09,16.11,16.10,16.16,,16.20,,,3696,59733.00,75,F1,1,,,,,
2026-06-30,2026-06-30,CM,BSE,STK,532221,INE269A01021,SONATSOFTW,A,,,,,SONATA SOFTWARE LTD.,275.40,277.25,266.15,267.80,267.80,275.35,,267.65,,,41887,11286648.00,1722,F1,1,,,,,
2026-06-30,2026-06-30,CM,BSE,STK,532230,INE665D01016,BENGALT,X,,,,,BENGAL TEA & FABRICS LTD.,144.65,144.65,138.00,141.95,143.00,138.15,,141.95,,,83,11673.00,14,F1,1,,,,,
2026-06-30,2026-06-30,CM,BSE,STK,532234,INE139A01034,NATIONALUM,A,,,,,NATIONAL ALUMINIUM CO.LTD.,343.20,343.20,333.60,339.45,339.45,347.10,,339.60,,,348352,117699694.00,4651,F1,1,,,,,
2026-06-30,2026-06-30,CM,BSE,STK,532240,INE092B01025,INDNIPPON,B,,,,,INDIA NIPPON ELECTRICALS LTD.,975.60,1016.75,956.80,1005.20,1011.80,963.50,,1001.45,,,4356,4319629.00,408,F1,1,,,,,
2026-06-30,2026-06-30,CM,BSE,STK,532256,INE023A01030,NSIL,B,,,,,NALWA SONS INVESTMENTS LTD.,5470.00,5530.00,5451.35,5474.20,5530.00,5461.75,,5492.50,,,127,695569.00,35,F1,1,,,,,
2026-06-30,2026-06-30,CM,BSE,STK,532259,INE372A01015,APARINDS,A,,,,,APAR INDUSTRIES LTD.,16175.50,16175.50,15650.45,15691.70,15691.70,15981.65,,15695.00,,,13338,212820633.00,1466,F1,1,,,,,
2026-06-30,2026-06-30,CM,BSE,STK,532262,INE920B01019,TCIIND,X,,,,,TCI INDUSTRIES LTD.,1315.05,1368.05,1302.00,1323.00,1323.00,1370.05,,1323.00,,,1087,1418513.00,21,F1,1,,,,,
2026-06-30,2026-06-30,CM,BSE,STK,532268,INE793A01012,ACCELYA,B,,,,,ACCELYA SOLUTIONS INDIA LIMITE,1100.30,1109.35,1094.85,1096.25,1102.20,1100.90,,1098.00,,,440,485180.00,113,F1,1,,,,,
2026-06-30,2026-06-30,CM,BSE,STK,532271,INE215B01022,ORCHASP,B,,,,,ORCHASP LIMITED,1.96,2.06,1.90,2.00,2.00,2.00,,1.99,,,22467,44820.00,64,F1,1,,,,,
2026-06-30,2026-06-30,CM,BSE,STK,532275,INE394C01023,LANDMARC,X,,,,,LANDMARC LEISURE CORPORATION L,1.86,1.86,1.73,1.76,1.74,1.81,,1.76,,,46835,82990.00,73,F1,1,,,,,
2026-06-30,2026-06-30,CM,BSE,STK,532281,INE860A01027,HCLTECH,A,,,,,HCL TECHNOLOGIES LTD.,1104.30,1105.65,1069.00,1072.00,1072.00,1103.15,,1071.80,,,228337,246705292.00,15082,F1,1,,,,,
2026-06-30,2026-06-30,CM,BSE,STK,532284,INE389D01013,TCFCFINQ,X,,,,,TCFC FINANCE LTD.,23.99,24.20,23.20,23.78,24.00,23.61,,23.78,,,1449,34332.00,30,F1,1,,,,,
2026-06-30,2026-06-30,CM,BSE,STK,532285,INE007B01023,GEOJITFSL,B,,,,,Geojit Financial Services Limi,78.00,78.53,77.00,77.48,77.00,77.32,,77.62,,,11672,906810.00,255,F1,1,,,,,
2026-06-30,2026-06-30,CM,BSE,STK,532286,INE749A01030,JINDALSTEL,A,,,,,JINDAL STEEL LIMITED,1067.00,1073.15,1055.00,1059.70,1059.00,1068.15,,1060.10,,,29573,31408292.00,1612,F1,1,,,,,
2026-06-30,2026-06-30,CM,BSE,STK,532290,INE791A01024,BLBLIMITED,B,,,,,BLB LTD.,15.01,15.97,14.79,15.51,15.51,15.11,,15.53,,,8837,135156.00,87,F1,1,,,,,
2026-06-30,2026-06-30,CM,BSE,STK,532296,INE935A01035,GLENMARK,A,,,,,GLENMARK PHARMACEUTICALS LTD.,2193.75,2220.05,2184.35,2204.90,2204.90,2186.20,,2204.30,,,12549,27667447.00,1812,F1,1,,,,,
2026-06-30,2026-06-30,CM,BSE,STK,532300,INE049B01025,WOCKPHARMA,A,,,,,WOCKHARDT LTD.,1959.00,1962.45,1924.15,1942.00,1942.00,1949.05,,1941.40,,,45188,87708934.00,3581,F1,1,,,,,
2026-06-30,2026-06-30,CM,BSE,STK,532303,INE934A01012,INTEGHIT,X,,,,,INTEGRATED HITECH LTD.,3.70,3.92,3.63,3.76,3.73,3.75,,3.76,,,1096,4030.00,13,F1,1,,,,,
2026-06-30,2026-06-30,CM,BSE,STK,532304,INE602C01011,KJMCCORP,X,,,,,KJMC CORPORATE ADVISORS (INDIA,56.80,61.00,54.70,56.19,56.00,61.98,,56.19,,,376,21470.00,22,F1,1,,,,,
2026-06-30,2026-06-30,CM,BSE,STK,532305,INE915B01019,INDSWFTLAB,B,,,,,IND-SWIFT LABORATORIES LTD.,207.80,208.05,201.00,203.30,204.60,205.35,,203.52,,,55753,11339985.00,689,F1,1,,,,,
2026-06-30,2026-06-30,CM,BSE,STK,532309,INE878A01011,GVPIL,B,,,,,GE Power India Ltd,924.80,964.00,902.50,911.65,909.60,937.65,,910.95,,,38318,35628621.00,1921,F1,1,,,,,
2026-06-30,2026-06-30,CM,BSE,STK,532310,INE879A01019,SHREERAMA,B,,,,,SHREE RAMA MULTI-TECH LTD.,42.50,42.76,42.00,42.61,42.76,42.50,,42.63,,,2239,95474.00,74,F1,1,,,,,
2026-06-30,2026-06-30,CM,BSE,STK,532313,INE813A01018,MAHLIFE,A,,,,,MAHINDRA LIFESPACE DEVELOPERS,371.00,371.50,365.25,366.65,366.40,367.05,,366.45,,,40583,14890627.00,513,F1,1,,,,,
2026-06-30,2026-06-30,CM,BSE,STK,532315,INE042B01012,GROARC,X,,,,,GROARC INDUSTRIES INDIA LIMITE,5.64,5.89,5.49,5.66,5.66,5.66,,5.66,,,5295,29591.00,21,F1,1,,,,,
2026-06-30,2026-06-30,CM,BSE,STK,532320,INE418B01048,VAARAD,X,,,,,VAARAD VENTURES LTD,9.38,10.10,9.23,9.51,9.51,9.54,,9.51,,,3721,36035.00,25,F1,1,,,,,
2026-06-30,2026-06-30,CM,BSE,STK,532321,INE010B01027,ZYDUSLIFE,A,,,,,Zydus Lifesciences Limited,1122.00,1128.50,1109.45,1112.20,1112.20,1121.65,,1112.60,,,74685,83730642.00,3942,F1,1,,,,,
2026-06-30,2026-06-30,CM,BSE,STK,532323,INE555C01029,SHIVACEM,X,,,,,SHIVA CEMENT LTD.,17.22,17.72,17.22,17.45,17.41,17.22,,17.45,,,99732,1750127.00,248,F1,1,,,,,
2026-06-30,2026-06-30,CM,BSE,STK,532324,INE039B01026,CINEVISTA,B,,,,,CINEVISTA LTD.,19.85,19.85,17.06,17.57,17.67,18.31,,17.53,,,55909,989287.00,264,F1,1,,,,,
2026-06-30,2026-06-30,CM,BSE,STK,532326,INE781A01025,INTENTECH,B,,,,,INTENSE TECHNOLOGIES LTD.,100.87,100.87,98.00,98.11,98.11,99.49,,98.88,,,552,54744.00,23,F1,1,,,,,
2026-06-30,2026-06-30,CM,BSE,STK,532329,INE310B01013,DANLAW,XT,,,,,DANLAW TECHNOLOGIES INDIA LTD.,1019.90,1050.00,1010.00,1041.65,1041.65,1019.25,,1041.65,,,3886,4012295.00,127,F1,1,,,,,
2026-06-30,2026-06-30,CM,BSE,STK,532331,INE031B01049,AJANTPHARM,A,,,,,AJANTA PHARMA LTD.,3328.50,3431.00,3270.00,3422.70,3422.70,3377.90,,3422.70,,,9223,30898614.00,732,F1,1,,,,,
2026-06-30,2026-06-30,CM,BSE,STK,532332,INE117B01020,CURAA,B,,,,,CURA TECHNOLOGIES LTD.,76.19,86.60,76.19,86.60,86.60,84.65,,82.99,,,355,27292.00,8,F1,1,,,,,
2026-06-30,2026-06-30,CM,BSE,STK,532333,INE638B01025,HBPOR,X,,,,,HB PORTFOLIO LTD.,55.86,61.35,54.00,55.32,55.01,58.22,,55.32,,,5063,283679.00,93,F1,1,,,,,
2026-06-30,2026-06-30,CM,BSE,STK,532334,INE640B01021,HBESD,B,,,,,HB ESTATE DEVELOPERS LTD.,72.50,81.50,72.50,81.48,81.50,72.50,,81.22,,,266,21265.00,14,F1,1,,,,,
2026-06-30,2026-06-30,CM,BSE,STK,532335,INE792B01012,AMBICAAGAR,B,,,,,AMBICA AGARBATHIES & AROMA IND,25.98,25.99,25.98,25.99,25.99,24.10,,25.33,,,1250,32477.00,10,F1,1,,,,,
2026-06-30,2026-06-30,CM,BSE,STK,532339,INE453B01029,COMPUSOFT,B,,,,,COMPUCOM SOFTWARE LTD.,12.80,13.48,12.80,13.40,13.40,13.24,,13.28,,,1287,17226.00,17,F1,1,,,,,
2026-06-30,2026-06-30,CM,BSE,STK,532340,INE369B01019,OMNIAX,X,,,,,OMNI AXS SOFTWARE LTD.,3.45,3.78,3.43,3.75,3.77,3.44,,3.75,,,5417,18930.00,14,F1,1,,,,,
2026-06-30,2026-06-30,CM,BSE,STK,532341,INE848A01014,IZMO,B,,,,,IZMO Limited,953.95,1021.90,953.95,1021.90,1021.90,973.25,,1019.80,,,15187,15401784.00,772,F1,1,,,,,
2026-06-30,2026-06-30,CM,BSE,STK,532343,INE494B01023,TVSMOTOR,A,,,,,TVS MOTOR COMPANY LTD.,3494.95,3510.00,3428.50,3463.60,3472.00,3460.50,,3460.70,,,35070,121872024.00,4804,F1,1,,,,,
2026-06-30,2026-06-30,CM,BSE,STK,532344,INE002B01016,MADALA,X,,,,,MADALA HOLDINGS LIMITED,193.95,194.00,193.95,194.00,194.00,194.95,,194.00,,,18,3491.00,5,F1,1,,,,,
2026-06-30,2026-06-30,CM,BSE,STK,532348,INE754A01055,SUBEXLTD,T,,,,,SUBEX LTD.,11.30,11.75,11.21,11.65,11.75,11.20,,11.63,,,105958,1217972.00,186,F1,1,,,,,
2026-06-30,2026-06-30,CM,BSE,STK,532349,INE688A01022,TCI,B,,,,,TRANSPORT CORPORATION OF INDIA,934.80,949.00,924.35,924.35,924.35,934.80,,924.65,,,2241,2082239.00,114,F1,1,,,,,
2026-06-30,2026-06-30,CM,BSE,STK,532350,INE243B01016,PADMALAYAT,Z,,,,,PADMALAYA TELEFILMS LTD.,4.22,4.43,4.06,4.15,4.15,4.22,,4.15,,,4467,19184.00,8,F1,1,,,,,
2026-06-30,2026-06-30,CM,BSE,STK,532351,INE523B01011,AKSHOPTFBR,T,,,,,AKSH OPTIFIBRE LTD.,7.04,7.04,7.04,7.04,7.04,7.18,,7.04,,,13408,94392.00,17,F1,1,,,,,
2026-06-30,2026-06-30,CM,BSE,STK,532354,INE400B01020,VIRGOGLOB,XT,,,,,Virgo Global Limited,6.02,6.02,6.02,6.02,6.02,6.14,,6.02,,,67,403.00,4,F1,1,,,,,
2026-06-30,2026-06-30,CM,BSE,STK,532355,INE448B01029,PICTUREHS,XT,,,,,PICTUREHOUSE MEDIA LTD.,8.04,8.04,8.03,8.03,8.03,8.04,,8.03,,,1547,12437.00,6,F1,1,,,,,
2026-06-30,2026-06-30,CM,BSE,STK,532356,INE256C01024,TRIVENI,A,,,,,TRIVENI ENGINEERING & INDUSTRI,411.55,424.00,411.35,422.30,422.30,411.60,,422.55,,,13366,5593619.00,507,F1,1,,,,,
2026-06-30,2026-06-30,CM,BSE,STK,532357,INE374B01019,MUKTAARTS,T,,,,,MUKTA ARTS LTD.,59.99,59.99,57.73,57.73,57.73,60.76,,58.05,,,246,14265.00,7,F1,1,,,,,
2026-06-30,2026-06-30,CM,BSE,STK,532359,INE309B01023,HITKITGLO,X,,,,,HIT KIT GLOBAL SOLUTIONS LTD.,2.38,2.46,2.24,2.27,2.27,2.35,,2.27,,,209799,485264.00,168,F1,1,,,,,
2026-06-30,2026-06-30,CM,BSE,STK,532362,INE099E01016,NAGPI,X,,,,,NAGPUR POWER & INDUSTRIES LTD.,149.95,149.95,140.00,140.00,140.00,144.10,,140.00,,,1400,205971.00,12,F1,1,,,,,
2026-06-30,2026-06-30,CM,BSE,STK,532365,INE417B01040,DSSL,B,,,,,DYNACONS SYSTEMS & SOLUTIONS L,1323.95,1385.00,1323.95,1368.70,1368.70,1321.40,,1364.20,,,2644,3592275.00,337,F1,1,,,,,
2026-06-30,2026-06-30,CM,BSE,STK,532366,INE859A01011,PNBGILTS,B,,,,,PNB GILTS LTD.,91.15,95.99,89.71,92.37,92.13,90.32,,92.27,,,131182,12225911.00,878,F1,1,,,,,
2026-06-30,2026-06-30,CM,BSE,STK,532368,INE425B01027,BCG,B,,,,,BRIGHTCOM GROUP LIMITED,9.85,9.99,9.76,9.82,9.82,9.87,,9.81,,,371590,3649420.00,677,F1,1,,,,,
2026-06-30,2026-06-30,CM,BSE,STK,532369,INE614A01028,RAMCOIND,B,,,,,RAMCO INDUSTRIES LTD.,335.50,345.45,334.90,339.05,339.05,332.80,,338.85,,,74666,25370968.00,1545,F1,1,,,,,
2026-06-30,2026-06-30,CM,BSE,STK,532370,INE246B01019,RAMCOSYS,B,,,,,RAMCO SYSTEMS LTD.,829.95,873.25,794.40,837.50,837.50,793.90,,836.10,,,1313388,1097536882.00,23415,F1,1,,,,,
2026-06-30,2026-06-30,CM,BSE,STK,532371,INE517B01013,TTML,A,,,,,TATA TELESERVICES (MAHARASHTRA,42.21,43.40,41.95,42.81,42.81,42.01,,42.81,,,240492,10266582.00,1315,F1,1,,,,,
2026-06-30,2026-06-30,CM,BSE,STK,532372,INE539B01017,VIRINCHI,B,,,,,Virinchi Limited,16.50,16.80,16.10,16.16,16.15,16.22,,16.20,,,10064,164124.00,41,F1,1,,,,,
2026-06-30,2026-06-30,CM,BSE,STK,532373,INE434B01029,WEPSOLN,X,,,,,WEP SOLUTIONS LTD.,26.10,26.10,23.13,23.58,23.58,25.70,,23.58,,,22727,538285.00,157,F1,1,,,,,
2026-06-30,2026-06-30,CM,BSE,STK,532374,INE089C01029,STLTECH,T,,,,,STERLITE TECHNOLOGIES LTD.,619.55,638.00,607.00,614.15,614.15,625.85,,613.35,,,93615,58154794.00,1834,F1,1,,,,,
2026-06-30,2026-06-30,CM,BSE,STK,532375,INE716B01029,TIPSMUSIC,A,,,,,TIPS MUSIC LIMITED,621.60,641.20,621.60,629.65,638.00,623.30,,626.85,,,4169,2637164.00,213,F1,1,,,,,
2026-06-30,2026-06-30,CM,BSE,STK,532376,INE398B01018,UMIYA-MRO,B,,,,,UMIYA BUILDCON LIMITED,92.50,92.50,90.05,91.50,91.80,92.64,,91.36,,,1750,160303.00,81,F1,1,,,,,
2026-06-30,2026-06-30,CM,BSE,STK,532378,INE464B01018,UNIVARTS,X,,,,,UNIVERSAL ARTS LTD.,4.60,5.60,4.60,5.30,5.30,5.74,,5.30,,,19703,97694.00,20,F1,1,,,,,
2026-06-30,2026-06-30,CM,BSE,STK,532379,INE683B01047,FIRSTFIN,XT,,,,,FIRST FINTEC LIMITED,8.30,9.00,8.25,8.78,8.84,8.66,,8.78,,,2926,25494.00,24,F1,1,,,,,
2026-06-30,2026-06-30,CM,BSE,STK,532380,INE893A01036,BABA,X,,,,,BABA ARTS LTD.,16.85,16.85,15.16,15.55,15.55,15.32,,15.55,,,635825,10501222.00,519,F1,1,,,,,
2026-06-30,2026-06-30,CM,BSE,STK,532382,INE794B01026,BALAJITELE,B,,,,,BALAJI TELEFILMS LTD.,87.35,89.00,86.81,88.09,88.48,86.64,,88.25,,,16517,1461796.00,258,F1,1,,,,,
2026-06-30,2026-06-30,CM,BSE,STK,532384,INE443B01012,TYCHE,X,,,,,TYCHE INDUSTRIES LTD.,129.50,132.00,126.50,128.90,128.30,128.15,,128.90,,,10243,1311200.00,82,F1,1,,,,,
2026-06-30,2026-06-30,CM,BSE,STK,532386,INE526B01014,CALSOFT,T,,,,,CALIFORNIA SOFTWARE CO.LTD.,23.01,23.92,22.69,22.92,23.00,23.58,,22.90,,,9821,226929.00,70,F1,1,,,,,
2026-06-30,2026-06-30,CM,BSE,STK,532387,INE392B01011,PNC,B,,,,,PRITISH NANDY COMMUNICATIONS L,21.57,22.28,21.57,22.28,22.28,21.57,,21.29,,,56,1208.00,12,F1,1,,,,,
2026-06-30,2026-06-30,CM,BSE,STK,532388,INE565A01014,IOB,A,,,,,INDIAN OVERSEAS BANK,34.30,34.35,34.00,34.10,34.20,34.01,,34.09,,,184497,6296873.00,867,F1,1,,,,,
2026-06-30,2026-06-30,CM,BSE,STK,532390,INE586B01026,TAJGVK,B,,,,,TAJGVK HOTELS & RESORTS LTD.,327.50,339.55,327.50,337.00,337.50,326.70,,337.15,,,6692,2234537.00,244,F1,1,,,,,
2026-06-30,2026-06-30,CM,BSE,STK,532392,INE230B01021,CREATIVEYE,B,,,,,CREATIVE EYE LTD.,6.25,6.54,5.68,6.53,6.53,6.10,,6.19,,,543,3305.00,17,F1,1,,,,,
2026-06-30,2026-06-30,CM,BSE,STK,532395,INE555B01013,AXISCADES,B,,,,,AXISCADES TECHNOLOGIES LIMITED,1720.40,1784.55,1655.70,1673.75,1673.75,1699.60,,1688.60,,,1267967,2124606515.00,24156,F1,1,,,,,
2026-06-30,2026-06-30,CM,BSE,STK,532397,INE971A01014,KONNDOR,XT,,,,,KONNDOR INDUSTRIES LIMITED,23.24,23.50,22.70,22.70,22.70,23.60,,22.70,,,83348,1915276.00,9,F1,1,,,,,
2026-06-30,2026-06-30,CM,BSE,STK,532398,INE240C01028,UMESLTD,B,,,,,USHA MARTIN EDUCATION & SOLUTI,5.80,6.01,5.80,6.01,6.01,5.73,,6.01,,,112819,677480.00,50,F1,1,,,,,
2026-06-30,2026-06-30,CM,BSE,STK,532400,INE836A01035,BSOFT,A,,,,,BIRLASOFT LIMITED,299.95,299.95,285.05,286.45,286.45,299.30,,286.30,,,253019,72703581.00,8010,F1,1,,,,,
2026-06-30,2026-06-30,CM,BSE,STK,532402,INE718B01017,USGTECH,XT,,,,,USG TECH SOLUTIONS LTD.,11.54,11.54,11.54,11.54,11.54,11.77,,11.54,,,81989,946153.00,12,F1,1,,,,,
2026-06-30,2026-06-30,CM,BSE,STK,532404,INE856B01023,7TEC,X,,,,,SAVEN TECHNOLOGIES LTD.,41.00,41.00,39.29,40.01,40.01,39.68,,40.01,,,6321,252748.00,157,F1,1,,,,,
2026-06-30,2026-06-30,CM,BSE,STK,532406,INE005B01027,AVANTEL,A,,,,,AVANTEL LTD.,174.50,181.40,171.95,179.05,179.65,171.75,,179.12,,,229161,40785528.00,2676,F1,1,,,,,
2026-06-30,2026-06-30,CM,BSE,STK,532407,INE935B01025,MOSCHIP,A,,,,,MOSCHIP TECHNOLOGIES LIMITED,202.60,208.10,202.30,206.55,207.00,201.75,,206.49,,,129575,26621945.00,1949,F1,1,,,,,
2026-06-30,2026-06-30,CM,BSE,STK,532408,INE933B01012,SIGMAADV,T,,,,,SIGMA ADVANCED SYSTEMS LIMITED,554.50,554.50,554.50,554.50,554.50,583.65,,554.95,,,29964,16615038.00,559,F1,1,,,,,
2026-06-30,2026-06-30,CM,BSE,STK,532410,INE330E01023,TRANSCOR,X,,,,,TRANSCORP INTERNATIONAL LTD.,27.49,27.49,26.36,26.45,26.76,26.68,,26.45,,,4027,108517.00,62,F1,1,,,,,
2026-06-30,2026-06-30,CM,BSE,STK,532413,INE345B01019,CEREBRAINT,Z,,,,,CEREBRA INTEGRATED TECHNOLOGIE,3.41,3.68,3.41,3.50,3.50,3.58,,3.37,,,28033,96366.00,75,F1,1,,,,,
2026-06-30,2026-06-30,CM,BSE,STK,532416,INE747B01016,NEXTMEDIA,B,,,,,NEXT MEDIAWORKS LTD.,3.96,3.96,3.88,3.90,3.90,4.04,,3.97,,,279,1086.00,4,F1,1,,,,,
2026-06-30,2026-06-30,CM,BSE,STK,532419,INE178C01020,SMARTLINK,T,,,,,Smartlink Holdings Limited,172.00,180.90,172.00,180.60,180.00,181.00,,180.07,,,181,32546.00,5,F1,1,,,,,
2026-06-30,2026-06-30,CM,BSE,STK,532424,INE102D01028,GODREJCP,A,,,,,GODREJ CONSUMER PRODUCTS LTD.,1021.40,1023.75,1007.00,1010.10,1014.00,1021.40,,1010.00,,,26436,26752350.00,620,F1,1,,,,,
2026-06-30,2026-06-30,CM,BSE,STK,532425,INE256D01014,GENUSPRIME,XT,,,,,GENUS PRIME INFRA LIMITED,32.84,34.30,31.20,31.33,31.89,32.84,,31.33,,,6033,193686.00,58,F1,1,,,,,
2026-06-30,2026-06-30,CM,BSE,STK,532430,INE243D01012,BFUTILITIE,B,,,,,BF UTILITIES LTD.,610.60,619.00,603.30,607.75,611.25,604.25,,608.50,,,1667,1017661.00,163,F1,1,,,,,
2026-06-30,2026-06-30,CM,BSE,STK,532432,INE854D01024,UNITDSPR,A,,,,,UNITED SPIRITS LTD.,1354.55,1363.30,1330.60,1350.45,1350.00,1340.75,,1350.40,,,36071,48642688.00,2251,F1,1,,,,,
2026-06-30,2026-06-30,CM,BSE,STK,532435,INE799C01049,SANINFRA,XT,,,,,SANMIT INFRA LIMITED,51.38,53.00,51.38,52.50,53.00,54.08,,52.50,,,7248,373866.00,167,F1,1,,,,,
2026-06-30,2026-06-30,CM,BSE,STK,532439,INE260D01016,OLECTRA,A,,,,,OLECTRA GREENTECH LIMITED,1477.25,1515.05,1452.00,1500.30,1496.00,1475.55,,1499.60,,,45700,67949474.00,2600,F1,1,,,,,
2026-06-30,2026-06-30,CM,BSE,STK,532440,INE943D01017,MPSLTD,B,,,,,MPS LTD.,1885.95,1900.00,1860.00,1892.45,1884.85,1889.70,,1888.60,,,413,777106.00,110,F1,1,,,,,
2026-06-30,2026-06-30,CM,BSE,STK,532443,INE739E01017,CERA,A,,,,,CERA SANITARYWARE LTD.,6475.85,6475.85,6370.00,6450.05,6461.35,6456.50,,6451.50,,,495,3166115.00,179,F1,1,,,,,
2026-06-30,2026-06-30,CM,BSE,STK,532444,INE541C01037,TSPIRITUAL,XT,,,,,T.SPIRITUAL WORLD LTD.,2.01,2.01,1.94,2.00,2.00,2.04,,2.00,,,637,1246.00,11,F1,1,,,,,
2026-06-30,2026-06-30,CM,BSE,STK,532454,INE397D01024,BHARTIARTL,A,,,,,BHARTI AIRTEL LTD.,1850.50,1876.90,1844.00,1852.05,1859.85,1842.10,,1852.00,,,359453,670464841.00,10589,F1,1,,,,,
2026-06-30,2026-06-30,CM,BSE,STK,532455,INE655D01025,SHALIWIR,X,,,,,SHALIMAR WIRES INDUSTRIES LTD.,17.71,17.71,17.49,17.71,17.71,17.71,,17.71,,,1280,22507.00,21,F1,1,,,,,
2026-06-30,2026-06-30,CM,BSE,STK,532456,INE070C01037,COMPINFO,Z,,,,,COMPUAGE INFOCOM LTD.,1.24,1.35,1.24,1.32,1.35,1.30,,1.26,,,2566,3197.00,8,F1,1,,,,,
2026-06-30,2026-06-30,CM,BSE,STK,532457,INE255D01024,GULPOLY,B,,,,,GULSHAN POLYOLS LTD.,191.85,193.05,187.65,188.25,187.65,191.95,,188.14,,,11483,2189630.00,284,F1,1,,,,,
2026-06-30,2026-06-30,CM,BSE,STK,532460,INE838E01017,PONNIERODE,B,,,,,PONNI SUGARS (ERODE) LTD.,311.00,312.25,305.00,310.75,310.75,307.30,,309.85,,,456,141245.00,42,F1,1,,,,,
2026-06-30,2026-06-30,CM,BSE,STK,532461,INE160A01022,PNB,A,,,,,PUNJAB NATIONAL BANK,106.90,107.80,106.25,106.80,106.80,107.00,,106.69,,,719708,76952640.00,5246,F1,1,,,,,
2026-06-30,2026-06-30,CM,BSE,STK,532466,INE881D01027,OFSS,A,,,,,ORACLE FINANCIAL SERVICES SOFT,10983.45,10983.45,10716.90,10772.75,10743.00,10855.80,,10775.50,,,12162,131718708.00,1519,F1,1,,,,,
2026-06-30,2026-06-30,CM,BSE,STK,532467,INE550F01049,HAZOOR,B,,,,,HAZOOR MULTI PROJECTS LTD.,24.80,25.39,24.59,25.26,25.26,24.41,,25.26,,,412436,10374786.00,673,F1,1,,,,,
2026-06-30,2026-06-30,CM,BSE,STK,532468,INE411F01010,KAMAHOLD,A,,,,,KAMA HOLDINGS LIMITED,2551.30,2625.00,2550.00,2595.70,2607.35,2565.50,,2581.50,,,1313,3396549.00,276,F1,1,,,,,
2026-06-30,2026-06-30,CM,BSE,STK,532475,INE266F01018,APTECHT,T,,,,,APTECH LTD.,103.85,106.90,102.50,103.30,103.50,103.05,,103.56,,,5963,619320.00,85,F1,1,,,,,
2026-06-30,2026-06-30,CM,BSE,STK,532477,INE692A01016,UNIONBANK,A,,,,,UNION BANK OF INDIA,176.20,176.20,171.90,172.40,172.40,174.55,,172.43,,,656221,113642360.00,2927,F1,1,,,,,
2026-06-30,2026-06-30,CM,BSE,STK,532478,INE686F01025,UBL,A,,,,,UNITED BREWERIES LTD.,1320.55,1347.30,1320.55,1338.05,1331.50,1322.60,,1337.00,,,5173,6921680.00,433,F1,1,,,,,
2026-06-30,2026-06-30,CM,BSE,STK,532481,INE781B01015,NOIDATOLL,T,,,,,NOIDA TOLL BRIDGE COMPANY LTD.,4.76,4.85,4.62,4.69,4.69,4.76,,4.73,,,8852,42155.00,66,F1,1,,,,,
2026-06-30,2026-06-30,CM,BSE,STK,532482,INE101D01020,GRANULES,A,,,,,GRANULES INDIA LTD.,799.00,817.90,792.45,813.05,805.00,801.65,,813.25,,,148433,118908888.00,3927,F1,1,,,,,
2026-06-30,2026-06-30,CM,BSE,STK,532483,INE476A01022,CANBK,A,,,,,CANARA BANK,126.55,127.15,124.60,125.45,125.45,125.90,,125.50,,,9887169,1240602079.00,10982,F1,1,,,,,
2026-06-30,2026-06-30,CM,BSE,STK,532485,INE525F01025,BLIL,B,,,,,BALMER LAWRIE INVESTMENTS LTD.,71.51,71.76,71.30,71.43,71.63,71.63,,71.44,,,8420,602392.00,233,F1,1,,,,,
2026-06-30,2026-06-30,CM,BSE,STK,532486,INE637C01025,POKARNA,B,,,,,POKARNA LTD.,1053.20,1084.10,1028.40,1035.20,1032.10,1055.10,,1037.15,,,3259,3423140.00,193,F1,1,,,,,
2026-06-30,2026-06-30,CM,BSE,STK,532488,INE361B01024,DIVISLAB,A,,,,,DIVIS LABORATORIES LTD.,6583.95,6641.45,6534.75,6577.75,6602.05,6562.25,,6579.00,,,14543,95647005.00,3448,F1,1,,,,,
2026-06-30,2026-06-30,CM,BSE,STK,532493,INE386C01029,ASTRAMICRO,A,,,,,ASTRA MICROWAVE PRODUCTS LTD.,1747.15,1779.10,1725.85,1762.20,1761.40,1725.95,,1761.60,,,41559,73225561.00,2510,F1,1,,,,,
2026-06-30,2026-06-30,CM,BSE,STK,532497,INE944F01028,RADICO,A,,,,,RADICO KHAITAN LTD.,3881.25,3976.45,3860.40,3945.90,3945.90,3881.80,,3945.50,,,172630,684711333.00,3353,F1,1,,,,,
2026-06-30,2026-06-30,CM,BSE,STK,532500,INE585B01010,MARUTI,A,,,,,MARUTI SUZUKI INDIA LTD.,13780.05,14190.00,13510.00,14119.75,14119.75,13429.20,,14115.00,,,112662,1574056160.00,23675,F1,1,,,,,
2026-06-30,2026-06-30,CM,BSE,STK,532503,INE296E01026,RAJPALAYAM,B,,,,,RAJAPALAYAM MILLS LTD.,849.95,850.00,831.75,837.00,837.00,823.45,,843.00,,,2212,1864897.00,102,F1,1,,,,,
2026-06-30,2026-06-30,CM,BSE,STK,532504,INE048G01026,NAVINFLUOR,A,,,,,NAVIN FLUORINE INTERNATIONAL L,7482.00,7750.00,7482.00,7702.25,7700.00,7479.15,,7687.00,,,2260,17306762.00,520,F1,1,,,,,
2026-06-30,2026-06-30,CM,BSE,STK,532505,INE691A01018,UCOBANK,A,,,,,UCO BANK,26.90,27.26,26.77,26.99,26.99,26.86,,26.99,,,401859,10821668.00,1468,F1,1,,,,,
2026-06-30,2026-06-30,CM,BSE,STK,532507,INE116D01028,BAGFILMS,B,,,,,B.A.G.FILMS & MEDIA LTD.,4.41,4.66,4.40,4.55,4.56,4.52,,4.54,,,16054,73300.00,71,F1,1,,,,,
2026-06-30,2026-06-30,CM,BSE,STK,532508,INE220G01021,JSL,A,,,,,JINDAL STAINLESS LTD.,683.10,706.75,683.10,692.40,695.65,682.50,,692.65,,,15747,10967602.00,769,F1,1,,,,,
2026-06-30,2026-06-30,CM,BSE,STK,532509,INE399C01030,SUPRAJIT,B,,,,,SUPRAJIT ENGINEERING LTD.,459.45,467.70,456.60,460.75,460.50,459.25,,460.90,,,3014,1392502.00,155,F1,1,,,,,
2026-06-30,2026-06-30,CM,BSE,STK,532513,INE236G01019,TVSELECT,B,,,,,TVS ELECTRONICS LTD.,509.75,519.30,498.00,510.00,508.40,505.70,,511.45,,,6953,3533238.00,291,F1,1,,,,,
2026-06-30,2026-06-30,CM,BSE,STK,532514,INE203G01027,IGL,A,,,,,INDRAPRASTHA GAS LTD.,165.20,168.80,164.20,164.80,164.80,165.45,,164.78,,,108509,18073102.00,1500,F1,1,,,,,
2026-06-30,2026-06-30,CM,BSE,STK,532515,INE038F01029,TVTODAY,B,,,,,TV TODAY NETWORK LTD.,125.10,130.05,121.25,127.80,127.50,122.05,,127.54,,,6050,769576.00,246,F1,1,,,,,
2026-06-30,2026-06-30,CM,BSE,STK,532521,INE218G01033,PALREDTEC,T,,,,,PALRED TECHNOLOGIES LIMITED,58.50,59.26,58.50,59.26,59.26,58.10,,59.73,,,385,22579.00,4,F1,1,,,,,
2026-06-30,2026-06-30,CM,BSE,STK,532522,INE347G01014,PETRONET,A,,,,,PETRONET LNG LTD.,281.25,282.00,278.05,280.85,280.85,281.40,,280.80,,,44475,12476189.00,1861,F1,1,,,,,
2026-06-30,2026-06-30,CM,BSE,STK,532523,INE376G01013,BIOCON,A,,,,,BIOCON LTD.,415.50,421.05,411.05,418.40,418.00,415.25,,418.30,,,123163,51265015.00,2401,F1,1,,,,,
2026-06-30,2026-06-30,CM,BSE,STK,532524,INE877F01012,PTC,A,,,,,PTC INDIA LTD.,182.05,182.85,180.45,181.10,181.10,181.90,,180.98,,,42311,7688951.00,748,F1,1,,,,,
2026-06-30,2026-06-30,CM,BSE,STK,532525,INE457A01014,MAHABANK,A,,,,,BANK OF MAHARASHTRA,93.45,93.45,90.61,91.40,91.40,93.82,,91.44,,,881855,80808551.00,4284,F1,1,,,,,
2026-06-30,2026-06-30,CM,BSE,STK,532527,INE399G01023,RKFORGE,A,,,,,RAMKRISHNA FORGINGS LTD.,555.05,571.00,555.05,565.25,564.85,559.35,,564.90,,,7933,4474230.00,317,F1,1,,,,,
2026-06-30,2026-06-30,CM,BSE,STK,532528,INE365B01017,DATAMATICS,B,,,,,DATAMATICS GLOBAL SERVICES LTD,785.40,827.65,782.45,807.45,811.05,786.45,,808.10,,,7687,6122847.00,363,F1,1,,,,,
2026-06-30,2026-06-30,CM,BSE,STK,532529,INE155G01029,NDTV,B,,,,,NEW DELHI TELEVISION LTD.,81.28,81.28,80.00,80.03,80.03,80.10,,80.39,,,2718,218425.00,51,F1,1,,,,,
2026-06-30,2026-06-30,CM,BSE,STK,532531,INE939A01011,STAR,A,,,,,STRIDES PHARMA SCIENCE LIMITED,1110.00,1115.30,1083.30,1093.25,1087.95,1102.75,,1092.90,,,5833,6384077.00,309,F1,1,,,,,
2026-06-30,2026-06-30,CM,BSE,STK,532538,INE481G01011,ULTRACEMCO,A,,,,,ULTRATECH CEMENT LTD.,11386.45,11386.45,11220.00,11269.85,11300.00,11336.20,,11254.00,,,18309,206531688.00,3262,F1,1,,,,,
2026-06-30,2026-06-30,CM,BSE,STK,532539,INE405E01023,UNOMINDA,A,,,,,UNO Minda Limited,1090.35,1107.00,1067.75,1087.45,1094.50,1091.55,,1087.80,,,41678,45275384.00,2864,F1,1,,,,,
2026-06-30,2026-06-30,CM,BSE,STK,532540,INE467B01029,TCS,A,,,,,TATA CONSULTANCY SERVICES LTD.,2096.95,2103.15,2018.90,2034.05,2034.05,2096.95,,2031.60,,,323401,660430854.00,17253,F1,1,,,,,
2026-06-30,2026-06-30,CM,BSE,STK,532541,INE591G01025,COFORGE,A,,,,,COFORGE LIMITED,1499.85,1500.85,1458.15,1466.90,1466.90,1491.70,,1465.70,,,132560,196340703.00,6803,F1,1,,,,,
2026-06-30,2026-06-30,CM,BSE,STK,532543,INE586G01017,GULFPETRO,T,,,,,GP PETROLEUMS LTD,38.90,38.90,37.57,37.83,37.65,39.00,,38.19,,,1351,51266.00,16,F1,1,,,,,
2026-06-30,2026-06-30,CM,BSE,STK,532548,INE348B01021,CENTURYPLY,A,,,,,CENTURY PLYBOARDS (I) LTD.,744.05,751.40,734.85,749.45,750.00,741.05,,748.95,,,2869,2121139.00,277,F1,1,,,,,
2026-06-30,2026-06-30,CM,BSE,STK,532553,INE625G01013,WELENT,A,,,,,WELSPUN ENTERPRISES LIMTED,575.60,610.50,575.60,602.25,602.00,574.55,,601.50,,,44657,26518355.00,1438,F1,1,,,,,
2026-06-30,2026-06-30,CM,BSE,STK,532555,INE733E01010,NTPC,A,,,,,NTPC LTD.,356.20,358.00,352.95,356.75,356.75,356.00,,356.65,,,2540997,905736611.00,4216,F1,1,,,,,
2026-06-30,2026-06-30,CM,BSE,STK,532604,INE658G01014,SALSTEEL,T,,,,,S.A.L.STEEL LTD.,52.10,56.75,52.10,53.80,55.00,54.57,,54.27,,,2917,159076.00,56,F1,1,,,,,
2026-06-30,2026-06-30,CM,BSE,STK,532605,INE927D01051,JBMA,A,,,,,JBM AUTO LTD.,687.95,702.30,681.85,697.05,699.40,684.10,,697.75,,,46062,31919366.00,1124,F1,1,,,,,
2026-06-30,2026-06-30,CM,BSE,STK,532610,INE366A01041,DWARKESH,B,,,,,DWARIKESH SUGAR INDUSTRIES LTD,44.13,44.13,42.79,43.24,43.24,43.40,,43.31,,,16560,715261.00,169,F1,1,,,,,
2026-06-30,2026-06-30,CM,BSE,STK,532612,INE873D01024,INDOCO,B,,,,,INDOCO REMEDIES LTD.,236.95,242.95,231.50,239.00,239.00,234.25,,239.21,,,13859,3285579.00,382,F1,1,,,,,
2026-06-30,2026-06-30,CM,BSE,STK,532613,INE450G01024,VIPCLOTHNG,T,,,,,VIP Clothing Limited,25.00,25.38,24.82,25.10,25.00,24.90,,24.99,,,1125,28502.00,17,F1,1,,,,,
2026-06-30,2026-06-30,CM,BSE,STK,532616,INE692G01013,XCHANGING,B,,,,,XCHANGING SOLUTIONS LTD.,62.44,62.44,60.75,61.19,61.19,61.76,,61.13,,,9427,576314.00,204,F1,1,,,,,
2026-06-30,2026-06-30,CM,BSE,STK,532621,INE161G01027,MORARJEE,Z,,,,,MORARJEE TEXTILES LTD.,8.58,8.58,8.58,8.58,8.58,9.03,,8.50,,,560,4804.00,3,F1,1,,,,,
2026-06-30,2026-06-30,CM,BSE,STK,532624,INE796G01012,JINDALPHOT,B,,,,,JINDAL PHOTO LTD.,1172.35,1249.55,1172.35,1208.60,1218.20,1100.75,,1210.80,,,18925,23163002.00,1496,F1,1,,,,,
2026-06-30,2026-06-30,CM,BSE,STK,532626,INE063E01053,POCL,B,,,,,PONDY OXIDES & CHEMICALS LTD.,1328.05,1394.80,1308.70,1373.45,1375.20,1304.15,,1374.90,,,29117,39737972.00,1702,F1,1,,,,,
2026-06-30,2026-06-30,CM,BSE,STK,532627,INE351F01018,JPPOWER,A,,,,,JAIPRAKASH POWER VENTURES LIMI,17.95,18.00,17.61,17.69,17.69,17.81,,17.67,,,3126646,55383146.00,4399,F1,1,,,,,
2026-06-30,2026-06-30,CM,BSE,STK,532628,INE748C01038,3IINFOLTD,B,,,,,3I INFOTECH LTD.,17.10,17.29,17.06,17.15,17.14,17.29,,17.17,,,34839,598298.00,144,F1,1,,,,,
2026-06-30,2026-06-30,CM,BSE,STK,532630,INE887G01027,GOKEX,A,,,,,GOKALDAS EXPORTS LTD.,846.70,879.70,846.70,873.75,870.60,850.25,,873.30,,,50218,43441766.00,2175,F1,1,,,,,
2026-06-30,2026-06-30,CM,BSE,STK,532633,INE835G01018,ALLDIGI,B,,,,,Alldigi Tech Limited,800.00,809.70,796.00,799.90,798.60,806.10,,798.95,,,152,122220.00,45,F1,1,,,,,
2026-06-30,2026-06-30,CM,BSE,STK,532636,INE530B01024,IIFL,A,,,,,IIFL FINANCE LIMITED,490.85,510.60,490.85,507.55,507.55,490.25,,507.80,,,82567,41475465.00,2116,F1,1,,,,,
2026-06-30,2026-06-30,CM,BSE,STK,532637,INE584F01014,MANGALAM,B,,,,,MANGALAM DRUGS & ORGANICS LTD.,28.40,29.27,28.05,28.52,28.52,28.39,,28.15,,,2196,62286.00,49,F1,1,,,,,
2026-06-30,2026-06-30,CM,BSE,STK,532638,INE498B01024,SHOPERSTOP,B,,,,,SHOPPERS STOP LTD.,365.00,365.70,356.00,358.10,358.20,364.00,,357.20,,,1105,399682.00,101,F1,1,,,,,
2026-06-30,2026-06-30,CM,BSE,STK,532640,INE278G01037,CYBERMEDIA,T,,,,,CYBER MEDIA (INDIA) LTD.,16.86,16.86,16.10,16.49,16.49,16.78,,16.34,,,335,5486.00,4,F1,1,,,,,
2026-06-30,2026-06-30,CM,BSE,STK,532641,INE875G01048,NDL,B,,,,,NANDAN DENIM LIMITED,2.35,2.44,2.35,2.42,2.42,2.35,,2.41,,,131833,315842.00,165,F1,1,,,,,
2026-06-30,2026-06-30,CM,BSE,STK,532642,INE824G01012,JSWHL,A,,,,,JSW HOLDINGS LIMITED,12005.05,12268.85,11959.15,12061.65,12061.65,12032.70,,12069.00,,,204,2457155.00,115,F1,1,,,,,
2026-06-30,2026-06-30,CM,BSE,STK,532644,INE823G01014,JKCEMENT,A,,,,,J.K.CEMENT LTD.,5341.50,5567.75,5312.75,5430.35,5430.35,5313.95,,5444.00,,,48717,267873003.00,1332,F1,1,,,,,
2026-06-30,2026-06-30,CM,BSE,STK,532645,INE052B01011,BEEYU,X,,,,,BEEYU OVERSEAS LTD.,2.62,2.77,2.55,2.70,2.77,2.62,,2.70,,,3184,8349.00,16,F1,1,,,,,
2026-06-30,2026-06-30,CM,BSE,STK,532648,INE528G01035,YESBANK,A,,,,,YES BANK LTD.,25.23,25.35,24.11,24.19,24.19,25.09,,24.18,,,9770568,240266448.00,37460,F1,1,,,,,
2026-06-30,2026-06-30,CM,BSE,STK,532649,INE023H01027,NECLIFE,T,,,,,NECTAR LIFESCIENCES LTD.,11.75,11.84,11.35,11.65,11.65,11.75,,11.63,,,30430,352834.00,73,F1,1,,,,,
2026-06-30,2026-06-30,CM,BSE,STK,532650,INE752G01015,MSPL,B,,,,,MSP STEEL & POWER LTD.,42.10,42.10,40.25,40.67,40.67,41.24,,40.66,,,30245,1237719.00,208,F1,1,,,,,
2026-06-30,2026-06-30,CM,BSE,STK,532651,INE978G01016,SPLIL,B,,,,,SPL INDUSTRIES LTD.,30.52,30.52,29.75,30.00,30.00,30.37,,30.32,,,46,1377.00,7,F1,1,,,,,
2026-06-30,2026-06-30,CM,BSE,STK,532652,INE614B01018,KTKBANK,A,,,,,KARNATAKA BANK LTD.,268.65,274.50,266.50,273.40,273.55,268.55,,273.40,,,49471,13382022.00,1102,F1,1,,,,,
2026-06-30,2026-06-30,CM,BSE,STK,532654,INE942G01012,MCLEODRUSS,T,,,,,MCLEOD RUSSEL INDIA LTD.,54.50,59.94,54.50,59.94,59.94,57.09,,59.93,,,125699,7433571.00,243,F1,1,,,,,
2026-06-30,2026-06-30,CM,BSE,STK,532656,INE828G01013,FACORALL,XT,,,,,FACOR ALLOYS LTD.,3.49,3.66,3.32,3.61,3.62,3.49,,3.61,,,284661,1000910.00,239,F1,1,,,,,
2026-06-30,2026-06-30,CM,BSE,STK,532660,INE526G01021,VIVIMEDLAB,T,,,,,VIVIMED LABS LTD.,6.30,6.30,5.76,5.76,5.85,6.04,,5.79,,,9378,55177.00,29,F1,1,,,,,
2026-06-30,2026-06-30,CM,BSE,STK,532661,INE050H01012,RML,B,,,,,RANE (MADRAS) LTD.,1127.85,1180.00,1119.40,1156.40,1153.15,1128.50,,1155.85,,,8359,9671194.00,672,F1,1,,,,,
2026-06-30,2026-06-30,CM,BSE,STK,532662,INE501G01024,HTMEDIA,B,,,,,HT MEDIA LTD.,22.30,22.40,21.60,21.79,22.00,21.86,,21.77,,,8556,186984.00,63,F1,1,,,,,
2026-06-30,2026-06-30,CM,BSE,STK,532663,INE231F01020,SASKEN,B,,,,,Sasken Technologies Limited,2200.00,2236.30,2150.60,2166.00,2161.00,2184.95,,2161.60,,,1292,2837389.00,219,F1,1,,,,,
2026-06-30,2026-06-30,CM,BSE,STK,532666,INE512B01022,FCSSOFT,T,,,,,FCS SOFTWARE SOLUTIONS LTD.,1.50,1.53,1.50,1.53,1.53,1.50,,1.53,,,92397,139707.00,49,F1,1,,,,,
2026-06-30,2026-06-30,CM,BSE,STK,532667,INE040H01021,SUZLON,A,,,,,SUZLON ENERGY LTD.,57.43,59.10,57.34,58.87,58.87,57.19,,58.90,,,5663143,329026502.00,35997,F1,1,,,,,
2026-06-30,2026-06-30,CM,BSE,STK,532668,INE132H01018,AURIONPRO,A,,,,,AURIONPRO SOLUTIONS LTD.,867.10,885.00,854.75,856.80,855.75,871.85,,857.15,,,7601,6599668.00,494,F1,1,,,,,
2026-06-30,2026-06-30,CM,BSE,STK,532670,INE087H01022,RENUKA,A,,,,,SHREE RENUKA SUGARS LTD.,22.34,22.42,22.09,22.14,22.18,22.29,,22.13,,,149535,3319123.00,919,F1,1,,,,,
2026-06-30,2026-06-30,CM,BSE,STK,532673,INE157H01023,KMSUGAR,B,,,,,K.M.SUGAR MILLS LTD.,26.04,26.04,25.91,25.92,25.91,25.91,,25.97,,,4520,117245.00,43,F1,1,,,,,
2026-06-30,2026-06-30,CM,BSE,STK,532674,INE186H01022,BASML,B,,,,,BANNARI AMMAN SPINNING MILLS L,27.58,29.30,26.92,28.28,27.91,27.37,,28.05,,,41101,1170609.00,489,F1,1,,,,,
2026-06-30,2026-06-30,CM,BSE,STK,532676,INE160H01019,PBAINFRA,XT,,,,,PBA INFRASTRUCTURE LTD.,13.80,13.80,12.66,13.68,13.68,13.32,,13.68,,,10512,138284.00,41,F1,1,,,,,
2026-06-30,2026-06-30,CM,BSE,STK,532683,INE212H01026,AIAENG,A,,,,,AIA ENGINEERING LTD.,4968.00,5175.00,4912.30,5083.05,5079.90,4952.20,,5081.60,,,30783,153739920.00,2386,F1,1,,,,,
2026-06-30,2026-06-30,CM,BSE,STK,532684,INE184H01027,EKC,B,,,,,EVEREST KANTO CYLINDER LTD.,118.70,118.70,116.15,117.00,116.50,117.10,,116.79,,,7198,843472.00,154,F1,1,,,,,
2026-06-30,2026-06-30,CM,BSE,STK,532686,INE202H01019,KERNEX,B,,,,,KERNEX MICROSYSTEMS (INDIA) LT,2094.95,2197.95,2075.10,2164.05,2164.05,2055.85,,2160.10,,,13152,27862791.00,995,F1,1,,,,,
2026-06-30,2026-06-30,CM,BSE,STK,532687,INE461B01014,REPRO,B,,,,,REPRO INDIA LTD.,378.00,378.00,368.05,368.05,368.05,366.35,,371.00,,,19,7011.00,7,F1,1,,,,,
2026-06-30,2026-06-30,CM,BSE,STK,532689,INE191H01014,PVRINOX,A,,,,,PVR INOX LIMITED,962.70,980.00,959.05,961.70,961.70,962.15,,961.65,,,8686,8371127.00,603,F1,1,,,,,
2026-06-30,2026-06-30,CM,BSE,STK,532694,INE855F01042,ASMS,T,,,,,Avio Smart Market Stack Limite,7.34,7.34,7.01,7.16,7.16,7.10,,7.12,,,25079,178828.00,125,F1,1,,,,,
2026-06-30,2026-06-30,CM,BSE,STK,532695,INE185H01016,CELEBRITY,B,,,,,CELEBRITY FASHIONS LTD.,7.37,8.12,7.37,7.51,7.51,7.87,,7.69,,,616,4710.00,25,F1,1,,,,,
2026-06-30,2026-06-30,CM,BSE,STK,532698,INE229H01012,NITINSPIN,B,,,,,NITIN SPINNERS LTD.,560.95,576.25,556.20,571.85,571.85,560.95,,572.00,,,7290,4145830.00,361,F1,1,,,,,
2026-06-30,2026-06-30,CM,BSE,STK,532699,INE283H01019,ROHLTD,B,,,,,ROYAL ORCHID HOTELS LTD.,335.25,336.65,332.15,332.25,332.25,330.35,,333.00,,,266,88923.00,14,F1,1,,,,,
2026-06-30,2026-06-30,CM,BSE,STK,532700,INE265F01028,ENIL,B,,,,,ENTERTAINMENT NETWORK (INDIA),106.05,106.40,105.00,105.30,105.30,106.00,,105.15,,,787,83050.00,22,F1,1,,,,,
2026-06-30,2026-06-30,CM,BSE,STK,532701,INE266H01014,CELLA,Z,,,,,CELLA SPACE LIMITED,21.73,21.73,20.24,20.24,20.24,21.30,,20.24,,,1146,23229.00,13,F1,1,,,,,
2026-06-30,2026-06-30,CM,BSE,STK,532705,INE199G01027,JAGRAN,B,,,,,JAGRAN PRAKASHAN LTD.,64.40,64.71,64.10,64.59,64.69,64.48,,64.51,,,11167,720099.00,183,F1,1,,,,,
2026-06-30,2026-06-30,CM,BSE,STK,532707,INE256H01015,DYNPRO,B,,,,,DYNEMIC PRODUCTS LTD.,232.15,238.30,228.00,235.00,235.00,230.25,,237.80,,,965,223822.00,72,F1,1,,,,,
2026-06-30,2026-06-30,CM,BSE,STK,532708,INE251H01024,GVKPIL,T,,,,,GVK POWER & INFRASTRUCTURE LTD,2.66,2.70,2.65,2.67,2.67,2.70,,2.67,,,140237,374907.00,231,F1,1,,,,,
2026-06-30,2026-06-30,CM,BSE,STK,532710,INE226H01026,SADBHAV,B,,,,,SADBHAV ENGINEERING LTD.,8.71,8.89,8.61,8.79,8.86,8.71,,8.79,,,19575,172158.00,75,F1,1,,,,,
2026-06-30,2026-06-30,CM,BSE,STK,532712,INE330H01018,RCOM,T,,,,,RELIANCE COMMUNICATIONS LTD.,0.88,0.92,0.88,0.91,0.91,0.88,,0.90,,,585046,521506.00,403,F1,1,,,,,
2026-06-30,2026-06-30,CM,BSE,STK,532713,INE190H01024,SAKUMA,T,,,,,SAKUMA EXPORTS LTD.,1.86,1.90,1.81,1.83,1.83,1.86,,1.81,,,97295,179826.00,156,F1,1,,,,,
2026-06-30,2026-06-30,CM,BSE,STK,532714,INE389H01022,KEC,A,,,,,KEC INTERNATIONAL LTD.,538.30,550.90,517.50,521.40,521.40,515.30,,521.50,,,565240,301081505.00,13455,F1,1,,,,,
2026-06-30,2026-06-30,CM,BSE,STK,532716,INE047B01011,GILLANDERS,B,,,,,GILLANDERS ARBUTHNOT & CO.LTD.,92.88,92.88,92.88,92.88,92.88,92.93,,91.42,,,150,13932.00,1,F1,1,,,,,
2026-06-30,2026-06-30,CM,BSE,STK,532717,INE332H01014,INDOTECH,T,,,,,INDO TECH TRANSFORMERS LTD.,3230.75,3230.75,3153.85,3230.75,3230.75,3076.95,,3235.70,,,138134,444121033.00,314,F1,1,,,,,
2026-06-30,2026-06-30,CM,BSE,STK,532719,INE350H01032,BLKASHYAP,B,,,,,B.L.KASHYAP AND SONS LTD.,54.87,54.89,53.91,54.67,54.70,54.74,,54.62,,,27691,1506549.00,849,F1,1,,,,,
2026-06-30,2026-06-30,CM,BSE,STK,532720,INE774D01024,M&MFIN,A,,,,,MAHINDRA & MAHINDRA FINANCIAL,318.45,321.85,311.10,315.80,315.80,315.65,,315.80,,,323262,102251369.00,2489,F1,1,,,,,
2026-06-30,2026-06-30,CM,BSE,STK,532721,INE286H01012,VISACHROME,T,,,,,VISA Chrome Limited,40.21,41.90,40.21,41.90,41.90,42.16,,40.64,,,2706,111415.00,17,F1,1,,,,,
2026-06-30,2026-06-30,CM,BSE,STK,532722,INE858F01012,NITCO,B,,,,,NITCO LTD.,107.45,108.48,105.80,107.93,108.39,107.00,,107.89,,,40082,4278335.00,415,F1,1,,,,,
2026-06-30,2026-06-30,CM,BSE,STK,532723,INE493H01014,MPDL,X,,,,,MPDL LIMITED,31.06,31.89,29.46,29.61,29.61,31.00,,29.61,,,1596,48435.00,33,F1,1,,,,,
2026-06-30,2026-06-30,CM,BSE,STK,532725,INE343H01029,SOLARINDS,A,,,,,SOLAR INDUSTRIES INDIA LTD.,17902.00,18771.00,17821.45,18685.60,18680.00,17796.05,,18696.00,,,13041,240619187.00,2954,F1,1,,,,,
2026-06-30,2026-06-30,CM,BSE,STK,532726,INE297H01019,GALLANTT,B,,,,,GALLANTT ISPAT LIMITED,680.80,698.65,680.80,690.65,689.45,685.05,,692.00,,,2838,1967430.00,135,F1,1,,,,,
2026-06-30,2026-06-30,CM,BSE,STK,532728,INE383H01017,MALUPAPER,B,,,,,MALU PAPER MILLS LTD.,31.90,32.42,31.90,32.38,32.38,30.90,,31.41,,,102,3254.00,3,F1,1,,,,,
2026-06-30,2026-06-30,CM,BSE,STK,532729,INE786F01031,UTTAMSUGAR,B,,,,,UTTAM SUGAR MILLS LTD.,228.00,229.50,224.00,228.40,229.50,227.15,,228.55,,,958,216772.00,80,F1,1,,,,,
2026-06-30,2026-06-30,CM,BSE,STK,532730,INE353H01010,SGL,B,,,,,STL GLOBAL LTD.,10.02,10.43,9.80,9.99,9.95,10.04,,10.05,,,884,8942.00,25,F1,1,,,,,
2026-06-30,2026-06-30,CM,BSE,STK,532732,INE401H01017,KKCL,B,,,,,KEWAL KIRAN CLOTHING LTD.,494.65,500.00,494.65,497.15,497.15,495.40,,496.75,,,490,243658.00,37,F1,1,,,,,
2026-06-30,2026-06-30,CM,BSE,STK,532733,INE424H01027,SUNTV,A,,,,,SUN TV NETWORK LTD.,511.05,519.80,511.05,515.45,517.95,513.80,,515.55,,,8465,4358257.00,692,F1,1,,,,,
2026-06-30,2026-06-30,CM,BSE,STK,532734,INE177H01039,GPIL,A,,,,,GODAWARI POWER & ISPAT LTD.,263.00,263.20,254.80,255.65,255.65,261.85,,255.65,,,40108,10349968.00,1095,F1,1,,,,,
2026-06-30,2026-06-30,CM,BSE,STK,532735,INE411H01032,RSYSTEMS,B,,,,,R SYSTEMS INTERNATIONAL LTD.,241.00,241.60,234.00,234.95,234.95,239.15,,234.90,,,15852,3781646.00,405,F1,1,,,,,
2026-06-30,2026-06-30,CM,BSE,STK,532737,INE296H01011,EMKAY,B,,,,,EMKAY GLOBAL FINANCIAL SERVICE,277.35,277.35,269.05,269.95,269.95,274.25,,270.49,,,753,204351.00,83,F1,1,,,,,
2026-06-30,2026-06-30,CM,BSE,STK,532738,INE388G01026,TICL,B,,,,,TwamevConstruction and Infrast,15.88,15.88,14.57,14.57,14.57,15.33,,14.60,,,229445,3356583.00,298,F1,1,,,,,
2026-06-30,2026-06-30,CM,BSE,STK,532740,INE397H01017,LOKESHMACH,T,,,,,LOKESH MACHINES LTD.,261.30,278.70,261.30,271.20,271.20,271.40,,272.00,,,567,155894.00,16,F1,1,,,,,
2026-06-30,2026-06-30,CM,BSE,STK,532741,INE390H01020,KAMDHENU,T,,,,,Kamdhenu Limited,29.00,30.00,28.56,29.73,29.70,28.99,,29.95,,,98500,2895886.00,197,F1,1,,,,,
2026-06-30,2026-06-30,CM,BSE,STK,532742,INE111F01024,PAUSHAKLTD,B,,,,,PAUSHAK LTD.,498.95,505.00,488.00,495.35,505.00,485.05,,496.90,,,1192,590577.00,154,F1,1,,,,,
2026-06-30,2026-06-30,CM,BSE,STK,532744,INE302H01017,GTNTEX,X,,,,,GTN TEXTILES LTD.,8.63,8.87,8.50,8.86,8.86,8.63,,8.86,,,1971,17173.00,9,F1,1,,,,,
2026-06-30,2026-06-30,CM,BSE,STK,532748,INE367G01038,PFOCUS,T,,,,,PRIME FOCUS LTD.,210.95,221.45,210.95,221.45,221.45,210.95,,221.19,,,54630,11979915.00,346,F1,1,,,,,
2026-06-30,2026-06-30,CM,BSE,STK,532749,INE418H01029,ALLCARGO,B,,,,,ALLCARGO LOGISTICS LTD.,8.18,8.18,8.00,8.10,8.10,8.08,,8.09,,,488640,3932823.00,529,F1,1,,,,,
2026-06-30,2026-06-30,CM,BSE,STK,532754,INE776C01039,GMRAIRPORT,A,,,,,GMR Airports Limited,108.60,113.35,108.60,112.10,112.10,109.60,,112.09,,,1710151,191839870.00,9012,F1,1,,,,,
2026-06-30,2026-06-30,CM,BSE,STK,532755,INE669C01036,TECHM,A,,,,,TECH MAHINDRA LTD.,1446.25,1446.25,1399.25,1405.20,1405.20,1435.00,,1404.70,,,121019,170584773.00,4497,F1,1,,,,,
2026-06-30,2026-06-30,CM,BSE,STK,532756,INE536H01010,CIEINDIA,A,,,,,CIE Automotive India Limited,462.70,468.35,456.00,457.45,458.55,459.10,,457.80,,,12332,5683070.00,412,F1,1,,,,,
2026-06-30,2026-06-30,CM,BSE,STK,532757,INE540H01012,VOLTAMP,A,,,,,VOLTAMP TRANSFORMERS LTD.,10084.75,10477.75,10070.40,10350.65,10350.65,10037.55,,10378.00,,,1631,16672374.00,406,F1,1,,,,,
2026-06-30,2026-06-30,CM,BSE,STK,532759,INE285H01022,ATLANTAA,B,,,,,ATLANTAA LIMITED,39.10,39.88,38.55,38.71,38.71,39.03,,38.66,,,1285,49948.00,159,F1,1,,,,,
2026-06-30,2026-06-30,CM,BSE,STK,532761,INE596H01014,HGM,B,,,,,HANDSON GLOBAL MANAGEMENT (HGM,52.00,53.80,52.00,53.80,53.80,52.00,,52.05,,,15,805.00,2,F1,1,,,,,
2026-06-30,2026-06-30,CM,BSE,STK,532762,INE731H01025,ACE,A,,,,,ACTION CONSTRUCTION EQUIPMENT,980.05,1029.00,980.05,1023.55,1023.85,983.95,,1024.00,,,22644,22975750.00,1202,F1,1,,,,,
2026-06-30,2026-06-30,CM,BSE,STK,532764,INE916G01016,GEECEE,B,,,,,GEECEE VENTURES LIMITED,334.90,335.00,332.50,335.00,335.00,331.00,,345.65,,,883,294688.00,23,F1,1,,,,,
2026-06-30,2026-06-30,CM,BSE,STK,532767,INE336H01023,GAYAPROJ,T,,,,,GAYATRI PROJECTS LTD.,21.37,22.28,20.76,21.16,21.10,21.59,,21.32,,,27154,579912.00,76,F1,1,,,,,
2026-06-30,2026-06-30,CM,BSE,STK,532768,INE737H01014,FIEMIND,B,,,,,FIEM INDUSTRIES LTD.,2236.20,2270.00,2236.20,2261.25,2255.70,2244.55,,2261.30,,,1871,4228009.00,220,F1,1,,,,,
2026-06-30,2026-06-30,CM,BSE,STK,532771,INE544H01014,JHS,B,,,,,JHS SVENDGAARD LABORATORIES LT,7.56,7.61,7.39,7.46,7.55,7.39,,7.46,,,1580,11958.00,25,F1,1,,,,,
2026-06-30,2026-06-30,CM,BSE,STK,532772,INE503A01015,DCBBANK,A,,,,,DCB BANK LIMITED,189.45,189.95,184.80,185.40,185.40,187.80,,185.21,,,26719,5004025.00,809,F1,1,,,,,
2026-06-30,2026-06-30,CM,BSE,STK,532773,INE792H01019,GLOBALVECT,B,,,,,GLOBAL VECTRA HELICORP LTD.,164.10,166.50,161.25,164.70,164.45,166.50,,164.12,,,239,39050.00,30,F1,1,,,,,
2026-06-30,2026-06-30,CM,BSE,STK,532774,INE020G01017,INSPIRISYS,T,,,,,Inspirisys Solutions Limited,107.25,107.25,104.00,104.20,106.70,104.85,,104.13,,,426,44374.00,9,F1,1,,,,,
2026-06-30,2026-06-30,CM,BSE,STK,532775,INE221H01019,GTLINFRA,B,,,,,GTL INFRASTRUCTURE LTD.,1.37,1.42,1.36,1.39,1.39,1.37,,1.38,,,8536129,11833241.00,15522,F1,1,,,,,
2026-06-30,2026-06-30,CM,BSE,STK,532776,INE637H01024,SHIVAMAUTO,T,,,,,SHIVAM AUTOTECH LTD.,16.64,16.64,15.80,16.00,16.00,16.20,,16.03,,,4010,64886.00,23,F1,1,,,,,
2026-06-30,2026-06-30,CM,BSE,STK,532777,INE663F01032,NAUKRI,A,,,,,INFO EDGE (INDIA) LTD.,998.60,998.60,970.60,978.00,978.00,986.75,,978.00,,,29472,28822871.00,1160,F1,1,,,,,
2026-06-30,2026-06-30,CM,BSE,STK,532779,INE813H01021,TORNTPOWER,A,,,,,TORRENT POWER LTD.,1410.20,1429.00,1401.05,1415.55,1415.55,1419.55,,1414.90,,,31768,44737160.00,1055,F1,1,,,,,
2026-06-30,2026-06-30,CM,BSE,STK,532780,INE561H01026,PARSVNATH,T,,,,,PARSVNATH DEVELOPERS LTD.,2.70,2.70,2.70,2.70,2.70,2.75,,2.71,,,68139,183975.00,59,F1,1,,,,,
2026-06-30,2026-06-30,CM,BSE,STK,532782,INE645H01027,SUTLEJTEX,B,,,,,SUTLEJ TEXTILES & INDUSTRIES L,38.61,38.61,37.55,37.91,37.91,37.85,,38.26,,,725,27543.00,20,F1,1,,,,,
2026-06-30,2026-06-30,CM,BSE,STK,532783,INE818H01020,LTFOODS,A,,,,,LT FOODS LTD.,376.15,377.60,366.15,367.50,367.50,375.05,,367.00,,,38623,14385580.00,1445,F1,1,,,,,
2026-06-30,2026-06-30,CM,BSE,STK,532784,INE671H01015,SOBHA,A,,,,,SOBHA,1387.50,1404.25,1373.30,1376.95,1373.40,1387.50,,1378.50,,,5143,7167194.00,392,F1,1,,,,,
2026-06-30,2026-06-30,CM,BSE,STK,532785,INE803H01014,RUCHIRA,B,,,,,RUCHIRA PAPERS LTD.,110.80,112.00,110.45,111.85,111.85,109.90,,112.00,,,2174,242463.00,55,F1,1,,,,,
2026-06-30,2026-06-30,CM,BSE,STK,532790,INE483C01032,TANLA,A,,,,,TANLA PLATFORMS LIMITED,528.80,550.65,528.45,529.95,531.45,530.45,,530.10,,,42191,22732097.00,1729,F1,1,,,,,
2026-06-30,2026-06-30,CM,BSE,STK,532794,INE966H01019,ZEEMEDIA,B,,,,,ZEE MEDIA CORPORATION LIMITED,8.04,8.59,8.01,8.52,8.52,8.09,,8.52,,,202769,1683830.00,651,F1,1,,,,,
2026-06-30,2026-06-30,CM,BSE,STK,532795,INE965H01011,SITINET,Z,,,,,Siti Networks Ltd.,0.49,0.49,0.49,0.49,0.49,0.49,,0.34,,,5806,2844.00,14,F1,1,,,,,
2026-06-30,2026-06-30,CM,BSE,STK,532796,INE872H01027,LUMAXTECH,A,,,,,LUMAX AUTO TECHNOLOGIES LTD.,1520.55,1557.85,1508.00,1532.50,1532.50,1503.85,,1533.50,,,19093,29358621.00,1707,F1,1,,,,,
2026-06-30,2026-06-30,CM,BSE,STK,532797,INE718H01014,AUTOIND,T,,,,,AUTOLINE INDUSTRIES LTD.,85.00,85.00,81.16,83.19,83.19,85.43,,81.50,,,13069,1074486.00,91,F1,1,,,,,
2026-06-30,2026-06-30,CM,BSE,STK,532798,INE870H01013,NETWORK18,A,,,,,NETWORK18 MEDIA & INVESTMENTS,31.60,31.80,31.29,31.65,31.65,31.48,,31.59,,,119106,3761391.00,646,F1,1,,,,,
2026-06-30,2026-06-30,CM,BSE,STK,532799,INE703H01016,HUBTOWN,B,,,,,HUBTOWN LTD.,207.40,208.90,204.00,207.55,208.05,205.45,,207.61,,,141649,29387688.00,1539,F1,1,,,,,
2026-06-30,2026-06-30,CM,BSE,STK,532801,INE627H01017,CTE,B,,,,,CAMBRIDGE TECHNOLOGY ENTERPRIS,31.80,31.80,31.05,31.05,31.05,31.50,,31.44,,,385,12235.00,2,F1,1,,,,,
2026-06-30,2026-06-30,CM,BSE,STK,532804,INE545H01011,TIIL,B,,,,,TECHNOCRAFT INDUSTRIES (INDIA),2616.15,2619.10,2550.05,2575.25,2552.60,2619.65,,2565.50,,,495,1284960.00,101,F1,1,,,,,
2026-06-30,2026-06-30,CM,BSE,STK,532805,INE891D01026,REDINGTON,A,,,,,Redington Limited,278.25,278.90,272.00,276.10,275.95,275.70,,276.18,,,133739,36881659.00,2050,F1,1,,,,,
2026-06-30,2026-06-30,CM,BSE,STK,532806,INE768E01024,AICHAMP,XT,,,,,AI CHAMPDANY INDUSTRIES LTD.,35.64,35.64,34.20,34.20,34.20,36.00,,34.20,,,2894,99297.00,37,F1,1,,,,,
2026-06-30,2026-06-30,CM,BSE,STK,532807,INE704H01022,CINELINE,B,,,,,CINELINE INDIA LIMITED,77.06,79.99,77.06,79.99,79.99,77.50,,80.56,,,555,44364.00,19,F1,1,,,,,
2026-06-30,2026-06-30,CM,BSE,STK,532808,INE940H01022,PGIL,A,,,,,PEARL GLOBAL INDUSTRIES LIMITE,1970.95,2045.40,1969.50,2014.00,2012.85,2000.75,,2015.60,,,2716,5447023.00,322,F1,1,,,,,
2026-06-30,2026-06-30,CM,BSE,STK,532809,INE684F01012,FSL,A,,,,,FIRSTSOURCE SOLUTIONS LTD.,237.00,237.00,227.20,228.30,228.80,235.35,,228.45,,,84367,19438494.00,1804,F1,1,,,,,
2026-06-30,2026-06-30,CM,BSE,STK,532810,INE134E01011,PFC,A,,,,,POWER FINANCE CORPORATION LTD.,425.05,428.50,423.00,424.45,424.45,424.70,,424.30,,,284465,120994190.00,4050,F1,1,,,,,
2026-06-30,2026-06-30,CM,BSE,STK,532811,INE758C01029,AHLUCONT,B,,,,,AHLUWALIA CONTRACTS (INDIA) LT,872.65,883.45,850.55,858.75,853.75,866.15,,855.90,,,2539,2191066.00,188,F1,1,,,,,
2026-06-30,2026-06-30,CM,BSE,STK,532812,INE804H01012,TFL,B,,,,,TRANSWARRANTY FINANCE LTD.,12.40,12.40,11.51,11.98,11.98,12.40,,11.89,,,4719,55086.00,23,F1,1,,,,,
2026-06-30,2026-06-30,CM,BSE,STK,532814,INE562A01011,INDIANB,A,,,,,INDIAN BANK,819.10,827.40,812.60,817.05,817.05,815.15,,816.65,,,89566,73231928.00,2642,F1,1,,,,,
2026-06-30,2026-06-30,CM,BSE,STK,532815,INE812G01025,SMSPHARMA,B,,,,,SMS PHARMACEUTICALS LTD.,385.35,429.10,380.20,413.10,413.50,380.45,,412.55,,,183080,75940450.00,3080,F1,1,,,,,
2026-06-30,2026-06-30,CM,BSE,STK,532817,INE998H01012,ORIENTALTL,B,,,,,ORIENTAL TRIMEX LTD.,5.81,5.81,5.52,5.63,5.60,5.70,,5.68,,,9470,53019.00,75,F1,1,,,,,
2026-06-30,2026-06-30,CM,BSE,STK,532820,INE311H01018,ELAND,X,,,,,E-Land Apparel Limited,13.83,13.83,13.02,13.07,13.07,13.80,,13.07,,,2145,28089.00,17,F1,1,,,,,
2026-06-30,2026-06-30,CM,BSE,STK,532822,INE669E01016,IDEA,A,,,,,VODAFONE IDEA  LIMITED,14.48,14.63,14.29,14.47,14.47,14.42,,14.46,,,17258981,250187138.00,307314,F1,1,,,,,
2026-06-30,2026-06-30,CM,BSE,STK,532825,INE702H01018,JAGJANANI,X,,,,,JAGJANANI TEXTILES LTD.,5.00,5.00,4.55,4.57,4.57,4.59,,4.57,,,2478,11567.00,12,F1,1,,,,,
2026-06-30,2026-06-30,CM,BSE,STK,532826,INE952H01027,RAJTV,B,,,,,RAJ TELEVISION NETWORK LTD.,12.94,12.94,12.17,12.25,12.19,12.81,,12.32,,,26228,321585.00,62,F1,1,,,,,
2026-06-30,2026-06-30,CM,BSE,STK,532827,INE761H01022,PAGEIND,A,,,,,PAGE INDUSTRIES LTD.,41844.65,41844.65,40425.05,41457.70,41457.70,40394.80,,41375.00,,,1383,56777721.00,419,F1,1,,,,,
2026-06-30,2026-06-30,CM,BSE,STK,532828,INE005I01014,AMDIND,B,,,,,AMD INDUSTRIES LTD.,45.72,46.00,43.78,44.10,44.10,44.64,,44.04,,,931,42103.00,14,F1,1,,,,,
2026-06-30,2026-06-30,CM,BSE,STK,532829,INE976H01018,LEHAR,X,,,,,LEHAR FOOTWEARS LIMITED,249.00,255.00,245.20,250.40,250.40,246.90,,250.40,,,20620,5156581.00,463,F1,1,,,,,
2026-06-30,2026-06-30,CM,BSE,STK,532830,INE006I01046,ASTRAL,A,,,,,ASTRAL LIMITED,1378.45,1383.75,1330.20,1335.65,1335.65,1366.90,,1335.60,,,44213,59629324.00,4302,F1,1,,,,,
2026-06-30,2026-06-30,CM,BSE,STK,532832,INE069I01010,EMBDL,A,,,,,EMBASSY DEVELOPMENTS LIMITED,61.60,62.45,60.55,62.25,61.89,61.58,,62.12,,,145555,8957683.00,1274,F1,1,,,,,
2026-06-30,2026-06-30,CM,BSE,STK,532834,INE052I01032,CAMLINFINE,A,,,,,Camlin Fine Sciences Ltd,130.70,136.80,129.55,133.20,133.20,130.30,,133.37,,,73274,9830506.00,876,F1,1,,,,,
2026-06-30,2026-06-30,CM,BSE,STK,532835,INE725G01011,ICRA,B,,,,,ICRA LTD.,5267.50,5354.50,5220.00,5246.60,5220.00,5295.65,,5242.00,,,101,533119.00,62,F1,1,,,,,
2026-06-30,2026-06-30,CM,BSE,STK,532839,INE836F01026,DISHTV,T,,,,,DISH TV INDIA LTD.,3.08,3.10,3.02,3.03,3.03,3.08,,3.02,,,166239,508363.00,333,F1,1,,,,,
2026-06-30,2026-06-30,CM,BSE,STK,532841,INE280H01015,SAHYADRI,B,,,,,SAHYADRI INDUSTRIES LTD.,275.10,280.60,272.60,275.20,275.20,274.00,,282.70,,,595,163614.00,21,F1,1,,,,,
2026-06-30,2026-06-30,CM,BSE,STK,532842,INE917H01012,SRHHYPOLTD,B,,,,,SREE RAYALASEEMA HI-STRENGTH H,481.60,490.50,480.00,487.25,487.95,484.50,,485.10,,,122,59005.00,34,F1,1,,,,,
2026-06-30,2026-06-30,CM,BSE,STK,532843,INE061F01013,FORTIS,A,,,,,FORTIS HEALTHCARE LTD.,954.85,964.85,949.00,957.20,958.55,952.05,,956.95,,,42772,40978475.00,1946,F1,1,,,,,
2026-06-30,2026-06-30,CM,BSE,STK,532845,INE797H01018,TGBHOTELS,B,,,,,TGB BANQUETS AND HOTELS LTD.,8.90,9.19,8.90,8.90,8.90,8.90,,9.03,,,59,533.00,6,F1,1,,,,,
2026-06-30,2026-06-30,CM,BSE,STK,532847,INE788H01017,HILTON,T,,,,,HILTON METAL FORGING LTD.,23.51,23.51,22.68,23.00,22.95,23.59,,23.05,,,17008,393090.00,68,F1,1,,,,,
2026-06-30,2026-06-30,CM,BSE,STK,532848,INE124G01033,DELTACORP,A,,,,,DELTA CORP LTD.,63.81,64.40,63.12,63.63,63.63,63.83,,63.69,,,82081,5218471.00,572,F1,1,,,,,
2026-06-30,2026-06-30,CM,BSE,STK,532850,INE287C01037,MICEL,B,,,,,MIC ELECTRONICS LTD.,39.31,40.50,39.31,40.17,40.22,39.71,,40.15,,,38227,1537744.00,455,F1,1,,,,,
2026-06-30,2026-06-30,CM,BSE,STK,532851,INE070I01018,INSECTICID,B,,,,,INSECTICIDES (INDIA) LTD.,655.40,682.80,646.80,659.70,659.00,652.45,,660.85,,,501,326825.00,60,F1,1,,,,,
2026-06-30,2026-06-30,CM,BSE,STK,532853,INE228I01012,ASAHISONG,B,,,,,ASAHI SONGWON COLORS LTD.,251.55,252.35,250.85,251.85,251.85,248.50,,251.44,,,240,60508.00,15,F1,1,,,,,
2026-06-30,2026-06-30,CM,BSE,STK,532855,INE928H01019,HARYNACAP,X,,,,,HARYANA CAPFIN LTD.,142.65,149.80,142.60,145.10,144.00,149.80,,145.10,,,589,85115.00,20,F1,1,,,,,
2026-06-30,2026-06-30,CM,BSE,STK,532856,INE508G01029,TIMETECHNO,A,,,,,TIME TECHNOPLAST LTD.,180.10,182.15,179.20,179.70,179.55,179.40,,179.94,,,97456,17611569.00,934,F1,1,,,,,
2026-06-30,2026-06-30,CM,BSE,STK,532859,INE170I01016,HGS,B,,,,,HINDUJA GLOBAL SOLUTIONS LTD.,420.00,420.00,411.60,412.60,414.00,415.10,,412.80,,,661,273133.00,73,F1,1,,,,,
2026-06-30,2026-06-30,CM,BSE,STK,532864,INE189I01024,NELCAST,B,,,,,NELCAST LTD.,135.95,139.00,135.00,136.40,135.00,136.10,,135.84,,,3602,495164.00,99,F1,1,,,,,
2026-06-30,2026-06-30,CM,BSE,STK,532867,INE945H01021,V2RETAIL,B,,,,,V2 RETAIL LTD.,228.60,232.00,223.50,227.35,227.35,228.10,,226.81,,,47354,10822912.00,702,F1,1,,,,,
2026-06-30,2026-06-30,CM,BSE,STK,532868,INE271C01023,DLF,A,,,,,DLF LTD.,614.65,625.10,609.00,620.30,619.70,614.65,,620.05,,,80906,49931552.00,2872,F1,1,,,,,
2026-06-30,2026-06-30,CM,BSE,STK,532869,INE924H01018,TARMAT,B,,,,,TARMAT LTD.,50.41,50.41,50.40,50.40,50.40,50.42,,50.40,,,1675,84420.00,7,F1,1,,,,,
2026-06-30,2026-06-30,CM,BSE,STK,532870,INE106I01010,ANKITMETAL,Z,,,,,ANKIT METAL & POWER LTD.,1.40,1.49,1.40,1.46,1.48,1.46,,1.47,,,5790,8353.00,26,F1,1,,,,,
2026-06-30,2026-06-30,CM,BSE,STK,532872,INE232I01014,SPARC,B,,,,,SUN PHARMA ADVANCED RESEARCH C,232.05,237.25,232.05,234.60,234.45,231.50,,234.74,,,106199,24924819.00,1496,F1,1,,,,,
2026-06-30,2026-06-30,CM,BSE,STK,532873,INE191I01012,HDIL,Z,,,,,HOUSING DEVELOPMENT & INFRASTR,1.77,1.80,1.75,1.78,1.78,1.77,,1.77,,,24226,42920.00,25,F1,1,,,,,
2026-06-30,2026-06-30,CM,BSE,STK,532875,INE102I01027,ADSL,B,,,,,ALLIED DIGITAL SERVICES LTD.,124.00,131.90,123.30,127.80,127.70,124.35,,127.64,,,43346,5549677.00,505,F1,1,,,,,
2026-06-30,2026-06-30,CM,BSE,STK,532878,INE385I01010,ALPA,B,,,,,ALPA LABORATORIES LTD.,68.00,68.00,68.00,68.00,68.00,68.00,,67.55,,,997,67796.00,38,F1,1,,,,,
2026-06-30,2026-06-30,CM,BSE,STK,532880,INE800H01010,OMAXE,B,,,,,OMAXE LTD.,86.00,89.00,78.94,80.86,80.86,84.39,,80.85,,,557319,47306082.00,4320,F1,1,,,,,
2026-06-30,2026-06-30,CM,BSE,STK,532884,INE056I01025,REFEX,A,,,,,REFEX INDUSTRIES LTD.,360.20,365.10,353.95,355.80,356.20,355.75,,356.20,,,70592,25429671.00,1397,F1,1,,,,,
2026-06-30,2026-06-30,CM,BSE,STK,532885,INE483A01010,CENTRALBK,A,,,,,CENTRAL BANK OF INDIA,32.98,32.98,32.40,32.51,32.52,33.58,,32.53,,,744603,24266532.00,1783,F1,1,,,,,
2026-06-30,2026-06-30,CM,BSE,STK,532886,INE105I01020,SELMC,B,,,,,SEL MANUFACTURING COMPANY LTD.,28.95,29.50,27.36,29.24,28.90,29.07,,29.11,,,2757,77532.00,44,F1,1,,,,,
2026-06-30,2026-06-30,CM,BSE,STK,532888,INE022I01019,ASIANTILES,B,,,,,ASIAN GRANITO INDIA LTD.,55.54,55.54,52.26,54.19,54.25,55.06,,54.10,,,74295,4031038.00,635,F1,1,,,,,
2026-06-30,2026-06-30,CM,BSE,STK,532889,INE930H01031,KPRMILL,A,,,,,K.P.R.MILL LIMITED,1130.70,1199.00,1114.60,1184.20,1184.20,1130.15,,1177.50,,,40568,46765664.00,1911,F1,1,,,,,
2026-06-30,2026-06-30,CM,BSE,STK,532890,INE142I01023,TAKE,T,,,,,TAKE SOLUTIONS LTD.,25.56,25.98,25.56,25.56,25.56,26.90,,25.31,,,11032,282014.00,71,F1,1,,,,,
2026-06-30,2026-06-30,CM,BSE,STK,532891,INE323I01011,PURVA,B,,,,,Puravankara Limited,213.25,216.00,213.25,215.50,215.00,214.45,,215.32,,,4878,1047485.00,98,F1,1,,,,,
2026-06-30,2026-06-30,CM,BSE,STK,532892,INE338I01027,MOTILALOFS,A,,,,,MOTILAL OSWAL FINANCIAL SERVIC,950.00,959.45,947.70,951.05,950.20,948.35,,951.25,,,48184,45913487.00,1822,F1,1,,,,,
2026-06-30,2026-06-30,CM,BSE,STK,532893,INE222F01029,VTMLTD,X,,,,,VTM LTD.,64.74,64.74,61.00,64.08,64.08,62.15,,64.08,,,49210,3109644.00,276,F1,1,,,,,
2026-06-30,2026-06-30,CM,BSE,STK,532894,INE227G01018,INDOWIND,T,,,,,INDOWIND ENERGY LTD.,9.05,9.55,9.00,9.55,9.55,9.10,,9.49,,,110991,1025817.00,142,F1,1,,,,,
2026-06-30,2026-06-30,CM,BSE,STK,532895,INE245I01016,NAGREEKCAP,T,,,,,NAGREEKA CAPITAL & INFRASTRUCT,23.13,24.87,23.13,24.07,24.07,23.78,,24.40,,,482,11627.00,11,F1,1,,,,,
2026-06-30,2026-06-30,CM,BSE,STK,532896,INE387I01016,MAGNUM,B,,,,,MAGNUM VENTURES LTD.,19.20,19.80,19.20,19.80,19.80,19.22,,19.25,,,99,1901.00,3,F1,1,,,,,
2026-06-30,2026-06-30,CM,BSE,STK,532898,INE752E01010,POWERGRID,A,,,,,POWER GRID CORPORATION OF INDI,286.50,288.80,284.45,286.30,286.60,286.45,,286.30,,,847377,242812072.00,8761,F1,1,,,,,
2026-06-30,2026-06-30,CM,BSE,STK,532899,INE455I01029,KSCL,A,,,,,KAVERI SEED COMPANY LTD.,891.15,910.00,888.00,890.45,888.00,907.20,,890.30,,,6309,5638065.00,268,F1,1,,,,,
2026-06-30,2026-06-30,CM,BSE,STK,532900,INE420C01059,PAISALO,A,,,,,PAISALO DIGITAL LIMITED,60.74,60.74,58.18,59.22,59.22,60.35,,59.11,,,760446,45219889.00,1643,F1,1,,,,,
2026-06-30,2026-06-30,CM,BSE,STK,532902,INE429I01024,CCCL,B,,,,,CONSOLIDATED CONSTRUCTION CONS,16.95,17.84,16.88,17.15,17.00,16.91,,17.27,,,28693,493387.00,173,F1,1,,,,,
2026-06-30,2026-06-30,CM,BSE,STK,532904,INE550H01011,SUPREMEINF,B,,,,,SUPREME INFRASTRUCTURE INDIA L,80.00,81.98,77.00,79.97,80.20,69.67,,80.56,,,94123,7454720.00,675,F1,1,,,,,
2026-06-30,2026-06-30,CM,BSE,STK,532906,INE215I01027,MAANALU,B,,,,,MAAN ALUMINIUM LTD.,122.40,122.40,120.50,121.55,122.25,122.05,,121.26,,,3383,410524.00,81,F1,1,,,,,
2026-06-30,2026-06-30,CM,BSE,STK,532907,INE369I01014,IL&FSENGG,Z,,,,,IL&FS ENGINEERING AND CONSTRUC,29.90,30.00,29.75,30.00,30.00,30.00,,29.91,,,10025,298254.00,10,F1,1,,,,,
2026-06-30,2026-06-30,CM,BSE,STK,532911,INE272G01014,PARLEIND,XT,,,,,PARLE INDUSTRIES LIMITED,10.45,10.45,10.45,10.45,10.45,10.66,,10.45,,,14948,156206.00,131,F1,1,,,,,
2026-06-30,2026-06-30,CM,BSE,STK,532915,INE621H01010,RELIGARE,A,,,,,RELIGARE ENTERPRISES LTD.,271.30,272.50,266.50,270.40,269.40,270.25,,270.27,,,35215,9480444.00,522,F1,1,,,,,
2026-06-30,2026-06-30,CM,BSE,STK,532916,INE139I01011,BVCL,B,,,,,BARAK VALLEY CEMENTS LTD.,41.79,41.79,41.01,41.05,41.05,41.79,,41.06,,,2593,107893.00,18,F1,1,,,,,
2026-06-30,2026-06-30,CM,BSE,STK,532918,INE575I01016,RATHIBAR,X,,,,,RATHI BARS LTD.,21.70,21.70,20.75,21.29,21.36,21.29,,21.29,,,7544,159018.00,34,F1,1,,,,,
2026-06-30,2026-06-30,CM,BSE,STK,532921,INE742F01042,ADANIPORTS,A,,,,,ADANI PORTS AND SPECIAL ECONOM,1796.00,1815.80,1783.00,1810.20,1810.20,1776.60,,1810.20,,,94603,170327419.00,5272,F1,1,,,,,
2026-06-30,2026-06-30,CM,BSE,STK,532922,INE532F01054,EDELWEISS,A,,,,,EDELWEISS FINANCIAL SERVICES L,121.65,122.70,119.60,120.50,121.20,120.55,,120.80,,,149405,18066314.00,726,F1,1,,,,,
2026-06-30,2026-06-30,CM,BSE,STK,532923,INE722H01024,RGL,B,,,,,RENAISSANCE GLOBAL LIMITED,117.70,117.80,115.10,116.50,116.45,115.35,,116.67,,,8034,935447.00,118,F1,1,,,,,
2026-06-30,2026-06-30,CM,BSE,STK,532924,INE094I01018,KOLTEPATIL,B,,,,,KOLTE-PATIL DEVELOPERS LTD.,360.00,366.75,360.00,363.60,365.00,362.00,,364.45,,,668,243202.00,42,F1,1,,,,,
2026-06-30,2026-06-30,CM,BSE,STK,532925,INE234I01028,KAUSHALYA,B,,,,,KAUSHALYA INFRASTRUCTURE DEVEL,846.35,852.65,846.00,846.00,846.00,870.05,,883.00,,,16,13594.00,6,F1,1,,,,,
2026-06-30,2026-06-30,CM,BSE,STK,532926,INE668F01031,JYOTHYLAB,A,,,,,JYOTHY LABS LIMITED,195.30,196.15,190.80,191.70,191.70,195.80,,191.67,,,160791,30918294.00,5597,F1,1,,,,,
2026-06-30,2026-06-30,CM,BSE,STK,532927,INE738I01010,ECLERX,A,,,,,ECLERX SERVICES LTD.,1359.90,1373.35,1319.05,1322.45,1322.45,1346.55,,1324.80,,,13498,18046352.00,1357,F1,1,,,,,
2026-06-30,2026-06-30,CM,BSE,STK,532928,INE763I01026,TARIL,A,,,,,TRANSFORMERS AND RECTIFIERS (I,336.80,356.30,328.45,351.30,351.30,332.90,,351.35,,,819619,285947468.00,10591,F1,1,,,,,
2026-06-30,2026-06-30,CM,BSE,STK,532929,INE791I01019,BRIGADE,A,,,,,BRIGADE ENTERPRISES LTD.,501.00,503.50,493.50,500.75,500.90,503.50,,500.65,,,147168,73404923.00,818,F1,1,,,,,
2026-06-30,2026-06-30,CM,BSE,STK,532930,INE661I01014,BGRENERGY,T,,,,,BGR ENERGY SYSTEMS LTD.,296.00,314.00,296.00,309.20,309.20,304.10,,308.95,,,3910,1205910.00,97,F1,1,,,,,
2026-06-30,2026-06-30,CM,BSE,STK,532932,INE015D01022,MANAKSIA,B,,,,,MANAKSIA LTD.,59.19,61.00,57.90,58.79,59.09,59.40,,58.13,,,4814,282857.00,92,F1,1,,,,,
2026-06-30,2026-06-30,CM,BSE,STK,532933,INE386I01018,PORWAL,X,,,,,PORWAL AUTO COMPONENTS LTD.,48.00,49.79,48.00,49.56,49.70,48.34,,49.56,,,1093,54047.00,14,F1,1,,,,,
2026-06-30,2026-06-30,CM,BSE,STK,532934,INE095I01015,PPAP,B,,,,,PPAP,238.70,243.60,236.00,236.30,236.90,240.40,,236.61,,,4616,1108939.00,135,F1,1,,,,,
2026-06-30,2026-06-30,CM,BSE,STK,532935,INE298I01015,ARIES,B,,,,,ARIES AGRO LTD.,335.00,341.25,333.30,335.35,335.40,333.95,,335.60,,,598,200361.00,84,F1,1,,,,,
2026-06-30,2026-06-30,CM,BSE,STK,532937,INE529I01021,KUANTUM,B,,,,,KUANTUM PAPERS LTD.,77.14,77.14,75.00,75.65,75.65,76.64,,75.35,,,3194,241484.00,67,F1,1,,,,,
2026-06-30,2026-06-30,CM,BSE,STK,532939,INE614G01033,RPOWER,A,,,,,RELIANCE POWER LTD.,24.21,25.27,24.21,24.84,24.84,24.15,,24.84,,,3513449,86757011.00,7044,F1,1,,,,,
2026-06-30,2026-06-30,CM,BSE,STK,532940,INE576I01022,JKIL,A,,,,,J.KUMAR INFRAPROJECTS LTD.,494.65,502.70,489.00,491.40,491.65,491.80,,492.60,,,6097,3007232.00,357,F1,1,,,,,
2026-06-30,2026-06-30,CM,BSE,STK,532941,INE792I01017,CORDSCABLE,T,,,,,CORDS CABLE INDUSTRIES LTD.,210.90,214.95,210.60,211.75,214.95,206.05,,211.32,,,1537,325034.00,38,F1,1,,,,,
2026-06-30,2026-06-30,CM,BSE,STK,532942,INE634I01029,KNRCON,A,,,,,KNR CONSTRUCTIONS LTD.,133.30,134.65,131.55,132.65,132.25,133.25,,132.75,,,125930,16670649.00,404,F1,1,,,,,
2026-06-30,2026-06-30,CM,BSE,STK,532944,INE809I01019,ONMOBILE,B,,,,,ONMOBILE,60.57,62.50,59.21,61.36,61.36,60.57,,61.45,,,57742,3558405.00,576,F1,1,,,,,
2026-06-30,2026-06-30,CM,BSE,STK,532945,INE964H01014,SEPC,B,,,,,SEPC LIMITED,6.48,6.60,6.34,6.46,6.48,6.42,,6.45,,,1691072,10972764.00,929,F1,1,,,,,
2026-06-30,2026-06-30,CM,BSE,STK,532946,INE863I01016,BANG,B,,,,,BANG OVERSEAS LTD.,28.00,31.00,27.18,29.60,29.60,27.48,,29.35,,,10472,307167.00,441,F1,1,,,,,
2026-06-30,2026-06-30,CM,BSE,STK,532947,INE821I01022,IRB,A,,,,,IRB INFRASTRUCTURE DEVELOPERS,21.69,21.80,21.35,21.44,21.44,21.62,,21.42,,,311396,6685617.00,1135,F1,1,,,,,
2026-06-30,2026-06-30,CM,BSE,STK,532951,INE871H01011,GSS,T,,,,,GSS INFOTECH LTD.,12.81,12.96,12.42,12.57,12.88,12.81,,12.58,,,1160,14553.00,11,F1,1,,,,,
2026-06-30,2026-06-30,CM,BSE,STK,532952,INE049I01012,NAHARCAP,B,,,,,NAHAR CAPITAL & FINANCIAL SERV,247.00,248.50,246.90,248.50,248.50,247.00,,249.55,,,7,1736.00,3,F1,1,,,,,
2026-06-30,2026-06-30,CM,BSE,STK,532953,INE951I01027,VGUARD,A,,,,,V-GUARD INDUSTRIES LTD.,303.80,307.00,299.00,300.25,300.25,303.75,,300.00,,,9038,2747929.00,275,F1,1,,,,,
2026-06-30,2026-06-30,CM,BSE,STK,532955,INE020B01018,RECLTD,A,,,,,REC LIMITED,365.15,367.75,362.65,363.85,363.85,365.15,,363.80,,,373125,136212376.00,6124,F1,1,,,,,
2026-06-30,2026-06-30,CM,BSE,STK,532957,INE642I01014,GOKAKTEX,X,,,,,GOKAK TEXTILES LTD.,67.65,70.99,67.55,70.99,70.99,67.65,,70.99,,,490,33555.00,17,F1,1,,,,,
2026-06-30,2026-06-30,CM,BSE,STK,532966,INE615H01020,TITAGARH,A,,,,,TITAGARH RAIL SYSTEMS LIMITED,879.00,885.80,869.10,880.85,880.85,877.25,,880.70,,,19072,16735575.00,735,F1,1,,,,,
2026-06-30,2026-06-30,CM,BSE,STK,532967,INE415I01015,KIRIINDUS,A,,,,,KIRI INDUSTRIES LTD.,382.50,385.05,378.20,381.20,381.20,381.05,,381.45,,,5110,1949055.00,198,F1,1,,,,,
2026-06-30,2026-06-30,CM,BSE,STK,532974,INE865C01022,BIRLAMONEY,B,,,,,ADITYA BIRLA MONEY LTD.,138.45,142.80,138.45,142.25,142.50,138.45,,141.72,,,2371,334520.00,103,F1,1,,,,,
2026-06-30,2026-06-30,CM,BSE,STK,532975,INE778I01024,TELOGICA,XT,,,,,TELOGICA LIMITED,9.44,9.50,8.60,9.39,9.39,9.05,,9.39,,,41062,371652.00,42,F1,1,,,,,
2026-06-30,2026-06-30,CM,BSE,STK,532976,INE091G01026,JAIBALAJI,T,,,,,JAI BALAJI INDUSTRIES LTD.,66.30,69.69,66.30,67.90,68.19,67.19,,67.63,,,48564,3311227.00,232,F1,1,,,,,
2026-06-30,2026-06-30,CM,BSE,STK,532977,INE917I01010,BAJAJ-AUTO,A,,,,,BAJAJ AUTO LTD.,9679.20,9744.50,9505.00,9713.60,9713.60,9628.15,,9716.00,,,14408,139382894.00,2510,F1,1,,,,,
2026-06-30,2026-06-30,CM,BSE,STK,532978,INE918I01026,BAJAJFINSV,A,,,,,BAJAJ FINSERV LTD.,1760.00,1796.00,1754.80,1783.00,1783.00,1759.95,,1780.30,,,49990,88906931.00,4610,F1,1,,,,,
2026-06-30,2026-06-30,CM,BSE,STK,532980,INE020J01029,GOKUL,B,,,,,GOKUL REFOILS & SOLVENT LTD.,39.10,42.89,39.10,41.25,41.17,41.81,,41.25,,,17129,713369.00,43,F1,1,,,,,
2026-06-30,2026-06-30,CM,BSE,STK,532983,INE105J01010,RPGLIFE,B,,,,,RPG LIFE SCIENCES LTD.,2287.55,2309.30,2283.40,2304.50,2304.20,2271.10,,2292.60,,,196,449674.00,53,F1,1,,,,,
2026-06-30,2026-06-30,CM,BSE,STK,532985,INF174KA1JD7,SENSEX1,A,,,,,KOTAK MAHINDRA MUTUAL FUND,83.80,84.35,82.83,83.89,83.89,83.83,,83.89,,,496,41600.00,60,F1,1,,,,,
2026-06-30,2026-06-30,CM,BSE,STK,532986,INE368I01016,NIRAJ,T,,,,,NIRAJ CEMENT STRUCTURALS LTD.,30.30,30.30,29.01,29.75,29.75,30.10,,29.69,,,2578,76605.00,10,F1,1,,,,,
2026-06-30,2026-06-30,CM,BSE,STK,532989,INE878I01022,BAFNAPH,T,,,,,BAFNA PHARMACEUTICALS LTD.,210.40,218.70,210.40,218.70,218.70,208.30,,215.50,,,21135,4583212.00,197,F1,1,,,,,
2026-06-30,2026-06-30,CM,BSE,STK,532992,INE790D01020,CHLLTD,X,,,,,CHL LTD.,27.58,27.58,26.25,27.10,27.50,27.27,,27.10,,,396,10735.00,11,F1,1,,,,,
2026-06-30,2026-06-30,CM,BSE,STK,532993,INE955I01044,SEJALLTD,T,,,,,SEJAL GLASS LIMITED,722.00,755.00,722.00,746.25,735.00,728.00,,758.40,,,505,374525.00,20,F1,1,,,,,
2026-06-30,2026-06-30,CM,BSE,STK,532994,INE877I01016,ARCHIDPLY,B,,,,,ARCHIDPLY INDUSTRIES LTD.,77.41,84.00,77.41,82.10,82.10,82.50,,81.96,,,320,26751.00,22,F1,1,,,,,
2026-06-30,2026-06-30,CM,BSE,STK,532998,INE947I01017,LOTUSEYE,B,,,,,Lotus Eye Hospital And Institu,120.90,122.30,114.80,116.85,114.80,122.20,,116.82,,,1191,142741.00,64,F1,1,,,,,
2026-06-30,2026-06-30,CM,BSE,STK,533001,INE323J01019,SOMICONVEY,B,,,,,SOMI CONVEYOR BELTINGS LTD.,106.00,109.15,104.40,105.00,104.40,107.05,,105.18,,,1290,137098.00,64,F1,1,,,,,
2026-06-30,2026-06-30,CM,BSE,STK,533007,INE201J01017,LGBFORGE,XT,,,,,LGB FORGE LTD.,4.88,5.04,4.88,5.04,5.04,4.80,,5.04,,,305558,1523959.00,215,F1,1,,,,,
2026-06-30,2026-06-30,CM,BSE,STK,533012,INE197J01017,LPDC,B,,,,,LANDMARK PROPERTY DEVELOPMENT,6.47,6.99,6.15,6.64,6.64,6.47,,6.42,,,4087,26409.00,42,F1,1,,,,,
2026-06-30,2026-06-30,CM,BSE,STK,533014,INE176J01011,SICAGEN,B,,,,,SICAGEN INDIA LTD.,55.00,55.00,52.10,52.53,52.31,53.00,,52.57,,,4364,229464.00,55,F1,1,,,,,
2026-06-30,2026-06-30,CM,BSE,STK,533019,INE456H01029,SIMPLXPAP,X,,,,,SIMPLEX PAPERS LTD.,1187.60,1195.00,1187.60,1195.00,1195.00,1250.05,,1195.00,,,5,5945.00,4,F1,1,,,,,
2026-06-30,2026-06-30,CM,BSE,STK,533022,INE144J01027,20MICRONS,B,,,,,20 MICRONS LTD.,198.05,205.35,197.15,200.65,201.70,197.05,,201.40,,,10565,2133111.00,273,F1,1,,,,,
2026-06-30,2026-06-30,CM,BSE,STK,533023,INE342J01019,ZFCVINDIA,A,,,,,ZF Commercial Vehicle Control,2676.05,2676.05,2505.95,2561.55,2561.55,2687.45,,2566.00,,,30520,77874095.00,3264,F1,1,,,,,
2026-06-30,2026-06-30,CM,BSE,STK,533029,INE773I01017,ALKALI,T,,,,,ALKALI METALS LTD.,82.02,82.02,82.02,82.02,82.02,83.64,,82.63,,,10,820.00,1,F1,1,,,,,
2026-06-30,2026-06-30,CM,BSE,STK,533033,INE858B01029,ISGEC,A,,,,,ISGEC HEAVY ENGINEERING LTD.,924.00,927.55,916.20,926.70,923.00,924.90,,924.25,,,930,858107.00,100,F1,1,,,,,
2026-06-30,2026-06-30,CM,BSE,STK,533047,INE919H01018,IMFA,B,,,,,INDIAN METALS & FERRO ALLOYS L,1289.35,1290.00,1235.95,1263.15,1272.00,1313.85,,1265.90,,,8826,11169754.00,840,F1,1,,,,,
2026-06-30,2026-06-30,CM,BSE,STK,533048,INE065J01024,TPHQ,B,,,,,Teamo Productions HQ Limited,0.48,0.49,0.48,0.48,0.48,0.49,,0.48,,,254714,122651.00,70,F1,1,,,,,
2026-06-30,2026-06-30,CM,BSE,STK,533056,INE359B01010,VEDAVAAG,X,,,,,VEDAVAAG SYSTEMS LTD.,22.00,22.80,21.23,21.49,21.49,21.61,,21.49,,,31685,688665.00,244,F1,1,,,,,
2026-06-30,2026-06-30,CM,BSE,STK,533080,INE893J01029,MOLDTKPAC,B,,,,,MOLD-TEK PACKAGING LIMITED,727.90,741.50,712.85,718.90,717.85,707.30,,719.35,,,17806,12938770.00,926,F1,1,,,,,
2026-06-30,2026-06-30,CM,BSE,STK,533088,INE998I01010,MHRIL,B,,,,,MAHINDRA HOLIDAYS & RESORTS IN,243.05,243.05,236.65,237.15,238.95,240.90,,238.04,,,5797,1377673.00,216,F1,1,,,,,
2026-06-30,2026-06-30,CM,BSE,STK,533090,INE688J01023,LANDSMILL,B,,,,,Landsmill Green Limited,0.83,0.85,0.83,0.85,0.85,0.84,,0.84,,,142445,119698.00,108,F1,1,,,,,
2026-06-30,2026-06-30,CM,BSE,STK,533093,INE294G01026,ROML,B,,,,,RAJ OIL MILLS LTD.,45.00,46.58,45.00,46.58,46.58,46.05,,45.99,,,3980,179234.00,10,F1,1,,,,,
2026-06-30,2026-06-30,CM,BSE,STK,533095,INE083K01017,BENGALASM,B,,,,,BENGAL & ASSAM COMPANY LTD.,6350.00,6420.00,6307.10,6316.10,6316.10,6301.25,,6314.00,,,128,814060.00,41,F1,1,,,,,
2026-06-30,2026-06-30,CM,BSE,STK,533096,INE814H01029,ADANIPOWER,A,,,,,ADANI POWER LTD.,228.25,228.25,221.75,223.70,223.70,226.85,,223.77,,,1905090,427205902.00,9377,F1,1,,,,,
2026-06-30,2026-06-30,CM,BSE,STK,533098,INE848E01016,NHPC,A,,,,,NHPC LTD.,80.95,81.59,80.22,81.34,81.34,81.51,,81.33,,,674482,54624413.00,10387,F1,1,,,,,
2026-06-30,2026-06-30,CM,BSE,STK,533100,INE429K01012,PEIL,X,,,,,PREMIER ENERGY AND INFRASTRUCT,6.62,6.62,6.30,6.41,6.30,6.37,,6.41,,,3034,19398.00,28,F1,1,,,,,
2026-06-30,2026-06-30,CM,BSE,STK,533101,INE360J01011,SURYAAMBA,X,,,,,SURYAAMBA SPINNING MILLS LTD.,113.55,120.00,113.00,120.00,120.00,115.95,,120.00,,,700,81100.00,10,F1,1,,,,,
2026-06-30,2026-06-30,CM,BSE,STK,533104,INE615I01010,GLOBUSSPR,B,,,,,GLOBUS SPIRITS LTD.,871.35,913.00,866.00,900.20,895.40,864.85,,901.35,,,13893,12441785.00,759,F1,1,,,,,
2026-06-30,2026-06-30,CM,BSE,STK,533106,INE274J01014,OIL,A,,,,,OIL INDIA LTD.,413.65,418.00,411.00,416.90,416.90,412.75,,416.95,,,130054,54027267.00,3135,F1,1,,,,,
2026-06-30,2026-06-30,CM,BSE,STK,533107,INE542F01020,SWANDEF,T,,,,,SWAN DEFENCE AND HEAVY INDUSTR,2170.00,2240.00,2160.05,2204.15,2224.00,2208.60,,2197.40,,,1056,2308498.00,119,F1,1,,,,,
2026-06-30,2026-06-30,CM,BSE,STK,533108,INE274K01012,BTTL,B,,,,,BHILWARA TECHNICAL TEXTILES LT,43.25,47.50,43.03,45.53,43.40,46.02,,45.91,,,17864,794567.00,328,F1,1,,,,,
2026-06-30,2026-06-30,CM,BSE,STK,533110,INE318K01025,SPSL,X,,,,,SHREE PRECOATED STEELS LTD.,14.01,14.06,14.00,14.00,14.00,14.00,,14.00,,,7,98.00,3,F1,1,,,,,
2026-06-30,2026-06-30,CM,BSE,STK,533121,INE201K01015,EXPLEOSOL,B,,,,,EXPLEO SOLUTIONS LIMITED,810.15,810.15,797.00,800.00,798.00,806.40,,799.35,,,1601,1282868.00,168,F1,1,,,,,
2026-06-30,2026-06-30,CM,BSE,STK,533122,INE399K01017,RTNPOWER,A,,,,,RATTANINDIA POWER LTD.,9.05,9.13,9.00,9.05,9.05,9.03,,9.04,,,659975,5975886.00,1285,F1,1,,,,,
2026-06-30,2026-06-30,CM,BSE,STK,533137,INE947J01015,DEN,B,,,,,DEN NETWORKS LTD,29.25,29.82,28.69,29.21,29.15,29.40,,29.19,,,69387,2025373.00,440,F1,1,,,,,
2026-06-30,2026-06-30,CM,BSE,STK,533138,INE563J01010,ASTEC,B,,,,,ASTEC LIFESCIENCES LIMITED,707.75,719.25,703.80,711.10,712.20,714.45,,711.25,,,1537,1092429.00,127,F1,1,,,,,
2026-06-30,2026-06-30,CM,BSE,STK,533146,INE250K01012,DLINKINDIA,B,,,,,D-LINK (INDIA) LTD,527.75,527.75,513.25,515.50,517.45,517.70,,514.65,,,6433,3332684.00,327,F1,1,,,,,
2026-06-30,2026-06-30,CM,BSE,STK,533148,INE121E01018,JSWENERGY,A,,,,,JSW ENERGY LTD,588.00,588.00,574.00,583.60,583.60,586.55,,583.15,,,166020,96406654.00,4103,F1,1,,,,,
2026-06-30,2026-06-30,CM,BSE,STK,533149,INE143K01019,YUNIKM,X,,,,,Yunik Managing Advisors Limite,7.87,7.87,7.87,7.87,7.87,7.87,,7.87,,,922,7256.00,8,F1,1,,,,,
2026-06-30,2026-06-30,CM,BSE,STK,533150,INE484J01027,GODREJPROP,A,,,,,GODREJ PROPERTIES LTD,1826.60,1886.65,1826.60,1866.60,1868.00,1830.50,,1866.60,,,42572,79497800.00,2859,F1,1,,,,,
2026-06-30,2026-06-30,CM,BSE,STK,533151,INE950I01011,DBCORP,B,,,,,D B CORP LTD,193.60,196.20,189.00,190.90,190.85,194.25,,190.75,,,7986,1520796.00,331,F1,1,,,,,
2026-06-30,2026-06-30,CM,BSE,STK,533152,INE912H01013,MBLINFRA,T,,,,,MBL Infrastructure Ltd,26.55,26.55,26.55,26.55,26.55,25.30,,25.85,,,10,265.00,1,F1,1,,,,,
2026-06-30,2026-06-30,CM,BSE,STK,533155,INE797F01020,JUBLFOOD,A,,,,,JUBILANT FOODWORKS LTD,420.45,421.40,413.85,417.80,417.80,417.70,,417.60,,,58864,24568926.00,1430,F1,1,,,,,
2026-06-30,2026-06-30,CM,BSE,STK,533156,INE893I01013,VASCONEQ,T,,,,,VASCON ENGINEERS LTD,34.00,34.60,34.00,34.10,34.13,34.15,,34.02,,,8169,278292.00,104,F1,1,,,,,
2026-06-30,2026-06-30,CM,BSE,STK,533158,INE085J01014,THANGAMAYL,A,,,,,THANGAMAYIL JEWELLERY LTD,5900.90,6450.00,5900.90,6397.05,6397.05,5878.55,,6398.10,,,27106,168693783.00,3859,F1,1,,,,,
2026-06-30,2026-06-30,CM,BSE,STK,533160,INE879I01012,DBREALTY,T,,,,,VALOR ESTATE LIMITED,111.90,112.00,109.00,110.75,110.75,111.90,,110.89,,,18507,2042238.00,161,F1,1,,,,,
2026-06-30,2026-06-30,CM,BSE,STK,533161,INE753K01015,EMMBI,B,,,,,EMMBI INDUSTRIES LTD,99.00,103.00,98.00,98.00,98.00,93.32,,97.55,,,2217,221794.00,100,F1,1,,,,,
2026-06-30,2026-06-30,CM,BSE,STK,533162,INE982F01036,HATHWAY,B,,,,,HATHWAY CABLE & DATACOM LTD,11.01,11.38,11.01,11.16,11.23,11.09,,11.15,,,169925,1903224.00,261,F1,1,,,,,
2026-06-30,2026-06-30,CM,BSE,STK,533164,INE141K01013,TEXMOPIPES,B,,,,,TEXMO PIPES & PRODUCTS LTD.,46.00,46.50,44.96,45.81,45.85,46.19,,45.48,,,7802,358572.00,187,F1,1,,,,,
2026-06-30,2026-06-30,CM,BSE,STK,533166,INE108E01023,SUNDARAM,B,,,,,SUNDARAM MULTI PAP LTD.,1.33,1.39,1.30,1.32,1.31,1.34,,1.32,,,118952,156133.00,98,F1,1,,,,,
2026-06-30,2026-06-30,CM,BSE,STK,533167,INE312J01012,COROENGG,X,,,,,COROMANDEL ENGINEERING COMPANY,59.76,59.76,56.42,57.98,57.98,57.20,,57.98,,,1035,59875.00,13,F1,1,,,,,
2026-06-30,2026-06-30,CM,BSE,STK,533168,INE847C01020,ROSSELLIND,B,,,,,ROSSELL INDIA LTD.,58.22,58.54,56.56,57.76,57.63,57.08,,57.65,,,3178,183483.00,244,F1,1,,,,,
2026-06-30,2026-06-30,CM,BSE,STK,533169,INE949H01023,MANINFRA,A,,,,,MAN INFRACONSTRUCTION LTD.,104.50,107.00,103.80,104.30,104.50,104.65,,104.19,,,237528,25142899.00,800,F1,1,,,,,
2026-06-30,2026-06-30,CM,BSE,STK,533170,INE864J01012,TAMBOLIIN,B,,,,,TAMBOLI INDUSTRIES LIMITED,226.15,229.40,218.65,222.05,222.05,223.35,,222.43,,,3979,889424.00,106,F1,1,,,,,
2026-06-30,2026-06-30,CM,BSE,STK,533172,INF205KA1BP1,IVZINGOLD,E,,,,,INVESCO India Gold Exchange Tr,120.49,122.16,119.89,122.00,122.16,122.86,,121.90,,,3545,430955.00,68,F1,1,,,,,
2026-06-30,2026-06-30,CM,BSE,STK,533177,INE975G01012,IL&FSTRANS,Z,,,,,IL&FS TRANSPORTATION NETWORKS,2.32,2.32,2.27,2.27,2.27,2.38,,2.19,,,3308,7593.00,12,F1,1,,,,,
2026-06-30,2026-06-30,CM,BSE,STK,533179,INE262H01021,PERSISTENT,A,,,,,PERSISTENT SYSTEMS LTD.,4339.90,4346.35,4242.65,4325.90,4325.90,4298.25,,4326.50,,,143725,618336342.00,10823,F1,1,,,,,
2026-06-30,2026-06-30,CM,BSE,STK,533181,INE566K01011,ISFT,B,,,,,INTRASOFT TECHNOLOGIES LTD.,79.76,82.02,79.22,80.69,80.50,79.37,,80.20,,,732,59205.00,26,F1,1,,,,,
2026-06-30,2026-06-30,CM,BSE,STK,533192,INE790B01024,KCPSUGIND,B,,,,,KCP SUGAR & INDUSTRIES CORPORA,22.06,22.29,21.89,22.19,22.00,21.97,,22.07,,,3214,71008.00,45,F1,1,,,,,
2026-06-30,2026-06-30,CM,BSE,STK,533193,INE134B01017,KECL,T,,,,,KIRLOSKAR ELECTRIC COMPANY LTD,117.70,117.70,117.70,117.70,117.70,115.40,,117.70,,,9687,1140159.00,66,F1,1,,,,,
2026-06-30,2026-06-30,CM,BSE,STK,533202,INE639K01016,SATCH,XT,,,,,SATCHMO HOLDINGS LIMITED,5.18,5.27,4.95,5.27,5.27,5.09,,5.27,,,110547,557852.00,116,F1,1,,,,,
2026-06-30,2026-06-30,CM,BSE,STK,533203,INE747K01017,TARAPUR,B,,,,,TARAPUR TRANSFORMERS LTD,19.34,19.34,17.69,17.82,18.00,18.62,,17.92,,,4557,82057.00,88,F1,1,,,,,
2026-06-30,2026-06-30,CM,BSE,STK,533206,INE002L01015,SJVN,A,,,,,SJVN LTD,73.45,74.54,72.68,73.34,73.34,71.90,,73.16,,,828739,61031812.00,4448,F1,1,,,,,
2026-06-30,2026-06-30,CM,BSE,STK,533208,INE830C01026,EMAMIPAP,B,,,,,EMAMI PAPER MILLS LTD.,84.80,90.10,84.80,87.05,86.55,86.09,,87.22,,,2435,212626.00,59,F1,1,,,,,
2026-06-30,2026-06-30,CM,BSE,STK,533210,INE798K01010,KRITINUT,T,,,,,KRITI NUTRIENTS LTD,83.58,83.58,83.25,83.25,83.25,83.58,,82.77,,,304,25396.00,9,F1,1,,,,,
2026-06-30,2026-06-30,CM,BSE,STK,533212,INE265D01015,GKB,X,,,,,GKB OPHTHALMICS LTD.,62.38,64.50,62.37,64.29,63.00,62.65,,64.29,,,1458,91641.00,9,F1,1,,,,,
2026-06-30,2026-06-30,CM,BSE,STK,533217,INE871K01015,HMVL,B,,,,,HINDUSTAN MEDIA VENTURES LTD.,86.44,86.50,85.00,86.05,86.00,85.30,,86.36,,,1707,145987.00,64,F1,1,,,,,
2026-06-30,2026-06-30,CM,BSE,STK,533218,INE778K01012,EMAMIREAL,T,,,,,EMAMI REALTY LIMITED,81.40,85.00,80.80,85.00,85.00,84.97,,84.99,,,964,79495.00,18,F1,1,,,,,
2026-06-30,2026-06-30,CM,BSE,STK,533227,INE926K01017,AHLEAST,B,,,,,ASIAN HOTELS (EAST) LTD.,147.00,147.00,144.30,144.50,144.30,146.20,,144.60,,,524,76116.00,35,F1,1,,,,,
2026-06-30,2026-06-30,CM,BSE,STK,533229,INE933K01021,BAJAJCON,B,,,,,BAJAJ CONSUMER CARE LIMITED,591.75,605.00,591.75,598.45,598.45,597.80,,599.00,,,22386,13414951.00,690,F1,1,,,,,
2026-06-30,2026-06-30,CM,BSE,STK,533230,INF179KC1981,HDFCGOLD,E,,,,,HDFC MUTUAL FUND - HDFC GOLD E,123.29,123.29,118.33,119.79,120.00,120.29,,119.76,,,201609,24077392.00,1911,F1,1,,,,,
2026-06-30,2026-06-30,CM,BSE,STK,533239,INE696K01024,PRAKASHSTL,B,,,,,PRAKASH STEELAGE LTD.,4.10,4.25,4.02,4.12,4.19,4.19,,4.16,,,41964,171069.00,171,F1,1,,,,,
2026-06-30,2026-06-30,CM,BSE,STK,533244,INF109KC1NT3,GOLDIETF,E,,,,,ICICI Prudential Gold ETF,123.66,123.66,118.39,120.08,120.25,120.65,,120.10,,,303167,36216468.00,3394,F1,1,,,,,
2026-06-30,2026-06-30,CM,BSE,STK,533248,INE517F01014,GPPL,A,,,,,GUJARAT PIPAVAV PORT LTD.,152.75,152.75,150.50,151.15,151.30,151.95,,151.10,,,90667,13711448.00,1625,F1,1,,,,,
2026-06-30,2026-06-30,CM,BSE,STK,533252,INE389K01018,WELINV,T,,,,,WELSPUN INVESTMENTS AND COMMER,1571.00,1571.00,1571.00,1571.00,1571.00,1653.15,,1708.60,,,3,4713.00,1,F1,1,,,,,
2026-06-30,2026-06-30,CM,BSE,STK,533257,INE866K01023,WAAREEINDO,B,,,,,INDOSOLAR LTD.,404.20,404.20,386.05,390.00,390.00,394.50,,389.95,,,3339,1307912.00,250,F1,1,,,,,
2026-06-30,2026-06-30,CM,BSE,STK,533259,INE019J01013,HEALTHX,B,,,,,HEALTH X PLATFORM LIMITED,313.30,315.10,303.65,304.20,305.00,319.45,,307.30,,,162,49450.00,51,F1,1,,,,,
2026-06-30,2026-06-30,CM,BSE,STK,533260,INE521J01018,CPCAP,T,,,,,CP CAPITAL LIMITED,105.70,105.80,104.15,104.15,104.15,104.10,,106.10,,,51,5393.00,4,F1,1,,,,,
2026-06-30,2026-06-30,CM,BSE,STK,533262,INE874I01013,RAMKY,B,,,,,RAMKY INFRASTRUCTURE LTD.,401.00,404.35,397.60,402.30,403.00,399.15,,401.50,,,4971,1989616.00,115,F1,1,,,,,
2026-06-30,2026-06-30,CM,BSE,STK,533263,INE999K01014,GREENPOWER,B,,,,,ORIENT GREEN POWER COMPANY LTD,10.38,10.53,10.35,10.42,10.42,10.45,,10.41,,,216711,2256020.00,787,F1,1,,,,,
2026-06-30,2026-06-30,CM,BSE,STK,533267,INE068L01024,CANTABIL,B,,,,,CANTABIL RETAIL INDIA LTD.,242.05,242.05,235.90,238.80,238.25,239.65,,239.35,,,12581,2989280.00,171,F1,1,,,,,
2026-06-30,2026-06-30,CM,BSE,STK,533268,INE351L01016,SEATV,X,,,,,SEA TV NETWORK LTD.,3.02,3.02,2.99,2.99,2.99,3.14,,2.99,,,2399,7218.00,16,F1,1,,,,,
2026-06-30,2026-06-30,CM,BSE,STK,533269,INE956G01038,WABAG,A,,,,,VA TECH WABAG LTD.,1997.00,2037.40,1985.00,2010.75,2012.40,1998.30,,2009.20,,,21312,42738043.00,2029,F1,1,,,,,
2026-06-30,2026-06-30,CM,BSE,STK,533271,INE442H01029,ASHOKA,A,,,,,ASHOKA BUILDCON LTD.,132.50,132.95,129.80,130.65,130.90,132.30,,130.56,,,48674,6371213.00,594,F1,1,,,,,
2026-06-30,2026-06-30,CM,BSE,STK,533272,INE209L01016,JWL,A,,,,,JUPITER WAGONS LIMITED,270.60,270.60,265.35,267.90,267.90,269.25,,267.80,,,108478,28989728.00,1829,F1,1,,,,,
2026-06-30,2026-06-30,CM,BSE,STK,533273,INE093I01010,OBEROIRLTY,A,,,,,OBEROI REALTY LTD.,1771.00,1784.80,1747.05,1768.65,1767.00,1754.50,,1769.20,,,20764,36740917.00,2721,F1,1,,,,,
2026-06-30,2026-06-30,CM,BSE,STK,533274,INE811K01011,PRESTIGE,A,,,,,PRESTIGE ESTATES PROJECTS LTD.,1566.45,1576.25,1543.50,1563.50,1559.50,1539.00,,1564.60,,,20082,31342596.00,1717,F1,1,,,,,
2026-06-30,2026-06-30,CM,BSE,STK,533275,INE482J01021,SHAH,B,,,,,SHAH METACORP LIMITED,4.15,4.28,4.10,4.12,4.15,4.04,,4.13,,,159396,665158.00,215,F1,1,,,,,
2026-06-30,2026-06-30,CM,BSE,STK,533278,INE522F01014,COALINDIA,A,,,,,COAL INDIA LTD.,446.70,447.10,438.25,439.05,439.05,444.65,,439.05,,,191750,84543929.00,3428,F1,1,,,,,
2026-06-30,2026-06-30,CM,BSE,STK,533282,INE024L01027,GRAVITA,A,,,,,GRAVITA INDIA LTD.,1665.00,1683.30,1625.05,1631.90,1663.00,1668.85,,1630.30,,,16711,27680876.00,1664,F1,1,,,,,
2026-06-30,2026-06-30,CM,BSE,STK,533284,INE324L01013,RPPINFRA,B,,,,,RPP INFRA PROJECTS LTD.,64.00,65.00,64.00,64.15,64.19,62.95,,64.63,,,752,48478.00,43,F1,1,,,,,
2026-06-30,2026-06-30,CM,BSE,STK,533285,INE245L01028,RDBIPL,B,,,,,RDB INFRASTRUCTURE AND POWER L,20.75,21.24,19.87,19.87,19.87,20.91,,19.87,,,148086,2962468.00,463,F1,1,,,,,
2026-06-30,2026-06-30,CM,BSE,STK,533286,INE490G01020,MOIL,A,,,,,MOIL LTD.,280.00,280.70,277.55,278.35,278.35,280.80,,278.10,,,18311,5108597.00,984,F1,1,,,,,
2026-06-30,2026-06-30,CM,BSE,STK,533287,INE565L01011,ZEELEARN,T,,,,,ZEE LEARN LTD.,8.12,8.96,8.12,8.96,8.96,8.54,,8.95,,,238073,2071314.00,291,F1,1,,,,,
2026-06-30,2026-06-30,CM,BSE,STK,533289,INE096L01025,KTIL,X,,,,,KESAR TERMINALS & INFRASTRUCTU,63.74,63.80,63.73,63.80,63.80,62.25,,63.80,,,2038,130016.00,9,F1,1,,,,,
2026-06-30,2026-06-30,CM,BSE,STK,533292,INE619I01012,A2ZINFRA,B,,,,,A2Z INFRA ENGINEERING LIMITED,14.05,14.10,13.35,13.46,13.46,13.71,,13.43,,,29759,403902.00,115,F1,1,,,,,
2026-06-30,2026-06-30,CM,BSE,STK,533293,INE146L01010,KIRLOSENG,A,,,,,KIRLOSKAR OIL ENGINES LTD.,2443.10,2455.05,2350.15,2363.90,2363.90,2442.80,,2364.00,,,59840,141869776.00,4880,F1,1,,,,,
2026-06-30,2026-06-30,CM,BSE,STK,533294,INE722J01012,RKDL,B,,,,,RAVI KUMAR DISTILLERIES LTD.,22.28,22.28,18.56,18.56,18.56,18.57,,18.41,,,5089,98185.00,41,F1,1,,,,,
2026-06-30,2026-06-30,CM,BSE,STK,533295,INE608A01012,PSB,B,,,,,PUNJAB & SIND BANK,24.37,24.66,24.14,24.24,24.33,24.37,,24.24,,,52993,1293503.00,377,F1,1,,,,,
2026-06-30,2026-06-30,CM,BSE,STK,533296,INE360L01017,FMNL,T,,,,,FUTURE MARKET NETWORKS LTD.,11.28,11.28,10.33,10.87,10.89,10.75,,10.77,,,1918,20623.00,21,F1,1,,,,,
2026-06-30,2026-06-30,CM,BSE,STK,533298,INE272L01022,SURANASOL,B,,,,,SURANA SOLAR LTD.,26.80,27.52,26.61,26.96,26.96,26.89,,26.97,,,6135,165398.00,41,F1,1,,,,,
2026-06-30,2026-06-30,CM,BSE,STK,533301,INE268L01046,SHEKHAWATI,T,,,,,SHEKHAWATI INDUSTRIES LIMITED,14.00,14.58,13.28,13.96,13.96,13.91,,13.81,,,10450,142488.00,37,F1,1,,,,,
2026-06-30,2026-06-30,CM,BSE,STK,533302,INE029L01018,KICL,B,,,,,KALYANI INVESTMENT COMPANY LTD,5264.00,5366.85,5213.55,5337.00,5337.00,5279.15,,5316.50,,,71,374993.00,40,F1,1,,,,,
2026-06-30,2026-06-30,CM,BSE,STK,533303,INE878K01010,BFINVEST,B,,,,,BF INVESTMENT LTD.,448.35,450.00,445.35,447.30,448.00,447.35,,446.70,,,376,168405.00,59,F1,1,,,,,
2026-06-30,2026-06-30,CM,BSE,STK,533306,INE519C01017,SUMMITSEC,B,,,,,SUMMIT SECURITIES LTD.,1515.00,1524.00,1507.45,1507.85,1507.80,1504.35,,1510.90,,,124,187735.00,33,F1,1,,,,,
2026-06-30,2026-06-30,CM,BSE,STK,533316,INE577L01016,STEL,B,,,,,STEL HOLDINGS LIMITED,580.80,581.45,570.00,570.00,570.00,571.00,,572.10,,,128,74153.00,23,F1,1,,,,,
2026-06-30,2026-06-30,CM,BSE,STK,533326,INE621L01012,TEXRAIL,A,,,,,TEXMACO RAIL & ENGINEERING LTD,108.85,110.05,107.15,107.65,107.65,107.40,,107.66,,,64125,6921776.00,497,F1,1,,,,,
2026-06-30,2026-06-30,CM,BSE,STK,533329,INE611L01021,INDTERRAIN,B,,,,,INDIAN TERRAIN FASHIONS LTD.,32.99,33.24,32.21,32.21,32.21,33.82,,32.40,,,3680,119489.00,130,F1,1,,,,,
2026-06-30,2026-06-30,CM,BSE,STK,533333,INE045J01034,FCL,B,,,,,FINEOTEX CHEMICAL LTD.,38.54,39.62,38.51,38.84,38.84,38.29,,38.80,,,734547,28662045.00,1646,F1,1,,,,,
2026-06-30,2026-06-30,CM,BSE,STK,533336,INE320L01011,DHUNINV,B,,,,,DHUNSERI INVESTMENTS LTD.,842.65,865.00,842.65,851.80,855.70,826.05,,862.45,,,11,9351.00,10,F1,1,,,,,
2026-06-30,2026-06-30,CM,BSE,STK,533339,INE251B01027,ZENTEC,A,,,,,ZEN TECHNOLOGIES LTD.,1744.10,1789.00,1721.35,1774.55,1774.55,1742.85,,1773.50,,,54615,96068876.00,4843,F1,1,,,,,
2026-06-30,2026-06-30,CM,BSE,STK,533343,INE597L01014,LOVABLE,B,,,,,LOVABLE LINGERIE LTD.,77.90,81.00,77.90,80.12,81.00,77.40,,80.26,,,12352,980231.00,374,F1,1,,,,,
2026-06-30,2026-06-30,CM,BSE,STK,533344,INE560K01014,PFS,B,,,,,PTC INDIA FINANCIAL SERVICES L,31.60,31.65,31.08,31.30,31.40,31.34,,31.34,,,32914,1027922.00,159,F1,1,,,,,
2026-06-30,2026-06-30,CM,BSE,STK,533385,INF247L01AP3,MON100,E,,,,,MOTILAL OSWAL MOST SHARES NASD,325.72,325.72,325.72,325.72,325.72,324.22,,325.72,,,7259,2364401.00,109,F1,1,,,,,
2026-06-30,2026-06-30,CM,BSE,STK,533398,INE414G01012,MUTHOOTFIN,A,,,,,MUTHOOT FINANCE LTD.,3020.00,3025.10,2976.75,2997.10,2997.10,3023.85,,2997.30,,,16371,49072543.00,2542,F1,1,,,,,
2026-06-30,2026-06-30,CM,BSE,STK,533407,INE672K01025,TRUEGREEN,XT,,,,,TRUE GREEN BIO ENERGY LIMITED,190.00,192.70,190.00,192.00,192.00,192.10,,192.00,,,10426,1981819.00,25,F1,1,,,,,
2026-06-30,2026-06-30,CM,BSE,STK,533408,INF209KB18D3,BSLGOLDETF,E,,,,,Aditya Birla Sun Life Mutual F,122.26,123.75,121.87,123.39,123.32,123.82,,123.40,,,9306,1144447.00,214,F1,1,,,,,
2026-06-30,2026-06-30,CM,BSE,STK,533427,INE932K01015,VMS,X,,,,,VMS INDUSTRIES LTD.,21.92,22.80,21.70,21.87,21.71,21.86,,21.87,,,35066,773783.00,144,F1,1,,,,,
2026-06-30,2026-06-30,CM,BSE,STK,533451,INE725L01011,KARMAENG,B,,,,,KARMA ENERGY LTD.,39.41,44.00,39.41,44.00,44.00,41.55,,41.59,,,204,8366.00,7,F1,1,,,,,
2026-06-30,2026-06-30,CM,BSE,STK,533452,INE726L01027,DELPHIFX,B,,,,,DELPHI WORLD MONEY LIMITED,8.35,8.40,8.10,8.16,8.20,8.28,,8.16,,,17278,141835.00,76,F1,1,,,,,
2026-06-30,2026-06-30,CM,BSE,STK,533470,INE573K01025,RUSHIL,B,,,,,RUSHIL DECOR LTD.,16.78,17.44,16.50,16.75,16.75,16.39,,16.89,,,21628,365358.00,165,F1,1,,,,,
2026-06-30,2026-06-30,CM,BSE,STK,533477,INE130L01014,ENKEIWHEL,X,,,,,ENKEI WHEELS (INDIA) LTD.,353.05,374.75,353.00,371.55,372.00,342.45,,371.55,,,10025,3655878.00,308,F1,1,,,,,
2026-06-30,2026-06-30,CM,BSE,STK,533482,INE524L01026,KRIDHANINF,T,,,,,KRIDHAN INFRA LIMITED,2.90,2.90,2.85,2.85,2.85,2.78,,2.76,,,59,170.00,3,F1,1,,,,,
2026-06-30,2026-06-30,CM,BSE,STK,533506,INE878H01024,INVENTURE,B,,,,,INVENTURE GROWTH & SECURITIES,0.93,0.95,0.93,0.94,0.94,0.94,,0.93,,,77896,72842.00,106,F1,1,,,,,
2026-06-30,2026-06-30,CM,BSE,STK,533519,INE498L01015,LTF,A,,,,,L&T Finance Limited,301.30,312.00,297.80,310.65,310.65,299.30,,310.75,,,759858,233354952.00,8913,F1,1,,,,,
2026-06-30,2026-06-30,CM,BSE,STK,533520,INE126M01010,IBULLSLTD,T,,,,,Indiabulls Limited,26.99,28.20,26.50,27.84,27.84,26.86,,27.81,,,595130,16525698.00,1137,F1,1,,,,,
2026-06-30,2026-06-30,CM,BSE,STK,533540,INE040M01013,TREEHOUSE,B,,,,,TREE HOUSE EDUCATION & ACCESSO,6.99,7.20,6.69,7.00,7.00,6.99,,6.94,,,26520,189149.00,45,F1,1,,,,,
2026-06-30,2026-06-30,CM,BSE,STK,533543,INE650L01011,BROOKS,T,,,,,BROOKS LABORATORIES LTD.,72.99,72.99,68.95,68.95,68.95,69.95,,68.86,,,128,8937.00,6,F1,1,,,,,
2026-06-30,2026-06-30,CM,BSE,STK,533552,INE895B01021,RUPA,B,,,,,RUPA & COMPANY LTD.,169.00,170.80,167.75,169.05,169.15,168.70,,169.02,,,7327,1237096.00,219,F1,1,,,,,
2026-06-30,2026-06-30,CM,BSE,STK,533553,INE419M01027,TDPOWERSYS,A,,,,,T D POWER SYSTEMS LTD.,1242.00,1272.45,1215.10,1238.00,1220.00,1233.20,,1238.30,,,79937,99130412.00,6197,F1,1,,,,,
2026-06-30,2026-06-30,CM,BSE,STK,533570,INF846K01W80,AXISGOLD,E,,,,,AXIS MUTUAL FUND - AXIS GOLD E,120.30,120.30,115.11,116.86,117.01,117.37,,116.78,,,63838,7430689.00,1625,F1,1,,,,,
2026-06-30,2026-06-30,CM,BSE,STK,533573,INE901L01018,APLLTD,A,,,,,ALEMBIC PHARMACEUTICALS LTD.,794.25,831.35,784.00,823.55,825.00,786.25,,822.75,,,36735,29966862.00,1739,F1,1,,,,,
2026-06-30,2026-06-30,CM,BSE,STK,533576,INE590L01019,VASWANI,B,,,,,VASWANI INDUSTRIES LTD.,53.88,55.82,53.88,55.62,55.82,54.28,,55.44,,,4144,229527.00,77,F1,1,,,,,
2026-06-30,2026-06-30,CM,BSE,STK,533581,INE457L01029,PGEL,A,,,,,PG ELECTROPLAST LTD.,535.80,536.65,530.80,533.35,535.25,535.80,,533.40,,,35575,18988349.00,851,F1,1,,,,,
2026-06-30,2026-06-30,CM,BSE,STK,533602,INE050L01048,LESHAIND,X,,,,,LESHA INDUSTRIES LTD.,0.80,0.80,0.76,0.78,0.78,0.79,,0.78,,,263324,205605.00,141,F1,1,,,,,
2026-06-30,2026-06-30,CM,BSE,STK,533605,INE023M01027,SETUINFRA,Z,,,,,SETUBANDHAN INFRASTRUCTURE LIM,0.44,0.44,0.42,0.43,0.43,0.43,,0.45,,,33560,14434.00,10,F1,1,,,,,
2026-06-30,2026-06-30,CM,BSE,STK,533608,INE123M01017,RDBRL,X,,,,,RDB RASAYANS LTD.,150.10,156.10,150.00,151.85,152.15,150.80,,151.85,,,4250,644307.00,80,F1,1,,,,,
2026-06-30,2026-06-30,CM,BSE,STK,533629,INE440L01017,TIJARIA,B,,,,,TIJARIA POLYPIPES LTD.,4.45,4.51,4.34,4.47,4.40,4.35,,4.48,,,734,3259.00,12,F1,1,,,,,
2026-06-30,2026-06-30,CM,BSE,STK,533632,INE912L01015,ONELIFECAP,T,,,,,ONELIFE CAPITAL ADVISORS LTD.,33.95,35.25,32.75,35.09,35.00,33.70,,35.06,,,6000,208586.00,39,F1,1,,,,,
2026-06-30,2026-06-30,CM,BSE,STK,533638,INE060J01017,FLEXITUFF,T,,,,,FLEXITUFF VENTURES INTERNATION,5.88,5.88,5.65,5.80,5.80,5.89,,5.62,,,278,1613.00,6,F1,1,,,,,
2026-06-30,2026-06-30,CM,BSE,STK,533644,INE899L01030,UEL,B,,,,,UJAAS ENERGY LIMITED,127.00,132.60,127.00,129.45,130.85,131.85,,129.74,,,2222,290231.00,69,F1,1,,,,,
2026-06-30,2026-06-30,CM,BSE,STK,533655,INE152M01016,TRITURBINE,A,,,,,TRIVENI TURBINE LTD.,682.95,699.00,681.35,689.85,689.85,688.05,,689.75,,,84580,58565007.00,3054,F1,1,,,,,
2026-06-30,2026-06-30,CM,BSE,STK,533676,INE337M01021,INDOTHAI,B,,,,,INDO THAI SECURITIES LTD.,224.10,229.70,224.10,226.85,227.05,222.40,,227.06,,,16398,3712607.00,222,F1,1,,,,,
2026-06-30,2026-06-30,CM,BSE,STK,533704,INE122M01019,ESSARSHPNG,B,,,,,ESSAR SHIPPING LTD.,23.24,23.32,23.00,23.03,23.21,23.24,,23.09,,,6705,154800.00,110,F1,1,,,,,
2026-06-30,2026-06-30,CM,BSE,STK,533719,INF767K01SM1,LICMFGOLD,E,,,,,LIC MUTUAL FUND - LIC MF GOLD,125.76,127.34,125.01,126.69,126.72,127.05,,126.35,,,6593,831563.00,248,F1,1,,,,,
2026-06-30,2026-06-30,CM,BSE,STK,533758,INE702C01027,APLAPOLLO,A,,,,,APL APOLLO TUBES LTD.,1781.55,1799.00,1769.15,1788.35,1793.40,1788.30,,1788.70,,,49442,88415942.00,2197,F1,1,,,,,
2026-06-30,2026-06-30,CM,BSE,STK,533761,INE390G01014,GPTINFRA,B,,,,,GPT INFRAPROJECTS LTD.,132.00,136.95,131.00,133.55,133.00,132.85,,133.41,,,20704,2781820.00,504,F1,1,,,,,
2026-06-30,2026-06-30,CM,BSE,STK,533896,INE258M01011,FERVENTSYN,X,,,,,FERVENT SYNERGIES LTD.,14.50,15.75,14.20,15.19,14.50,14.30,,15.19,,,3553,52944.00,41,F1,1,,,,,
2026-06-30,2026-06-30,CM,BSE,STK,533941,INE480M01011,THOMASCOTT,B,,,,,THOMAS SCOTT (INDIA) LIMITED,325.35,337.30,323.95,335.15,335.15,325.35,,333.60,,,1899,629803.00,105,F1,1,,,,,
2026-06-30,2026-06-30,CM,BSE,STK,533982,INE482B01010,TERASOFT,B,,,,,TERA SOFTWARE LTD.,411.95,414.00,404.90,412.95,411.45,416.25,,413.55,,,554,227039.00,80,F1,1,,,,,
2026-06-30,2026-06-30,CM,BSE,STK,534060,INE793G01035,PMCFIN,X,,,,,PMC FINCORP LIMITED,1.85,1.85,1.75,1.83,1.85,1.85,,1.83,,,728372,1319232.00,529,F1,1,,,,,
2026-06-30,2026-06-30,CM,BSE,STK,534063,INE241F01011,FUTSOL,X,,,,,FUTURISTIC SOLUTIONS LTD.,47.90,47.90,47.90,47.90,47.90,47.90,,47.90,,,9,431.00,1,F1,1,,,,,
2026-06-30,2026-06-30,CM,BSE,STK,534064,INE123D01024,AIML,XT,,,,,ALLIANCE INTEGRATED METALIKS L,2.83,2.83,2.83,2.83,2.83,2.97,,2.83,,,23847,67487.00,115,F1,1,,,,,
2026-06-30,2026-06-30,CM,BSE,STK,534076,INE743M01012,RHIM,A,,,,,RHI MAGNESITA INDIA LIMITED,372.00,372.10,363.20,367.15,368.75,372.20,,367.75,,,4526,1665269.00,242,F1,1,,,,,
2026-06-30,2026-06-30,CM,BSE,STK,534091,INE745G01043,MCX,A,,,,,MULTI COMMODITY EXCHANGE OF IN,2922.00,2933.30,2828.70,2836.95,2836.95,2913.90,,2837.20,,,191461,547912828.00,11119,F1,1,,,,,
2026-06-30,2026-06-30,CM,BSE,STK,534139,INE839M01018,SCHNEIDER,A,,,,,SCHNEIDER ELECTRIC INFRASTRUCT,1453.00,1453.00,1356.05,1360.75,1360.75,1458.45,,1360.20,,,60967,84496861.00,4027,F1,1,,,,,
2026-06-30,2026-06-30,CM,BSE,STK,534190,INE550L01013,OLPCL,X,,,,,OLYMPIC CARDS LTD.,2.82,2.88,2.82,2.88,2.88,3.00,,2.88,,,2098,5980.00,8,F1,1,,,,,
2026-06-30,2026-06-30,CM,BSE,STK,534309,INE095N01031,NBCC,A,,,,,NBCC (India) Limited,104.80,106.35,104.40,104.85,104.85,104.35,,104.93,,,792667,83398914.00,4049,F1,1,,,,,
2026-06-30,2026-06-30,CM,BSE,STK,534312,INE472M01018,MTEDUCARE,T,,,,,MT EDUCARE LTD.,2.30,2.35,2.30,2.31,2.31,2.25,,2.42,,,2001,4656.00,10,F1,1,,,,,
2026-06-30,2026-06-30,CM,BSE,STK,534328,INE750M01017,HEXATRADEX,B,,,,,HEXA TRADEX LTD.,159.05,174.00,158.60,162.95,162.95,163.45,,158.30,,,334,54543.00,55,F1,1,,,,,
2026-06-30,2026-06-30,CM,BSE,STK,534338,INE393F01010,MAXHEIGHTS,X,,,,,Max heights Infrastucture Ltd,13.00,14.25,13.00,14.25,14.25,13.00,,14.25,,,856,11175.00,6,F1,1,,,,,
2026-06-30,2026-06-30,CM,BSE,STK,534369,INE760L01018,TBZ,B,,,,,TRIBHOVANDAS BHIMJI ZAVERI LTD,189.00,199.00,189.00,195.30,195.30,189.85,,195.13,,,71154,13914327.00,988,F1,1,,,,,
2026-06-30,2026-06-30,CM,BSE,STK,534392,INE050M01012,VSSL,B,,,,,VARDHMAN SPECIAL STEELS LTD.,278.20,281.40,277.10,277.60,277.10,277.55,,279.40,,,7788,2178386.00,39,F1,1,,,,,
2026-06-30,2026-06-30,CM,BSE,STK,534422,INE204N01013,LOOKS,XT,,,,,LOOKS HEALTH SERVICES LIMITED,8.66,9.25,8.62,9.03,9.00,9.07,,9.03,,,19527,172587.00,73,F1,1,,,,,
2026-06-30,2026-06-30,CM,BSE,STK,534425,INE247M01014,SPECIALITY,B,,,,,SPECIALITY RESTAURANTS LTD.,132.50,132.95,126.00,126.05,126.65,133.70,,126.80,,,4079,527549.00,78,F1,1,,,,,
2026-06-30,2026-06-30,CM,BSE,STK,534532,INE142K01011,LYPSAGEMS,B,,,,,LYPSA GEMS & JEWELLERY LTD,4.60,4.79,4.52,4.66,4.66,4.73,,4.67,,,36846,171912.00,137,F1,1,,,,,
2026-06-30,2026-06-30,CM,BSE,STK,534535,INE958L01034,META,T,,,,,STRING METAVERSE LIMITED,7.59,7.80,7.40,7.45,7.50,7.58,,7.45,,,774857,5856635.00,845,F1,1,,,,,
2026-06-30,2026-06-30,CM,BSE,STK,534597,INE834M01019,RTNINDIA,A,,,,,RATTANINDIA ENTERPRISES LIMITE,32.91,33.70,32.91,33.39,33.60,32.91,,33.36,,,87632,2910058.00,684,F1,1,,,,,
2026-06-30,2026-06-30,CM,BSE,STK,534598,INE735M01018,SAMPANN,B,,,,,Sampann Utpadan India Limited,27.55,28.93,27.55,27.92,27.58,28.29,,27.96,,,168933,4795537.00,106,F1,1,,,,,
2026-06-30,2026-06-30,CM,BSE,STK,534600,INE391J01032,JTLIND,B,,,,,JTL INDUSTRIES LIMITED,78.18,80.25,77.40,79.39,79.09,78.04,,79.58,,,71275,5612462.00,396,F1,1,,,,,
2026-06-30,2026-06-30,CM,BSE,STK,534612,INE436N01029,AMTL,X,,,,,ADVANCE METERING TECHNOLOGY LT,19.74,20.75,19.74,19.94,19.94,19.83,,19.94,,,5890,117503.00,21,F1,1,,,,,
2026-06-30,2026-06-30,CM,BSE,STK,534615,INE553C01016,NECCLTD,B,,,,,NORTH EASTERN CARRYING CORPORA,15.70,17.75,15.70,17.32,17.16,15.85,,17.19,,,21084,363706.00,326,F1,1,,,,,
2026-06-30,2026-06-30,CM,BSE,STK,534618,INE299N01021,WAAREERTL,A,,,,,WAAREE RENEWABLE TECHNOLOGIES,1016.50,1027.50,1003.00,1017.85,1018.35,1013.00,,1018.20,,,28421,28866045.00,1075,F1,1,,,,,
2026-06-30,2026-06-30,CM,BSE,STK,534623,INE524N01014,JUPITERIN,XT,,,,,JUPITER INFOMEDIA LTD.,60.35,62.62,59.85,59.85,59.85,59.64,,59.85,,,33398,2068035.00,91,F1,1,,,,,
2026-06-30,2026-06-30,CM,BSE,STK,534674,INE741L01018,DUCON,T,,,,,Ducon Infratechnologies Ltd,3.33,3.33,3.20,3.23,3.23,3.34,,3.20,,,34517,111670.00,58,F1,1,,,,,
2026-06-30,2026-06-30,CM,BSE,STK,534675,INE195N01013,PROZONER,B,,,,,PROZONE REALTY LIMITED,45.10,47.50,42.24,45.53,45.53,44.99,,44.92,,,158412,7181259.00,468,F1,1,,,,,
2026-06-30,2026-06-30,CM,BSE,STK,534691,INE456N01019,COMCL,XT,,,,,COMFORT COMMOTRADE LTD.,14.22,14.92,14.13,14.27,14.91,14.22,,14.27,,,463,6716.00,17,F1,1,,,,,
2026-06-30,2026-06-30,CM,BSE,STK,534708,INE892L01019,SHANTIGURU,M,,,,,SHANTI GURU INDUSTRIES LIMITED,8.48,8.48,8.40,8.40,8.40,8.79,,8.40,,,39000,328560.00,4,F1,3000,,,,,
2026-06-30,2026-06-30,CM,BSE,STK,534732,INE176N01039,CASPIAN,XT,,,,,CASPIAN CORPORATE SERVICES LIM,38.00,38.00,36.00,37.88,37.88,37.28,,37.88,,,1750,63863.00,38,F1,1,,,,,
2026-06-30,2026-06-30,CM,BSE,STK,534733,INE175N01023,AERPACE,X,,,,,Aerpace Industries Limited,34.88,34.99,33.77,34.24,34.24,33.51,,34.24,,,1086311,37434187.00,940,F1,1,,,,,
2026-06-30,2026-06-30,CM,BSE,STK,534741,INE247C01023,VIRTUALG,X,,,,,VIRTUAL GLOBAL EDUCATION LTD.,0.48,0.48,0.46,0.47,0.48,0.47,,0.47,,,277312,130608.00,156,F1,1,,,,,
2026-06-30,2026-06-30,CM,BSE,STK,534742,INE840M01016,ZUARI,B,,,,,ZUARI AGRO CHEMICALS LTD.,228.15,231.25,226.00,228.90,228.90,226.80,,229.55,,,8126,1861615.00,228,F1,1,,,,,
2026-06-30,2026-06-30,CM,BSE,STK,534748,INE503B01021,STEELXIND,B,,,,,STEEL EXCHANGE INDIA LTD.,12.60,12.75,12.50,12.52,12.52,12.60,,12.53,,,250148,3145078.00,374,F1,1,,,,,
2026-06-30,2026-06-30,CM,BSE,STK,534755,INE234G01022,TRIOMERC,XT,,,,,TRIO MERCANTILE & TRADING LTD.,1.93,2.00,1.93,1.95,1.95,1.92,,1.95,,,118772,231242.00,42,F1,1,,,,,
2026-06-30,2026-06-30,CM,BSE,STK,534796,INE198N01017,CDG,XT,,,,,CDG PETCHEM LIMITED,236.30,247.65,224.50,241.15,241.15,236.30,,241.15,,,1914,440354.00,51,F1,1,,,,,
2026-06-30,2026-06-30,CM,BSE,STK,534804,INE752H01013,CARERATING,A,,,,,CARE Ratings Limited,1670.15,1670.15,1634.75,1649.65,1662.60,1673.55,,1650.40,,,1858,3072541.00,136,F1,1,,,,,
2026-06-30,2026-06-30,CM,BSE,STK,534809,INE785M01021,PCJEWELLER,A,,,,,PC JEWELLER LTD.,8.57,8.86,8.48,8.76,8.76,8.55,,8.76,,,2494505,21666742.00,2916,F1,1,,,,,
2026-06-30,2026-06-30,CM,BSE,STK,534816,INE121J01017,INDUSTOWER,A,,,,,INDUS TOWERS LIMITED,398.55,399.85,390.80,391.85,391.85,394.10,,391.70,,,132009,51904850.00,1667,F1,1,,,,,
2026-06-30,2026-06-30,CM,BSE,STK,534920,INE899M01020,ISERA,XT,,,,,iSERA LIFESCIENCES LIMITED,129.17,129.18,129.17,129.18,129.18,126.65,,129.18,,,61,7879.00,2,F1,1,,,,,
2026-06-30,2026-06-30,CM,BSE,STK,534976,INE665J01013,VMART,A,,,,,V-MART RETAIL LTD.,758.50,783.00,758.50,778.70,775.95,755.85,,779.05,,,36483,28139557.00,458,F1,1,,,,,
2026-06-30,2026-06-30,CM,BSE,STK,535136,INE149O01018,NIBE,B,,,,,NIBE LIMITED,1669.70,1672.20,1626.45,1661.20,1660.15,1644.80,,1663.70,,,8722,14389820.00,602,F1,1,,,,,
2026-06-30,2026-06-30,CM,BSE,STK,535204,INE160O01031,MUKTA,X,,,,,Mukta Agriculture Limited,3.38,3.38,2.67,2.67,2.67,2.85,,2.67,,,4937,14866.00,34,F1,1,,,,,
2026-06-30,2026-06-30,CM,BSE,STK,535205,INE159O01033,MYSTICELE,X,,,,,Mystic Electronics Limited,3.35,3.35,3.01,3.28,3.09,3.11,,3.28,,,10318,33830.00,51,F1,1,,,,,
2026-06-30,2026-06-30,CM,BSE,STK,535267,INE274M01026,COMFINCAP,X,,,,,COMFORT FINCAP LTD.,7.09,8.09,7.03,7.72,7.72,6.93,,7.72,,,237922,1832520.00,312,F1,1,,,,,
2026-06-30,2026-06-30,CM,BSE,STK,535276,INF200K01VT2,SBISENSEX,A,,,,,SBI MUTUAL FUND - SBI ETF SENS,852.46,859.98,847.85,850.42,852.25,852.45,,850.42,,,3933,3349091.00,339,F1,1,,,,,
2026-06-30,2026-06-30,CM,BSE,STK,535322,INE612J01015,REPCOHOME,B,,,,,REPCO HOME FINANCE LTD.,422.00,427.40,415.00,418.65,415.00,422.15,,417.75,,,4403,1849403.00,249,F1,1,,,,,
2026-06-30,2026-06-30,CM,BSE,STK,535387,INE191O01010,LAKHOTIA,X,,,,,LAKHOTIA POLYESTERS (INDIA) LT,67.27,67.27,60.00,60.46,63.99,64.16,,60.46,,,517,32233.00,25,F1,1,,,,,
2026-06-30,2026-06-30,CM,BSE,STK,535431,INE168O01026,GCMSECU,B,,,,,GCM SECURITIES LTD,0.68,0.68,0.65,0.67,0.68,0.67,,0.67,,,97452,64272.00,77,F1,1,,,,,
2026-06-30,2026-06-30,CM,BSE,STK,535458,INE047O01014,NIBL,B,,,,,NRB INDUSTRIAL BEARINGS LTD.,30.00,30.00,29.78,29.78,29.78,30.12,,29.89,,,80,2390.00,7,F1,1,,,,,
2026-06-30,2026-06-30,CM,BSE,STK,535566,INE902D01013,KIFS,X,,,,,KIFS FINANCIAL SERVICES LTD.,118.80,118.80,116.95,116.95,116.95,116.95,,116.95,,,64,7493.00,11,F1,1,,,,,
2026-06-30,2026-06-30,CM,BSE,STK,535601,INE099F01013,SREEL,B,,,,,SREELEATHERS LTD.,214.80,219.70,208.00,208.00,208.00,213.05,,208.70,,,233,50272.00,17,F1,1,,,,,
2026-06-30,2026-06-30,CM,BSE,STK,535602,INE597I01028,SHARDAMOTR,B,,,,,SHARDA MOTOR INDUSTRIES LTD,841.70,873.90,828.00,869.60,873.90,831.35,,869.00,,,5924,5088103.00,662,F1,1,,,,,
2026-06-30,2026-06-30,CM,BSE,STK,535621,INE159L01013,SVGLOBAL,X,,,,,S V GLOBAL MILL LTD.,142.00,150.00,138.00,141.95,145.90,141.35,,141.95,,,129,18413.00,8,F1,1,,,,,
2026-06-30,2026-06-30,CM,BSE,STK,535648,INE599M01018,JUSTDIAL,A,,,,,JUST DIAL LTD.,528.55,529.70,523.00,525.05,526.00,525.95,,524.95,,,12669,6653752.00,318,F1,1,,,,,
2026-06-30,2026-06-30,CM,BSE,STK,535657,INE860E01011,OONE,X,,,,,OBJECTONE INFORMATION SYSTEMS,6.90,7.38,6.80,7.29,7.30,6.89,,7.29,,,7817,53916.00,31,F1,1,,,,,
2026-06-30,2026-06-30,CM,BSE,STK,535667,INE474O01010,IFINSEC,X,,,,,INDIA FINSEC LTD.,216.05,218.00,214.05,217.40,218.00,216.95,,217.40,,,22,4764.00,7,F1,1,,,,,
2026-06-30,2026-06-30,CM,BSE,STK,535693,INE320I01017,BRAHMINFRA,X,,,,,BRAHMAPUTRA INFRASTRUCTURE LTD,167.90,171.40,167.00,169.70,170.90,166.65,,169.70,,,5281,890264.00,84,F1,1,,,,,
2026-06-30,2026-06-30,CM,BSE,STK,535719,INE989J01017,AMPVOLTS,XT,,,,,AMPVOLTS LIMITED,30.00,30.09,30.00,30.00,30.00,30.09,,30.00,,,13431,403294.00,29,F1,1,,,,,
2026-06-30,2026-06-30,CM,BSE,STK,535730,INE731G01027,KHOOBSURAT,X,,,,,KHOOBSURAT LTD,0.49,0.52,0.49,0.51,0.51,0.50,,0.51,,,484592,243910.00,170,F1,1,,,,,
2026-06-30,2026-06-30,CM,BSE,STK,535754,INE876N01018,ORIENTCEM,A,,,,,ORIENT CEMENT LTD,133.10,134.55,132.60,133.80,133.50,133.90,,133.77,,,14326,1906915.00,309,F1,1,,,,,
2026-06-30,2026-06-30,CM,BSE,STK,535755,INE647O01011,ABFRL,A,,,,,Aditya Birla Fashion and Retai,59.27,59.28,57.88,58.01,58.01,58.68,,58.05,,,282434,16456861.00,1396,F1,1,,,,,
2026-06-30,2026-06-30,CM,BSE,STK,535789,INE148I01020,SAMMAANCAP,A,,,,,Sammaan Capital Limited,169.95,178.05,169.55,173.85,173.85,167.70,,173.62,,,1437443,250211951.00,10572,F1,1,,,,,
2026-06-30,2026-06-30,CM,BSE,STK,535910,INE340O01021,MMLF,B,,,,,MONEY MASTERS LEASING & FINANC,0.71,0.78,0.70,0.74,0.78,0.71,,0.74,,,28468,20619.00,77,F1,1,,,,,
2026-06-30,2026-06-30,CM,BSE,STK,535916,INE030P01017,ALSL,B,,,,,ALACRITY SECURITIES LTD,68.80,68.99,64.52,65.90,64.52,67.39,,65.90,,,12527,828999.00,110,F1,1,,,,,
2026-06-30,2026-06-30,CM,BSE,STK,535958,INE418N01035,ESSENTIA,T,,,,,Integra Essentia Limited,1.33,1.35,1.28,1.28,1.28,1.33,,1.28,,,1573930,2033354.00,179,F1,1,,,,,
2026-06-30,2026-06-30,CM,BSE,STK,536073,INE890N01027,JULIEN,X,,,,,JULIEN AGRO INFRATECH LIMITED,1.44,1.44,1.38,1.39,1.40,1.42,,1.39,,,102589,143490.00,175,F1,1,,,,,
2026-06-30,2026-06-30,CM,BSE,STK,536264,INE906O01029,TIGERLOGS,T,,,,,TIGER LOGISTICS (INDIA) LTD,36.90,38.34,35.63,36.97,36.97,37.50,,37.01,,,6143,222369.00,88,F1,1,,,,,
2026-06-30,2026-06-30,CM,BSE,STK,536493,INE690O01011,JKAGRI,X,,,,,JK AGRI GENETICS LTD,306.05,317.45,305.00,314.25,314.50,304.50,,314.25,,,139,43877.00,13,F1,1,,,,,
2026-06-30,2026-06-30,CM,BSE,STK,536507,INE452O01016,FLFL,Z,,,,,FUTURE LIFESTYLE FASHIONS LTD,1.41,1.41,1.33,1.40,1.40,1.40,,1.40,,,1261,1698.00,7,F1,1,,,,,
2026-06-30,2026-06-30,CM,BSE,STK,536565,INE314I01036,NOVELIX,XT,,,,,NOVELIX PHARMACEUTICALS LIMITE,78.70,79.00,76.50,76.85,76.50,77.86,,76.85,,,2921,227321.00,29,F1,1,,,,,
2026-06-30,2026-06-30,CM,BSE,STK,536659,INE428B01021,PVVINFRA,X,,,,,PVV Infra Limited,3.62,3.68,3.50,3.56,3.56,3.58,,3.56,,,401617,1429190.00,362,F1,1,,,,,
2026-06-30,2026-06-30,CM,BSE,STK,536672,INE962O01014,VCU,XT,,,,,VCU DATA MANAGEMENT LTD,8.02,8.09,7.80,8.04,8.00,7.89,,8.04,,,11538,91323.00,56,F1,1,,,,,
2026-06-30,2026-06-30,CM,BSE,STK,536709,INE138O01029,INDRENEW,Z,,,,,IND Renewable Energy Ltd,10.80,11.40,10.36,11.40,11.40,10.90,,11.40,,,52980,585814.00,72,F1,1,,,,,
2026-06-30,2026-06-30,CM,BSE,STK,536773,INE147P01019,JPOLYINVST,B,,,,,JINDAL POLY INVESTMENT AND FIN,1139.00,1210.50,1117.90,1126.30,1135.90,1105.00,,1126.20,,,4486,5261900.00,706,F1,1,,,,,
2026-06-30,2026-06-30,CM,BSE,STK,536960,INF247L01023,MOM100,B,,,,,MOTILAL OSWAL MUTUAL FUND - MO,66.31,67.14,66.23,66.70,66.75,66.55,,66.73,,,16171,1076169.00,240,F1,1,,,,,
2026-06-30,2026-06-30,CM,BSE,STK,536974,INE536P01021,CPL,X,,,,,CAPTAIN POLYPLAST LTD,71.27,73.25,71.26,71.66,71.99,71.29,,71.66,,,16166,1160894.00,216,F1,1,,,,,
2026-06-30,2026-06-30,CM,BSE,STK,537007,INF109K012R6,NIFTYIETF,B,,,,,ICICI Prudential Nifty ETF,270.01,271.59,269.69,270.27,270.27,270.85,,270.19,,,17623,4770998.00,1199,F1,1,,,,,
2026-06-30,2026-06-30,CM,BSE,STK,537008,INF109KC16V9,NIF100IETF,B,,,,,ICICI Prudential Nifty 100 ETF,27.26,27.95,27.26,27.90,27.92,27.96,,27.81,,,3047,84720.00,55,F1,1,,,,,
2026-06-30,2026-06-30,CM,BSE,STK,537069,INE185K01036,ARNOLD,X,,,,,ARNOLD HOLDINGS LTD,13.25,13.30,13.13,13.27,13.27,13.26,,13.27,,,3676,48549.00,24,F1,1,,,,,
2026-06-30,2026-06-30,CM,BSE,STK,537253,INE671C01016,SUNLOC,X,,,,,SUNIL HEALTHCARE LTD,68.50,68.50,67.00,67.27,67.00,68.45,,67.27,,,145,9753.00,3,F1,1,,,,,
2026-06-30,2026-06-30,CM,BSE,STK,537259,INE442P01014,SUYOG,B,,,,,SUYOG TELEMATICS LTD,809.20,844.95,790.00,838.55,819.55,809.75,,836.05,,,4785,3970708.00,442,F1,1,,,,,
2026-06-30,2026-06-30,CM,BSE,STK,537291,INE448G01010,NATHBIOGEN,B,,,,,NATH BIO-GENES (INDIA) LTD,166.10,167.00,163.15,163.25,163.15,166.10,,164.66,,,345,57050.00,25,F1,1,,,,,
2026-06-30,2026-06-30,CM,BSE,STK,537292,INE449G01018,AGRITECH,T,,,,,AGRI- TECH (INDIA) LTD,111.25,113.20,111.00,112.05,112.05,116.50,,115.55,,,349,38896.00,17,F1,1,,,,,
2026-06-30,2026-06-30,CM,BSE,STK,537326,INE212P01011,CHEMTECH,X,,,,,CHEMTECH INDUSTRIAL VALVES LTD,77.69,77.69,71.00,72.50,72.50,72.65,,72.50,,,10788,788974.00,117,F1,1,,,,,
2026-06-30,2026-06-30,CM,BSE,STK,537483,INF204K014N5,NIF100BEES,B,,,,,NIPPON INDIA ETF NIFTY 100,264.87,265.64,263.02,263.68,263.02,264.09,,263.66,,,704,186023.00,169,F1,1,,,,,
2026-06-30,2026-06-30,CM,BSE,STK,537536,INE051G01012,DENISCHEM,X,,,,,DENIS CHEM LAB LTD,74.98,75.00,71.32,74.85,75.00,73.28,,74.85,,,10435,767633.00,65,F1,1,,,,,
2026-06-30,2026-06-30,CM,BSE,STK,537582,INE210P01015,UNISHIRE,MT,,,,,UNISHIRE URBAN INFRA LTD,1.23,1.35,1.23,1.35,1.35,1.29,,1.35,,,20000,25800.00,2,F1,10000,,,,,
2026-06-30,2026-06-30,CM,BSE,STK,537669,INE920P01019,LAXMIPATI,M,,,,,LAXMIPATI ENGINEERING WORKS LI,491.95,506.70,491.00,506.70,506.70,460.65,,506.70,,,9500,4788050.00,14,F1,500,,,,,
2026-06-30,2026-06-30,CM,BSE,STK,537707,INE546I01025,LADDU,X,,,,,LADDU GOPAL ONLINE SERVICES LI,0.39,0.39,0.38,0.38,0.38,0.39,,0.38,,,1095593,417157.00,192,F1,1,,,,,
2026-06-30,2026-06-30,CM,BSE,STK,537708,INF174K014P6,NIFTY1,B,,,,,KOTAK MAHINDRA MUTUAL FUND - K,265.15,265.77,264.03,264.93,265.63,265.15,,264.81,,,3189,844580.00,245,F1,1,,,,,
2026-06-30,2026-06-30,CM,BSE,STK,537709,INE101H01013,HANSUGAR,XT,,,,,SHREE HANUMAN SUGAR & INDUSTRI,3.80,3.91,3.80,3.83,3.83,3.80,,3.83,,,3636,13993.00,32,F1,1,,,,,
2026-06-30,2026-06-30,CM,BSE,STK,537750,INE555P01013,KIRANVYPAR,B,,,,,KIRAN VYAPAR LTD,192.10,195.00,192.00,192.05,192.00,192.30,,191.86,,,2128,408652.00,19,F1,1,,,,,
2026-06-30,2026-06-30,CM,BSE,STK,537766,INE905P01028,BCP,X,,,,,B.C. POWER CONTROLS LTD,1.91,1.97,1.91,1.92,1.92,1.93,,1.92,,,69249,134304.00,130,F1,1,,,,,
2026-06-30,2026-06-30,CM,BSE,STK,537785,INE084Q01012,RACE,T,,,,,RACE ECO CHAIN LIMITED,110.00,112.00,108.25,111.10,111.10,113.90,,111.11,,,812,89881.00,13,F1,1,,,,,
2026-06-30,2026-06-30,CM,BSE,STK,537800,INE717C01025,MANGIND,X,,,,,MANGALAM INDUSTRIAL FINANCE LT,0.60,0.62,0.60,0.62,0.62,0.60,,0.62,,,1761098,1072890.00,584,F1,1,,,,,
2026-06-30,2026-06-30,CM,BSE,STK,537820,INE159N01027,VIJIFIN,T,,,,,VIJI FINANCE LTD,6.06,6.06,6.06,6.06,6.06,5.78,,6.03,,,177577,1076116.00,102,F1,1,,,,,
2026-06-30,2026-06-30,CM,BSE,STK,537839,INE977M01024,HBGHOTELS,X,,,,,HBG HOTELS LIMITED,94.40,94.40,94.40,94.40,94.40,94.40,,94.40,,,7,660.00,1,F1,1,,,,,
2026-06-30,2026-06-30,CM,BSE,STK,537840,INE523K01012,RAUNAQ,X,,,,,RAUNAQ INTERNATIONAL LIMITED,26.00,26.13,24.72,25.50,25.50,26.00,,25.50,,,4075,106073.00,20,F1,1,,,,,
2026-06-30,2026-06-30,CM,BSE,STK,537985,INE463B01036,INFRONICS,X,,,,,INFRONICS SYSTEMS LTD,18.32,18.32,16.66,17.97,17.97,17.45,,17.97,,,710,12435.00,14,F1,1,,,,,
2026-06-30,2026-06-30,CM,BSE,STK,538057,INF457M01133,CPSEETF,A,,,,,CPSE ETF,95.50,98.40,94.59,96.97,97.18,97.02,,96.94,,,73704,7142501.00,1913,F1,1,,,,,
2026-06-30,2026-06-30,CM,BSE,STK,538081,INE493N01012,HARIAAPL,X,,,,,HARIA APPARELS LTD,5.40,6.20,5.40,6.18,6.18,5.25,,6.18,,,1183,6504.00,8,F1,1,,,,,
2026-06-30,2026-06-30,CM,BSE,STK,538092,INE574G01013,VASUPRADA,X,,,,,SHRI VASUPRADA PLANTATIONS LIM,97.01,101.45,97.01,101.45,101.45,101.45,,101.45,,,102,10338.00,5,F1,1,,,,,
2026-06-30,2026-06-30,CM,BSE,STK,538119,INE012Q01039,RNBDENIMS,B,,,,,R&B DENIMS LTD,10.34,11.05,10.34,10.77,10.80,10.65,,10.77,,,25599,275948.00,170,F1,1,,,,,
2026-06-30,2026-06-30,CM,BSE,STK,538212,INE909D01026,SHARPINV,X,,,,,SHARP INVESTMENTS LTD,0.34,0.36,0.34,0.35,0.36,0.34,,0.35,,,181585,63903.00,199,F1,1,,,,,
2026-06-30,2026-06-30,CM,BSE,STK,538268,INE066O01014,WONDERLA,B,,,,,WONDERLA HOLIDAYS LTD,496.60,498.00,493.85,494.40,494.00,496.30,,495.10,,,1307,648485.00,84,F1,1,,,,,
2026-06-30,2026-06-30,CM,BSE,STK,538273,INE401B01010,RESPONSINF,X,,,,,RESPONSE INFORMATICS LTD,21.01,21.01,20.50,20.75,20.50,21.23,,20.75,,,1160,24327.00,12,F1,1,,,,,
2026-06-30,2026-06-30,CM,BSE,STK,538351,INE663P01015,AFEL,Z,,,,,A.F. ENTERPRISES LTD,1.71,1.75,1.63,1.70,1.69,1.71,,1.70,,,36096,59797.00,81,F1,1,,,,,
2026-06-30,2026-06-30,CM,BSE,STK,538365,INE452L01012,INCREDIBLE,B,,,,,INCREDIBLE INDUSTRIES LIMITED,33.70,33.80,32.42,33.50,33.50,33.25,,32.51,,,147,4929.00,8,F1,1,,,,,
2026-06-30,2026-06-30,CM,BSE,STK,538382,INE266P01017,WESTLEIRES,X,,,,,WEST LEISURE RESORTS LTD,79.00,84.30,78.35,79.03,78.35,81.20,,79.03,,,305,24100.00,4,F1,1,,,,,
2026-06-30,2026-06-30,CM,BSE,STK,538395,INE792G01011,NAM,X,,,,,NAM SECURITIES LTD,73.27,73.27,73.27,73.27,73.27,74.77,,73.27,,,17,1245.00,1,F1,1,,,,,
2026-06-30,2026-06-30,CM,BSE,STK,538401,INE318N01011,METSL,X,,,,,MAESTROS ELECTRONICS & TELECOM,136.40,142.45,136.40,138.00,138.00,139.00,,138.00,,,4567,626102.00,39,F1,1,,,,,
2026-06-30,2026-06-30,CM,BSE,STK,538422,INE508N01025,JACKSON,X,,,,,JACKSON INVESTMENTS LTD,0.41,0.41,0.40,0.41,0.40,0.40,,0.41,,,475222,192198.00,136,F1,1,,,,,
2026-06-30,2026-06-30,CM,BSE,STK,538446,INE296Q01012,MONEYBOXX,B,,,,,MONEYBOXX FINANCE LIMITED,65.61,71.50,52.36,65.35,68.47,65.22,,66.82,,,26040,1483042.00,646,F1,1,,,,,
2026-06-30,2026-06-30,CM,BSE,STK,538451,INE114O01020,WORTH,XT,,,,,WORTH INVESTMENT & TRADING CO,4.01,4.01,4.01,4.01,4.01,4.09,,4.01,,,50953,204321.00,58,F1,1,,,,,
2026-06-30,2026-06-30,CM,BSE,STK,538464,INE901C01017,TPROJECT,X,,,,,THIRANI PROJECTS LTD,4.09,4.09,3.90,3.90,3.90,4.09,,3.90,,,3426,13421.00,16,F1,1,,,,,
2026-06-30,2026-06-30,CM,BSE,STK,538465,INE745P01010,AMARSEC,X,,,,,AMARNATH SECURITIES LTD,13.71,14.84,13.71,14.68,14.68,13.71,,14.68,,,4134,59700.00,17,F1,1,,,,,
2026-06-30,2026-06-30,CM,BSE,STK,538476,INE172D01021,CTL,X,,,,,CAPITAL TRADE LINKS LTD,18.50,19.40,18.36,18.95,18.95,18.26,,18.95,,,966074,18154409.00,372,F1,1,,,,,
2026-06-30,2026-06-30,CM,BSE,STK,538496,INE849M01017,TARINI,M,,,,,TARINI INTERNATIONAL LTD,8.50,8.50,8.50,8.50,8.50,8.50,,8.50,,,3000,25500.00,1,F1,3000,,,,,
2026-06-30,2026-06-30,CM,BSE,STK,538521,INE969E01010,YAANENT,X,,,,,YAAN ENTERPRISES LIMITED,95.00,100.99,93.12,100.99,100.99,98.00,,100.99,,,6391,626314.00,17,F1,1,,,,,
2026-06-30,2026-06-30,CM,BSE,STK,538539,INE075K01013,ANVRDHI,X,,,,,ANNVRRIDHHI VENTURES LIMITED,9.72,10.08,9.72,9.83,9.83,10.07,,9.83,,,1703,16799.00,48,F1,1,,,,,
2026-06-30,2026-06-30,CM,BSE,STK,538540,INE516P01015,RLFL,XT,,,,,RAMCHANDRA LEASING & FINANCE L,19.35,19.35,19.35,19.35,19.35,19.74,,19.35,,,23652,457666.00,79,F1,1,,,,,
2026-06-30,2026-06-30,CM,BSE,STK,538546,INE319Q01012,BRPL,B,,,,,BANSAL ROOFING PRODUCTS LTD,126.90,126.90,122.50,123.40,124.00,124.75,,123.40,,,5922,734781.00,111,F1,1,,,,,
2026-06-30,2026-06-30,CM,BSE,STK,538556,INE510P01018,ARMAN,X,,,,,ARMAN HOLDINGS LTD,112.00,114.50,108.65,112.40,114.50,110.30,,112.40,,,8396,938218.00,31,F1,1,,,,,
2026-06-30,2026-06-30,CM,BSE,STK,538562,INE439E01022,SKIPPER,A,,,,,SKIPPER LTD,530.00,538.40,528.75,532.05,532.90,528.75,,532.65,,,14344,7639776.00,362,F1,1,,,,,
2026-06-30,2026-06-30,CM,BSE,STK,538563,INE673E01018,SMTEL,XT,,,,,SMT ENGINEERING LIMITED,418.00,439.90,418.00,421.00,421.00,419.00,,421.00,,,699,304028.00,29,F1,1,,,,,
2026-06-30,2026-06-30,CM,BSE,STK,538564,INE718P01017,JAMESWARREN,X,,,,,JAMES WARREN TEA LTD,254.00,258.00,251.50,253.00,253.00,254.60,,253.00,,,173,43640.00,12,F1,1,,,,,
2026-06-30,2026-06-30,CM,BSE,STK,538565,INE878P01019,VISTARAMAR,X,,,,,Vistar Amar Limited,202.25,211.65,196.20,211.40,211.65,202.25,,211.40,,,3678,760603.00,56,F1,1,,,,,
2026-06-30,2026-06-30,CM,BSE,STK,538567,INE635Q01029,GULFOILLUB,B,,,,,GULF OIL LUBRICANTS INDIA LTD,1089.90,1102.60,1054.10,1061.60,1061.50,1092.35,,1061.75,,,257406,282837130.00,687,F1,1,,,,,
2026-06-30,2026-06-30,CM,BSE,STK,538568,INE836C01015,FRUTION,X,,,,,FRUITION VENTURE LTD,28.00,28.50,27.50,27.50,27.50,27.15,,27.50,,,534,15165.00,6,F1,1,,,,,
2026-06-30,2026-06-30,CM,BSE,STK,538569,INE916P01025,TRIVENIENT,X,,,,,TRIVENI ENTERPRISES LTD,1.05,1.10,1.05,1.10,1.10,1.10,,1.10,,,19750,21670.00,23,F1,1,,,,,
2026-06-30,2026-06-30,CM,BSE,STK,538579,INE641Q01019,ZINEMA,MT,,,,,ZINEMA MEDIA AND ENTERTAINMENT,18.73,18.73,18.73,18.73,18.73,18.18,,18.73,,,16000,299680.00,1,F1,4000,,,,,
2026-06-30,2026-06-30,CM,BSE,STK,538596,INE222B01028,CEMAINFRA,X,,,,,CEMANTIC INFRA-TECH LIMITED,4.50,4.72,4.46,4.46,4.46,4.50,,4.46,,,50,225.00,8,F1,1,,,,,
2026-06-30,2026-06-30,CM,BSE,STK,538597,INE404F01031,TTIENT,XT,,,,,TTI ENTERPRISE LTD,8.60,8.99,8.60,8.96,8.99,8.60,,8.96,,,3481,30049.00,8,F1,1,,,,,
2026-06-30,2026-06-30,CM,BSE,STK,538598,INE755Q01025,VISHAL,B,,,,,VISHAL FABRICS LTD,20.61,20.61,19.82,20.02,19.87,20.12,,20.02,,,73070,1470855.00,298,F1,1,,,,,
2026-06-30,2026-06-30,CM,BSE,STK,538607,INE457P01020,TOYAMSL,X,,,,,TOYAM SPORTS LIMITED,0.72,0.73,0.71,0.72,0.72,0.71,,0.72,,,338491,241878.00,216,F1,1,,,,,
2026-06-30,2026-06-30,CM,BSE,STK,538609,INE868G01019,GAJANANSEC,X,,,,,GAJANAN SECURITIES SERVICES LT,56.60,56.60,53.30,54.06,54.06,55.49,,54.06,,,600,33788.00,30,F1,1,,,,,
2026-06-30,2026-06-30,CM,BSE,STK,538610,INE099D01026,UNISON,XT,,,,,UNISON METALS LTD,0.78,0.79,0.74,0.74,0.74,0.77,,0.74,,,696684,521681.00,335,F1,1,,,,,
2026-06-30,2026-06-30,CM,BSE,STK,538611,INE840I01014,RTFL,Z,,,,,Real Touch Finance Limited,48.00,48.00,48.00,48.00,48.00,45.89,,48.00,,,1,48.00,1,F1,1,,,,,
2026-06-30,2026-06-30,CM,BSE,STK,538634,INE406F01010,VRL,XT,,,,,VASUNDHARA RASAYANS LTD,169.00,176.95,169.00,169.10,169.10,170.00,,169.10,,,1638,278526.00,14,F1,1,,,,,
2026-06-30,2026-06-30,CM,BSE,STK,538635,INE734N01019,SNOWMAN,B,,,,,SNOWMAN LOGISTICS LTD,36.00,37.06,36.00,36.82,36.95,36.84,,36.90,,,37844,1395355.00,289,F1,1,,,,,
2026-06-30,2026-06-30,CM,BSE,STK,538646,INE837C01013,QGO,X,,,,,QGO FINANCE LIMITED,42.00,44.64,40.22,43.80,43.99,42.25,,43.80,,,698,30228.00,25,F1,1,,,,,
2026-06-30,2026-06-30,CM,BSE,STK,538666,INE221J01015,SHARDACROP,A,,,,,Sharda Cropchem Limited,875.00,882.85,872.00,879.80,879.80,879.95,,879.45,,,7331,6446158.00,339,F1,1,,,,,
2026-06-30,2026-06-30,CM,BSE,STK,538668,INE898Q01015,MIIL,B,,,,,Meghna Infracon Infrastructure,732.45,743.75,713.50,722.80,722.80,723.75,,722.80,,,57879,41813377.00,468,F1,1,,,,,
2026-06-30,2026-06-30,CM,BSE,STK,538683,INF204KA1UN7,SENSEXBEES,A,,,,,NIPPON INDIA ETF SENSEX,881.45,883.70,875.00,875.90,875.00,881.44,,875.90,,,8424,7394869.00,480,F1,1,,,,,
2026-06-30,2026-06-30,CM,BSE,STK,538685,INE363M01019,SHEMAROO,T,,,,,SHEMAROO ENTERTAINMENT LIMITED,132.25,133.60,131.00,131.00,131.00,129.65,,127.70,,,2338,306867.00,16,F1,1,,,,,
2026-06-30,2026-06-30,CM,BSE,STK,538706,INE010R01023,ULTRACAB,X,,,,,Ultracab (India) Limited,7.48,7.48,7.30,7.32,7.35,7.37,,7.32,,,65157,479997.00,199,F1,1,,,,,
2026-06-30,2026-06-30,CM,BSE,STK,538707,INE929D01016,RCCL,X,,,,,Rajasthan Cylinders & Containe,31.49,32.68,30.00,32.68,32.68,29.89,,32.68,,,683,21810.00,19,F1,1,,,,,
2026-06-30,2026-06-30,CM,BSE,STK,538708,INE937K01014,ETIL,X,,,,,Econo Trade (India) Limited,7.46,7.65,7.16,7.53,7.58,7.66,,7.53,,,1007,7548.00,19,F1,1,,,,,
2026-06-30,2026-06-30,CM,BSE,STK,538713,INE011R01013,ATISHAY,X,,,,,Atishay Limited,201.85,205.00,201.00,201.05,201.05,203.20,,201.05,,,5635,1143126.00,84,F1,1,,,,,
2026-06-30,2026-06-30,CM,BSE,STK,538714,INE475D01010,SANGAMFIN,X,,,,,Sangam Finserv Limited,44.00,44.00,38.50,39.94,40.00,39.99,,39.94,,,254,10157.00,20,F1,1,,,,,
2026-06-30,2026-06-30,CM,BSE,STK,538715,INE260R01016,DHABRIYA,X,,,,,Dhabriya Polywood Limited,400.00,405.00,394.10,399.45,398.00,394.65,,399.45,,,6060,2421459.00,205,F1,1,,,,,
2026-06-30,2026-06-30,CM,BSE,STK,538716,INE229R01011,ARYACAPM,B,,,,,Aryaman Capital Markets Limite,424.00,424.00,423.50,423.90,424.00,400.20,,423.90,,,8,3391.00,4,F1,1,,,,,
2026-06-30,2026-06-30,CM,BSE,STK,538730,INE111Q01021,PDSL,B,,,,,PDS LIMITED,350.05,371.30,349.90,364.15,364.15,351.15,,365.40,,,11154,4049047.00,426,F1,1,,,,,
2026-06-30,2026-06-30,CM,BSE,STK,538732,INE761Q01015,VGCL,XT,,,,,Vibrant Global Capital Limited,56.99,57.22,51.86,57.19,57.22,54.50,,57.19,,,18308,1042679.00,86,F1,1,,,,,
2026-06-30,2026-06-30,CM,BSE,STK,538734,INE016Q01014,CEINSYS,B,,,,,CEINSYS TECH LIMITED,939.00,939.00,903.50,905.60,904.00,922.50,,905.70,,,13534,12354248.00,838,F1,1,,,,,
2026-06-30,2026-06-30,CM,BSE,STK,538742,INE516E01019,PANABYTE,X,,,,,PANABYTE TECHNOLOGIES LIMITED,20.02,20.38,19.10,19.20,19.99,20.02,,19.20,,,2297,44236.00,18,F1,1,,,,,
2026-06-30,2026-06-30,CM,BSE,STK,538765,INE401Q01018,JSHL,MT,,,,,JLA Infraville Shoppers Limite,3.68,3.68,3.68,3.68,3.68,3.87,,3.68,,,5000,18400.00,1,F1,5000,,,,,
2026-06-30,2026-06-30,CM,BSE,STK,538770,INE176L01017,CRANEINFRA,X,,,,,Crane Infrastructure Limited,12.80,12.80,11.80,12.00,12.00,12.05,,12.00,,,2347,28290.00,18,F1,1,,,,,
2026-06-30,2026-06-30,CM,BSE,STK,538772,INE480D01010,NIYOGIN,X,,,,,Niyogin Fintech Limited,44.25,44.89,42.71,43.04,43.20,44.04,,43.04,,,15714,684371.00,102,F1,1,,,,,
2026-06-30,2026-06-30,CM,BSE,STK,538777,INE131Q01011,ASIACAP,XT,,,,,ASIA CAPITAL LIMITED,66.00,66.00,66.00,66.00,66.00,64.78,,66.00,,,8,528.00,4,F1,1,,,,,
2026-06-30,2026-06-30,CM,BSE,STK,538778,INE149Q01021,KALYANCAP,XT,,,,,Kalyan Capitals Limited,8.27,8.48,8.00,8.37,8.37,8.26,,8.37,,,2837,23569.00,45,F1,1,,,,,
2026-06-30,2026-06-30,CM,BSE,STK,538786,INE473L01018,CIL,X,,,,,Citizen Infoline Ltd.,251.35,251.35,251.35,251.35,251.35,246.45,,251.35,,,43,10808.00,5,F1,1,,,,,
2026-06-30,2026-06-30,CM,BSE,STK,538787,INE997C01015,GBFL,XT,,,,,Goenka Business & Finance Limi,10.25,10.62,10.00,10.55,10.55,10.25,,10.55,,,12538,131235.00,38,F1,1,,,,,
2026-06-30,2026-06-30,CM,BSE,STK,538788,INE918C01029,GILADAFINS,X,,,,,Gilada Finance & Investments L,14.39,14.49,14.00,14.19,14.32,14.40,,14.19,,,2898,41675.00,24,F1,1,,,,,
2026-06-30,2026-06-30,CM,BSE,STK,538795,INE185C01017,SAPPL,B,,,,,Shree Ajit Pulp And Paper Ltd.,264.00,288.20,256.05,284.95,284.95,263.75,,278.75,,,846,223539.00,36,F1,1,,,,,
2026-06-30,2026-06-30,CM,BSE,STK,538812,INE322R01022,AANCHALISP,XT,,,,,Aanchal Ispat Limited,121.00,121.78,117.50,121.78,121.78,115.99,,121.78,,,62396,7542855.00,415,F1,1,,,,,
2026-06-30,2026-06-30,CM,BSE,STK,538817,INE513R01026,CAPPIPES,B,,,,,Captain Pipes Limited,9.83,9.97,9.56,9.63,9.63,9.79,,9.63,,,90762,882509.00,460,F1,1,,,,,
2026-06-30,2026-06-30,CM,BSE,STK,538833,INE891N01017,KAIZENAGRO,X,,,,,KAIZEN AGRO INFRABUILD LIMITED,10.24,10.25,9.40,9.59,9.56,10.13,,9.59,,,4010,40042.00,45,F1,1,,,,,
2026-06-30,2026-06-30,CM,BSE,STK,538834,INE242Q01016,JMJFIN,X,,,,,JMJ Fintech Limited,10.24,10.24,9.81,9.87,10.04,9.90,,9.87,,,7357,72591.00,47,F1,1,,,,,
2026-06-30,2026-06-30,CM,BSE,STK,538835,INE306R01017,INTELLECT,A,,,,,INTELLECT DESIGN ARENA LIMITED,728.20,730.05,707.30,716.95,720.00,725.85,,717.25,,,10976,7861963.00,465,F1,1,,,,,
2026-06-30,2026-06-30,CM,BSE,STK,538836,INE950M01013,MONTECARLO,B,,,,,Monte Carlo Fashions Limited,551.00,558.80,550.00,554.50,555.40,551.80,,552.80,,,1971,1086626.00,183,F1,1,,,,,
2026-06-30,2026-06-30,CM,BSE,STK,538837,INE237B01018,JSTL,X,,,,,Jeevan Scientific Technology L,81.00,82.90,77.00,78.47,79.79,80.12,,78.47,,,8435,668945.00,91,F1,1,,,,,
2026-06-30,2026-06-30,CM,BSE,STK,538838,INE407P01017,ICL,XT,,,,,Indo Cotspin Limited,30.00,30.46,30.00,30.37,30.46,29.01,,30.37,,,524,15914.00,5,F1,1,,,,,
2026-06-30,2026-06-30,CM,BSE,STK,538857,INE892C01018,SCC,X,,,,,Scintilla Commercial & Credit,12.00,12.00,11.86,12.00,12.00,12.47,,12.00,,,94,1115.00,4,F1,1,,,,,
2026-06-30,2026-06-30,CM,BSE,STK,538860,INE655P01029,PANAFIC,XT,,,,,PANAFIC INDUSTRIALS LTD,1.36,1.36,1.36,1.36,1.36,1.34,,1.36,,,282090,383642.00,67,F1,1,,,,,
2026-06-30,2026-06-30,CM,BSE,STK,538862,INE232L01018,MYMONEY,X,,,,,My Money Securities Ltd.,36.45,40.49,36.45,40.49,40.49,40.50,,40.49,,,101,3685.00,2,F1,1,,,,,
2026-06-30,2026-06-30,CM,BSE,STK,538868,INE183Q01020,CSL,X,,,,,Continental Securities Limited,13.00,13.72,13.00,13.55,13.49,13.48,,13.55,,,1994,26972.00,36,F1,1,,,,,
2026-06-30,2026-06-30,CM,BSE,STK,538874,INE370Q01015,NEXUSSURGL,X,,,,,NEXUS SURGICAL AND MEDICARE LI,21.00,21.00,21.00,21.00,21.00,21.00,,21.00,,,1716,36036.00,14,F1,1,,,,,
2026-06-30,2026-06-30,CM,BSE,STK,538881,INE243E01010,GALADAFIN,XT,,,,,Galada Finance Limited,29.00,30.45,29.00,30.45,30.45,29.00,,30.45,,,46,1399.00,2,F1,1,,,,,
2026-06-30,2026-06-30,CM,BSE,STK,538882,INE030Q01015,EMERALD,X,,,,,Emerald Finance Limited,54.10,54.60,53.00,53.97,54.10,53.19,,53.97,,,11706,630297.00,114,F1,1,,,,,
2026-06-30,2026-06-30,CM,BSE,STK,538890,INE227F01010,MKEXIM,X,,,,,M. K. Exim (India) Ltd.,65.99,65.99,64.55,64.59,64.56,65.70,,64.59,,,3036,196548.00,61,F1,1,,,,,
2026-06-30,2026-06-30,CM,BSE,STK,538891,INE613C01026,MCLOUD,B,,,,,MAGELLANIC CLOUD LIMITED,28.55,31.40,27.97,30.46,30.46,28.41,,30.50,,,870186,26172469.00,2276,F1,1,,,,,
2026-06-30,2026-06-30,CM,BSE,STK,538894,INE513C01010,OCTAL,X,,,,,Octal Credit Capital Ltd.,18.74,18.74,18.74,18.74,18.74,18.83,,18.74,,,178,3335.00,6,F1,1,,,,,
2026-06-30,2026-06-30,CM,BSE,STK,538895,INE779Q01017,MIHIKA,XT,,,,,Mihika Industries Ltd.,14.92,14.92,14.92,14.92,14.92,14.92,,14.92,,,1,14.00,1,F1,1,,,,,
2026-06-30,2026-06-30,CM,BSE,STK,538896,INE081G01019,KANCHI,T,,,,,Kanchi Karpooram Ltd.,370.00,372.00,356.00,371.95,371.95,369.65,,370.15,,,203,74072.00,24,F1,1,,,,,
2026-06-30,2026-06-30,CM,BSE,STK,538897,INE201F01015,SHRINIWAS,X,,,,,Shri Niwas Leasing and Finance,12.24,12.24,12.24,12.24,12.24,11.66,,12.24,,,1,12.00,1,F1,1,,,,,
2026-06-30,2026-06-30,CM,BSE,STK,538902,INE341R01014,DTIL,B,,,,,Dhunseri Tea & Industries Ltd,138.50,138.50,137.00,138.50,138.50,138.50,,138.41,,,811,111767.00,117,F1,1,,,,,
2026-06-30,2026-06-30,CM,BSE,STK,538918,INE661Q01017,VANICOM,X,,,,,Vani Commercials Limited,8.25,8.88,8.12,8.43,8.88,8.25,,8.43,,,14811,123916.00,32,F1,1,,,,,
2026-06-30,2026-06-30,CM,BSE,STK,538920,INE498Q01014,VINCOFE,B,,,,,VINTAGE COFFEE AND BEVERAGES L,150.95,155.40,144.00,154.85,155.40,149.95,,154.85,,,115258,17181962.00,1077,F1,1,,,,,
2026-06-30,2026-06-30,CM,BSE,STK,538922,INE029B01019,COSYN,X,,,,,COSYN Limited,21.12,21.12,20.51,20.80,20.88,21.25,,20.80,,,1857,38367.00,28,F1,1,,,,,
2026-06-30,2026-06-30,CM,BSE,STK,538923,INE499Q01012,SOFCOM,X,,,,,SOFCOM SYSTEMS LIMITED,20.27,21.60,20.27,21.13,21.13,20.55,,21.13,,,560046,11761317.00,379,F1,1,,,,,
2026-06-30,2026-06-30,CM,BSE,STK,538926,INE223R01014,NAPL,X,,,,,Naturite Agro Products Limited,193.95,194.00,191.25,193.75,193.75,195.10,,193.75,,,38870,7540065.00,33,F1,1,,,,,
2026-06-30,2026-06-30,CM,BSE,STK,538928,INE554R01020,KARNAVATI,X,,,,,Karnavati Finance Limited,1.55,1.55,1.40,1.48,1.52,1.46,,1.48,,,527918,782164.00,62,F1,1,,,,,
2026-06-30,2026-06-30,CM,BSE,STK,538942,INE689O01013,MERCANTILE,B,,,,,Mercantile Ventures Limited,24.80,26.55,23.80,24.51,24.51,24.19,,23.77,,,220,5391.00,20,F1,1,,,,,
2026-06-30,2026-06-30,CM,BSE,STK,538952,INE211D01027,ALFL,X,,,,,Abhinav Leasing & Finance Limi,0.86,1.04,0.86,1.00,1.00,1.05,,1.00,,,22303,21432.00,32,F1,1,,,,,
2026-06-30,2026-06-30,CM,BSE,STK,538961,INE949P01018,GENUSPAPER,B,,,,,GENUS PAPER & BOARDS LIMITED,11.98,12.25,11.87,11.90,11.88,11.96,,11.90,,,1109,13376.00,15,F1,1,,,,,
2026-06-30,2026-06-30,CM,BSE,STK,538962,INE842C01021,MINDACORP,A,,,,,Minda Corporation Limited,679.10,701.05,674.00,697.70,700.00,671.65,,696.85,,,51031,35268566.00,1498,F1,1,,,,,
2026-06-30,2026-06-30,CM,BSE,STK,538964,INE947G01011,MERCURYLAB,X,,,,,Mercury Laboratories Limited,803.00,803.00,714.70,786.70,786.70,813.00,,786.70,,,504,383079.00,61,F1,1,,,,,
2026-06-30,2026-06-30,CM,BSE,STK,538965,INE858L01010,CONCORD,X,,,,,Concord Drugs Limited,78.70,78.70,71.70,75.64,76.90,76.95,,75.64,,,4261,317148.00,55,F1,1,,,,,
2026-06-30,2026-06-30,CM,BSE,STK,538970,INE945P01024,WARDINMOBI,XT,,,,,WARDWIZARD INNOVATIONS AND MOB,6.69,6.84,6.64,6.82,6.80,6.64,,6.82,,,361161,2443133.00,716,F1,1,,,,,
2026-06-30,2026-06-30,CM,BSE,STK,538975,INE397C01026,SHREESEC,Z,,,,,Shree Securities Ltd.,0.22,0.22,0.21,0.22,0.22,0.21,,0.22,,,207663,44436.00,99,F1,1,,,,,
2026-06-30,2026-06-30,CM,BSE,STK,538979,INE544R01021,GREENLAM,B,,,,,Greenlam Industries Ltd,259.50,259.50,255.00,257.80,257.05,259.95,,258.23,,,1555,400209.00,77,F1,1,,,,,
2026-06-30,2026-06-30,CM,BSE,STK,538987,INE717E01013,TALBROSENG,X,,,,,TALBROS ENGINEERING LIMITED,701.00,714.00,691.05,708.80,712.00,700.95,,708.80,,,2108,1488851.00,113,F1,1,,,,,
2026-06-30,2026-06-30,CM,BSE,STK,538992,INE002E01010,SAPL,X,,,,,Sar  Auto Products Limited,2770.00,2770.00,2631.50,2631.50,2631.50,2770.00,,2631.50,,,6,15928.00,5,F1,1,,,,,
2026-06-30,2026-06-30,CM,BSE,STK,539005,INE246D01015,JAYATMA,XT,,,,,JAYATMA ENTERPRISES LIMITED,52.00,52.00,52.00,52.00,52.00,52.00,,52.00,,,4,208.00,2,F1,1,,,,,
2026-06-30,2026-06-30,CM,BSE,STK,539006,INE596F01018,PTCIL,A,,,,,PTC Industries Ltd.,17101.50,17456.25,17040.95,17160.80,17281.30,17229.30,,17149.00,,,1097,19014504.00,399,F1,1,,,,,
2026-06-30,2026-06-30,CM,BSE,STK,539011,INE777O01016,CHENFERRO,X,,,,,CHENNAI FERROUS INDUSTRIES LIM,90.00,90.40,87.50,88.55,90.00,90.67,,88.55,,,1366,122536.00,39,F1,1,,,,,
2026-06-30,2026-06-30,CM,BSE,STK,539012,INE756R01013,MEGRISOFT,X,,,,,Megri Soft Limited,83.00,83.00,80.00,80.00,80.00,80.22,,80.00,,,1168,94702.00,9,F1,1,,,,,
2026-06-30,2026-06-30,CM,BSE,STK,539013,INE776O01018,GITARENEW,X,,,,,GITA RENEWABLE ENERGY LIMITED,74.83,75.01,73.75,74.12,74.00,74.83,,74.12,,,634,47259.00,34,F1,1,,,,,
2026-06-30,2026-06-30,CM,BSE,STK,539014,INE059Q01014,KALPACOMME,X,,,,,Kalpa Commercial Limited,8.42,10.80,8.02,9.40,9.40,9.00,,9.40,,,8722,78028.00,58,F1,1,,,,,
2026-06-30,2026-06-30,CM,BSE,STK,539015,INE849L01019,ORTEL,Z,,,,,Ortel Communications Limited,1.64,1.64,1.56,1.64,1.64,1.64,,1.64,,,2371,3723.00,12,F1,1,,,,,
2026-06-30,2026-06-30,CM,BSE,STK,539016,INE396C01010,NEIL,X,,,,,Neil Industries Ltd.,6.41,6.41,6.40,6.41,6.40,6.40,,6.41,,,7934,50824.00,12,F1,1,,,,,
2026-06-30,2026-06-30,CM,BSE,STK,539017,INE526R01028,STARHFL,XT,,,,,STAR HOUSING FINANCE LIMITED,6.77,6.77,6.38,6.49,6.50,6.64,,6.49,,,50639,332752.00,74,F1,1,,,,,
2026-06-30,2026-06-30,CM,BSE,STK,539018,INE213D01015,BEEKAY,B,,,,,Beekay Steel Industries Ltd.,400.10,416.95,392.20,400.00,408.00,396.25,,403.00,,,10410,4185620.00,114,F1,1,,,,,
2026-06-30,2026-06-30,CM,BSE,STK,539026,INE820R01017,SSPNFIN,M,,,,,SSPN Finance Limited,8.22,8.22,8.22,8.22,8.22,8.65,,8.22,,,8000,65760.00,2,F1,4000,,,,,
2026-06-30,2026-06-30,CM,BSE,STK,539031,INF200KA1572,SETFBSE100,A,,,,,SBI Mutual Fund,282.82,282.82,280.96,281.22,282.82,282.75,,281.22,,,286,80566.00,26,F1,1,,,,,
2026-06-30,2026-06-30,CM,BSE,STK,539032,INE184Q01010,FRASER,XT,,,,,Fraser And Company Limited,9.35,10.20,9.35,9.71,10.20,9.77,,9.71,,,10751,102701.00,36,F1,1,,,,,
2026-06-30,2026-06-30,CM,BSE,STK,539040,INE812Q01016,TIRUPATIIN,XT,,,,,TIRUPATI INNOVAR LIMITED,9.41,9.41,9.41,9.41,9.41,9.60,,9.41,,,9700,91277.00,79,F1,1,,,,,
2026-06-30,2026-06-30,CM,BSE,STK,539041,INE369Q01017,GANVERSE,MT,,,,,GANESHA ECOVERSE LIMITED,28.74,30.65,28.74,30.65,30.65,29.33,,30.65,,,5000,150825.00,4,F1,1250,,,,,
2026-06-30,2026-06-30,CM,BSE,STK,539042,INE976R01033,AGIIL,B,,,,,AGI Infra Limited,367.00,372.30,362.00,365.50,362.00,366.30,,365.15,,,15382,5654632.00,363,F1,1,,,,,
2026-06-30,2026-06-30,CM,BSE,STK,539044,INE824Q01011,MANAKSTEEL,T,,,,,Manaksia Steels Limited,73.02,76.50,70.71,73.58,73.58,73.38,,73.81,,,10579,790677.00,54,F1,1,,,,,
2026-06-30,2026-06-30,CM,BSE,STK,539045,INE859Q01017,MANAKALUCO,B,,,,,Manaksia Aluminium Company Ltd,36.43,36.67,35.34,35.51,35.40,36.06,,35.29,,,5589,199934.00,153,F1,1,,,,,
2026-06-30,2026-06-30,CM,BSE,STK,539046,INE830Q01018,MANAKCOAT,B,,,,,Manaksia Coated Metals & Indus,109.50,114.00,107.85,113.00,114.00,107.90,,112.93,,,10117,1127293.00,203,F1,1,,,,,
2026-06-30,2026-06-30,CM,BSE,STK,539056,INE172N01012,IMAGICAA,B,,,,,IMAGICAAWORLD ENTERTAINMENT LI,46.34,49.56,46.20,48.72,48.80,46.70,,48.71,,,72186,3482101.00,495,F1,1,,,,,
2026-06-30,2026-06-30,CM,BSE,STK,539083,INE066P01011,INOXWIND,A,,,,,Inox Wind Limited,88.63,90.64,88.55,90.18,90.18,88.16,,90.12,,,317076,28404826.00,2211,F1,1,,,,,
2026-06-30,2026-06-30,CM,BSE,STK,539091,INE187R01029,CCDL,X,,,,,Consecutive Commodities Limite,0.98,1.09,0.92,1.03,1.03,0.95,,1.03,,,1547501,1577785.00,323,F1,1,,,,,
2026-06-30,2026-06-30,CM,BSE,STK,539097,INE904R01027,URSUGAR,B,,,,,UR SUGAR INDUSTRIES LIMITED,2.83,2.83,2.60,2.79,2.80,2.72,,2.79,,,121763,339161.00,47,F1,1,,,,,
2026-06-30,2026-06-30,CM,BSE,STK,539098,INE541R01019,FILTRA,M,,,,,Filtra Consultants and Enginee,50.02,55.99,50.01,55.99,55.99,58.01,,55.99,,,14000,742180.00,7,F1,2000,,,,,
2026-06-30,2026-06-30,CM,BSE,STK,539099,INE291R01011,ATHCON,M,,,,,Athena Constructions Limited,3.51,3.51,3.51,3.51,3.51,3.70,,3.51,,,5000,17550.00,2,F1,2500,,,,,
2026-06-30,2026-06-30,CM,BSE,STK,539112,INE137M01017,SAB,X,,,,,SAB INDUSTRIES LIMITED,179.90,183.90,179.90,183.35,183.50,175.85,,183.35,,,132,24256.00,8,F1,1,,,,,
2026-06-30,2026-06-30,CM,BSE,STK,539115,INE273F01022,ALANSCOTT,X,,,,,ALAN SCOTT ENTERPRISES LIMITED,365.05,380.00,357.00,364.30,357.35,355.10,,364.30,,,3909,1467120.00,68,F1,1,,,,,
2026-06-30,2026-06-30,CM,BSE,STK,539117,INE029H01016,SUJALA,X,,,,,Sujala Trading & Holding Ltd.,17.50,18.23,16.80,17.69,17.69,17.50,,17.69,,,115668,2048185.00,419,F1,1,,,,,
2026-06-30,2026-06-30,CM,BSE,STK,539118,INE366I01010,VRLLOG,B,,,,,VRL Logistics Limited,239.25,240.00,234.05,234.80,237.00,234.55,,235.38,,,8658,2044664.00,319,F1,1,,,,,
2026-06-30,2026-06-30,CM,BSE,STK,539120,INE578R01011,GRAMEVA,X,,,,,GRAMEVA LIMITED,105.26,105.26,105.26,105.26,105.26,100.25,,105.26,,,2922,307569.00,22,F1,1,,,,,
2026-06-30,2026-06-30,CM,BSE,STK,539121,INE239L01013,PALCO,X,,,,,Palco Metals Limited,135.00,139.70,126.85,131.45,131.45,131.05,,131.45,,,2851,386283.00,101,F1,1,,,,,
2026-06-30,2026-06-30,CM,BSE,STK,539122,INE104F01029,BODHTREE,X,,,,,Bodhtree Consulting Limited,20.65,20.65,19.50,19.97,20.09,20.67,,19.97,,,2568,51882.00,41,F1,1,,,,,
2026-06-30,2026-06-30,CM,BSE,STK,539123,INE334E01017,VBIND,X,,,,,V B INDUSTRIES LIMITED,7.40,7.79,7.00,7.40,7.40,7.40,,7.40,,,3721,28278.00,21,F1,1,,,,,
2026-06-30,2026-06-30,CM,BSE,STK,539126,INE776I01010,MEP,Z,,,,,MEP Infrastructure Developers,0.73,0.73,0.73,0.73,0.73,0.74,,0.72,,,13727,10020.00,8,F1,1,,,,,
2026-06-30,2026-06-30,CM,BSE,STK,539132,INE761D01021,WARDWIZFBL,X,,,,,Wardwizard Foods and Beverages,9.51,9.74,9.36,9.62,9.50,9.61,,9.62,,,49988,476369.00,106,F1,1,,,,,
2026-06-30,2026-06-30,CM,BSE,STK,539141,INE527H01019,UFO,B,,,,,UFO Moviez India Limited,72.49,72.49,70.00,70.42,70.93,70.60,,70.41,,,5045,356679.00,138,F1,1,,,,,
2026-06-30,2026-06-30,CM,BSE,STK,539143,INE945O01019,PANTH,XT,,,,,PANTH INFINITY LIMITED,11.12,11.12,10.65,10.93,10.95,10.79,,10.93,,,9860,105520.00,58,F1,1,,,,,
2026-06-30,2026-06-30,CM,BSE,STK,539148,INE788J01021,SHIVALIK,T,,,,,Shivalik Rasayan Ltd.,235.00,236.85,232.00,236.85,236.85,225.60,,234.65,,,18778,4425484.00,152,F1,1,,,,,
2026-06-30,2026-06-30,CM,BSE,STK,539149,INE682B01023,ICSL,X,,,,,Integrated Capital Services Lt,4.80,4.80,4.58,4.58,4.58,4.80,,4.58,,,4294,19900.00,19,F1,1,,,,,
2026-06-30,2026-06-30,CM,BSE,STK,539150,INE195J01029,PNCINFRA,A,,,,,PNC Infratech Limited,226.55,228.65,224.60,228.05,227.90,226.15,,228.27,,,15018,3407808.00,408,F1,1,,,,,
2026-06-30,2026-06-30,CM,BSE,STK,539151,INE784R01023,ARFIN,B,,,,,Arfin India Limited,82.60,86.91,82.60,85.20,86.18,83.36,,85.79,,,50159,4250565.00,398,F1,1,,,,,
2026-06-30,2026-06-30,CM,BSE,STK,539167,INE347L01022,VLL,X,,,,,Virat Leasing Limited,55.20,55.20,55.20,55.20,55.20,55.20,,55.20,,,515,28428.00,10,F1,1,,,,,
2026-06-30,2026-06-30,CM,BSE,STK,539174,INE738P01015,HELPAGE,X,,,,,Helpage Finlease Ltd.,21.50,21.70,21.00,21.69,21.69,21.97,,21.69,,,58,1247.00,11,F1,1,,,,,
2026-06-30,2026-06-30,CM,BSE,STK,539176,INE230I01018,HAWAENG,X,,,,,Hawa Engineers ltd.,79.00,80.25,79.00,79.00,79.00,80.25,,79.00,,,128,10124.00,5,F1,1,,,,,
2026-06-30,2026-06-30,CM,BSE,STK,539177,INE206F01022,AIIL,A,,,,,Authum Investment & Infrastruc,516.80,529.25,516.80,524.20,527.00,516.75,,524.35,,,8633,4518489.00,584,F1,1,,,,,
2026-06-30,2026-06-30,CM,BSE,STK,539189,INE578L01014,ADHBHUTIN,X,,,,,Adhbhut Infrastructure Ltd.,13.99,13.99,13.99,13.99,13.99,14.05,,13.99,,,170,2378.00,2,F1,1,,,,,
2026-06-30,2026-06-30,CM,BSE,STK,539195,INE035S01028,POEL,X,,,,,POCL ENTERPRISES LTD,168.70,172.00,165.00,169.10,169.10,167.40,,169.10,,,33928,5689417.00,346,F1,1,,,,,
2026-06-30,2026-06-30,CM,BSE,STK,539196,INE829P01020,AEL,X,,,,,Amba Enterprises Ltd.,120.05,125.90,119.70,123.65,124.70,119.75,,123.65,,,2838,346636.00,58,F1,1,,,,,
2026-06-30,2026-06-30,CM,BSE,STK,539199,INE618R01015,SGFIN,B,,,,,SG FINSERVE LIMITED,601.00,620.00,601.00,616.40,616.40,602.50,,617.30,,,19084,11678541.00,569,F1,1,,,,,
2026-06-30,2026-06-30,CM,BSE,STK,539200,INE203Q01026,NOBPOL,XT,,,,,NOBLE POLYMERS LIMITED,4.96,4.96,4.96,4.96,4.96,4.87,,4.96,,,2340,11606.00,6,F1,1,,,,,
2026-06-30,2026-06-30,CM,BSE,STK,539201,INE170E01023,SATIA,B,,,,,SATIA INDUSTRIES LIMITED,54.00,55.28,53.73,54.37,54.05,53.99,,54.49,,,15674,849428.00,204,F1,1,,,,,
2026-06-30,2026-06-30,CM,BSE,STK,539206,INE574D01010,GVBL,X,,,,,GENOMIC VALLEY BIOTECH LIMITED,31.76,33.10,30.25,30.25,30.25,31.76,,30.25,,,847,26627.00,12,F1,1,,,,,
2026-06-30,2026-06-30,CM,BSE,STK,539216,INE653S01028,GARMNTMNTR,X,,,,,GARMENT MANTRA LIFESTYLE LIMIT,1.17,1.17,1.14,1.15,1.15,1.15,,1.15,,,661085,760885.00,247,F1,1,,,,,
2026-06-30,2026-06-30,CM,BSE,STK,539217,INE606K01049,SRESTHA,X,,,,,Srestha Finvest Limited,0.25,0.26,0.24,0.25,0.25,0.25,,0.25,,,2538155,629586.00,407,F1,1,,,,,
2026-06-30,2026-06-30,CM,BSE,STK,539219,INE150D01027,MUL,X,,,,,MAURIA UDYOG LIMITED,8.99,9.35,8.80,8.85,8.81,8.84,,8.85,,,19799,176861.00,86,F1,1,,,,,
2026-06-30,2026-06-30,CM,BSE,STK,539220,INE540S01019,MISHKA,X,,,,,Mishka Exim Limited,42.00,42.00,39.80,39.80,39.80,42.00,,39.80,,,1110,44310.00,11,F1,1,,,,,
2026-06-30,2026-06-30,CM,BSE,STK,539221,INE885H01029,SPORTKING,B,,,,,Sportking India Ltd.,174.40,177.30,172.00,174.45,174.25,174.80,,174.28,,,17608,3076132.00,303,F1,1,,,,,
2026-06-30,2026-06-30,CM,BSE,STK,539222,INE451S01027,GROWINGTON,B,,,,,GROWINGTON VENTURES INDIA LIMI,0.74,0.76,0.72,0.75,0.75,0.75,,0.75,,,2416809,1777469.00,508,F1,1,,,,,
2026-06-30,2026-06-30,CM,BSE,STK,539224,INE345Q01017,HCKKVENTURE,XT,,,,,HCKK Ventures Limited,28.86,28.86,28.00,28.00,28.00,29.00,,28.00,,,4461,127015.00,4,F1,1,,,,,
2026-06-30,2026-06-30,CM,BSE,STK,539226,INE027T01023,RUDRA,T,,,,,RUDRA GLOBAL INFRA PRODUCTS LI,16.82,17.60,16.82,17.39,17.40,17.16,,17.13,,,376,6472.00,14,F1,1,,,,,
2026-06-30,2026-06-30,CM,BSE,STK,539227,INE876S01017,LOYAL,X,,,,,Loyal Equipments Limited,169.95,169.95,161.10,161.55,161.30,165.45,,161.55,,,1230,200217.00,46,F1,1,,,,,
2026-06-30,2026-06-30,CM,BSE,STK,539228,INE480S01026,GGPL,Z,,,,,Gala Global Products Limited,1.67,1.75,1.60,1.63,1.63,1.67,,1.63,,,27860,46464.00,48,F1,1,,,,,
2026-06-30,2026-06-30,CM,BSE,STK,539251,INE875R01011,BALKRISHNA,B,,,,,Balkrishna Paper Mills Ltd.,18.34,18.34,17.35,18.21,18.26,18.34,,18.91,,,594,10712.00,9,F1,1,,,,,
2026-06-30,2026-06-30,CM,BSE,STK,539252,INE979R01011,SHYAMCENT,B,,,,,Shyam Century Ferrous Limited,5.52,6.07,5.52,6.01,6.00,5.52,,5.96,,,166784,990861.00,631,F1,1,,,,,
2026-06-30,2026-06-30,CM,BSE,STK,539254,INE931S01010,ADANIENSOL,A,,,,,Adani Energy Solutions Limited,1494.85,1497.95,1471.10,1490.90,1490.90,1485.30,,1491.40,,,48739,72305776.00,2548,F1,1,,,,,
2026-06-30,2026-06-30,CM,BSE,STK,539255,INE541K01014,STARDELTA,X,,,,,STAR DELTA TRANSFORMERS LIMITE,695.00,695.00,655.05,678.35,680.00,669.20,,678.35,,,3365,2249791.00,170,F1,1,,,,,
2026-06-30,2026-06-30,CM,BSE,STK,539265,INE990S01016,AMRAFIN,MT,,,,,Amrapali Fincap Limited,29.04,29.04,29.04,29.04,29.04,27.66,,29.04,,,1200,34848.00,1,F1,1200,,,,,
2026-06-30,2026-06-30,CM,BSE,STK,539267,INE579N01018,SAMSRITA,X,,,,,SAMSRITA LABS LIMITED,11.81,11.81,11.27,11.80,11.80,11.81,,11.80,,,1577,18392.00,13,F1,1,,,,,
2026-06-30,2026-06-30,CM,BSE,STK,539268,INE398R01022,SYNGENE,A,,,,,Syngene International Limited,433.65,441.90,433.65,439.60,440.00,433.35,,439.50,,,29097,12768246.00,1487,F1,1,,,,,
2026-06-30,2026-06-30,CM,BSE,STK,539275,INE829S01016,MSL,X,,,,,Mangalam Seeds Limited,122.00,124.00,119.70,122.00,122.00,122.80,,122.00,,,799,98349.00,14,F1,1,,,,,
2026-06-30,2026-06-30,CM,BSE,STK,539278,INE653R01012,SYMBIOX,X,,,,,Symbiox Investment & Trading C,1.52,1.64,1.52,1.56,1.56,1.52,,1.56,,,17052,27313.00,21,F1,1,,,,,
2026-06-30,2026-06-30,CM,BSE,STK,539287,INE749B01020,ORTINGLOBE,T,,,,,ORTIN GLOBAL LIMITED,17.15,17.75,17.15,17.33,17.15,18.05,,17.46,,,30,518.00,13,F1,1,,,,,
2026-06-30,2026-06-30,CM,BSE,STK,539289,INE898S01029,AURUM,B,,,,,Aurum PropTech Limited,225.55,236.00,223.55,225.10,223.55,223.60,,225.62,,,41577,9602678.00,832,F1,1,,,,,
2026-06-30,2026-06-30,CM,BSE,STK,539290,INE143A01010,OSWALGREEN,B,,,,,Oswal Greentech Limited,24.40,24.40,22.70,22.80,22.70,22.65,,22.78,,,29315,692920.00,245,F1,1,,,,,
2026-06-30,2026-06-30,CM,BSE,STK,539300,INE671K01027,SUNRAKSHAK,X,,,,,SUNRAKSHAKK INDUSTRIES INDIA L,316.50,324.90,312.00,316.10,316.10,323.25,,316.10,,,14153,4483364.00,308,F1,1,,,,,
2026-06-30,2026-06-30,CM,BSE,STK,539301,INE034S01021,ARVSMART,B,,,,,Arvind SmartSpaces Limited,599.00,602.05,593.80,601.00,601.00,595.55,,600.65,,,920,549264.00,65,F1,1,,,,,
2026-06-30,2026-06-30,CM,BSE,STK,539302,INE211R01019,POWERMECH,A,,,,,Power Mech Projects Limited,2707.00,2772.95,2707.00,2763.75,2768.00,2720.90,,2763.20,,,4768,13121129.00,359,F1,1,,,,,
2026-06-30,2026-06-30,CM,BSE,STK,539309,INE230R01035,RAMASTEEL,T,,,,,Rama Steel Tubes Limited,4.43,4.48,4.25,4.45,4.45,4.43,,4.46,,,548220,2416063.00,1071,F1,1,,,,,
2026-06-30,2026-06-30,CM,BSE,STK,539310,INE365S01045,THINKINK,XT,,,,,THINKINK PICTUREZ LIMITED,0.19,0.20,0.19,0.19,0.20,0.20,,0.19,,,1230902,236595.00,179,F1,1,,,,,
2026-06-30,2026-06-30,CM,BSE,STK,539312,INF789FB1X58,SENSEXBETA,A,,,,,UTI BSE Sensex ETF,842.17,849.78,830.68,846.55,846.55,850.68,,845.05,,,72,60728.00,12,F1,1,,,,,
2026-06-30,2026-06-30,CM,BSE,STK,539313,INF789F1AZC0,NIFTYBETA,B,,,,,UTI Mutual Fund,258.42,265.40,258.42,265.01,265.01,265.05,,265.56,,,726,191942.00,58,F1,1,,,,,
2026-06-30,2026-06-30,CM,BSE,STK,539314,INE203T01012,UNIAUTO,B,,,,,Universal Autofoundry Limited,53.90,53.90,50.50,51.79,51.00,51.10,,51.79,,,4020,207089.00,58,F1,1,,,,,
2026-06-30,2026-06-30,CM,BSE,STK,539331,INE918N01018,VETO,T,,,,,VETO SWITCHGEARS AND CABLES LI,124.00,127.95,123.00,125.10,125.10,123.65,,127.29,,,4100,511660.00,52,F1,1,,,,,
2026-06-30,2026-06-30,CM,BSE,STK,539332,INE278M01019,NAVKARCORP,B,,,,,Navkar Corporation Limited,108.17,108.48,106.98,107.14,107.67,106.80,,107.41,,,4855,523008.00,109,F1,1,,,,,
2026-06-30,2026-06-30,CM,BSE,STK,539334,INE712K01011,SHREEPUSHK,B,,,,,Shree Pushkar Chemicals & Fert,404.10,408.30,398.55,406.80,406.60,408.30,,407.50,,,1087,438384.00,99,F1,1,,,,,
2026-06-30,2026-06-30,CM,BSE,STK,539335,INE714Q01014,CALLISTA,XT,,,,,Callista Industries Limited,182.30,186.00,182.30,186.00,186.00,186.00,,186.00,,,3010,559823.00,13,F1,1,,,,,
2026-06-30,2026-06-30,CM,BSE,STK,539336,INE844O01030,GUJGASLTD,A,,,,,Gujarat Gas Limited,336.00,336.05,325.60,327.90,330.60,334.80,,327.05,,,62485,20578443.00,2013,F1,1,,,,,
2026-06-30,2026-06-30,CM,BSE,STK,539337,INE725P01012,WAAREE,MT,,,,,WAAREE TECHNOLOGIES LIMITED,251.95,255.00,245.00,249.90,250.00,253.70,,249.90,,,8750,2184122.00,44,F1,175,,,,,
2026-06-30,2026-06-30,CM,BSE,STK,539346,INE764L01010,SADBHIN,T,,,,,Sadbhav Infrastructure Project,2.74,2.82,2.65,2.72,2.72,2.73,,2.76,,,13266,35730.00,30,F1,1,,,,,
2026-06-30,2026-06-30,CM,BSE,STK,539353,INE724G01014,SALAUTO,X,,,,,SAL AUTOMOTIVE LIMITED,182.00,190.95,182.00,182.05,182.00,181.75,,182.05,,,34,6303.00,8,F1,1,,,,,
2026-06-30,2026-06-30,CM,BSE,STK,539354,INE914G01029,POLYSPIN,X,,,,,Polyspin Exports Ltd.,30.47,30.47,29.06,29.06,29.06,29.41,,29.06,,,220,6554.00,4,F1,1,,,,,
2026-06-30,2026-06-30,CM,BSE,STK,539359,INE583R01029,PRITIKAUTO,T,,,,,Pritika Auto Industries Limite,15.55,16.25,15.49,15.49,15.49,16.30,,15.49,,,40991,637674.00,122,F1,1,,,,,
2026-06-30,2026-06-30,CM,BSE,STK,539378,INE848R01018,SML,XT,,,,,Soni Medicare Limited,69.94,70.20,69.94,70.20,70.20,70.29,,70.20,,,111,7789.00,3,F1,1,,,,,
2026-06-30,2026-06-30,CM,BSE,STK,539383,INE019D01016,MAHAVEER,Z,,,,,Mahaveer Infoway Limited,16.00,16.00,15.93,15.93,15.93,15.93,,15.93,,,100,1593.00,3,F1,1,,,,,
2026-06-30,2026-06-30,CM,BSE,STK,539391,INE636B01011,ACME,Z,,,,,Acme Resources Limited,31.49,31.49,30.00,30.00,30.00,30.68,,30.00,,,524,15734.00,13,F1,1,,,,,
2026-06-30,2026-06-30,CM,BSE,STK,539398,INE060T01024,VISHALBL,B,,,,,Vishal Bearings Limited,63.98,63.98,59.70,63.31,63.75,59.71,,63.31,,,2053,127373.00,29,F1,1,,,,,
2026-06-30,2026-06-30,CM,BSE,STK,539399,INE344T01014,BELLACASA,B,,,,,Bella Casa Fashion & Retail Li,260.25,278.00,258.65,274.05,273.85,261.40,,274.78,,,2902,773397.00,296,F1,1,,,,,
2026-06-30,2026-06-30,CM,BSE,STK,539400,INE389C01015,MALLCOM,B,,,,,MALLCOM (INDIA) LTD.,1024.65,1045.95,1020.00,1021.55,1021.55,1010.60,,1034.20,,,245,254405.00,107,F1,1,,,,,
2026-06-30,2026-06-30,CM,BSE,STK,539401,INE473T01011,PJL,M,,,,,Patdiam Jewellery Limited,232.50,235.00,232.50,234.00,234.00,252.00,,234.00,,,2250,526125.00,3,F1,750,,,,,
2026-06-30,2026-06-30,CM,BSE,STK,539402,INE256S01012,NAKSH,Z,,,,,Naksh Precious Metals Limited,4.70,4.70,4.70,4.70,4.70,4.74,,4.70,,,613,2881.00,4,F1,1,,,,,
2026-06-30,2026-06-30,CM,BSE,STK,539404,INE836B01017,SATIN,B,,,,,SATIN CREDITCARE NETWORK LIMIT,237.70,248.00,234.45,245.80,245.80,236.55,,245.90,,,71253,17206834.00,933,F1,1,,,,,
2026-06-30,2026-06-30,CM,BSE,STK,539405,INE183R01010,DITCO,X,,,,,Decorous Investment and Tradin,12.74,12.74,12.11,12.11,12.11,12.74,,12.11,,,25963,320714.00,13,F1,1,,,,,
2026-06-30,2026-06-30,CM,BSE,STK,539406,INE150R01019,SWAGTAM,X,,,,,Swagatam Trading & Services Li,68.40,72.00,68.40,71.94,71.94,72.00,,71.94,,,911,62319.00,24,F1,1,,,,,
2026-06-30,2026-06-30,CM,BSE,STK,539407,INE854S01022,GENCON,B,,,,,Generic Engineering Constructi,45.40,45.40,42.86,42.86,42.86,44.09,,43.96,,,7763,338230.00,163,F1,1,,,,,
2026-06-30,2026-06-30,CM,BSE,STK,539408,INE594R01018,KUBERJI,XT,,,,,Kuber Udyog Limited,17.08,18.74,17.08,18.74,18.74,17.85,,18.74,,,7414,130619.00,12,F1,1,,,,,
2026-06-30,2026-06-30,CM,BSE,STK,539428,INE030T01027,TEJNAKSH,X,,,,,Tejnaksh Healthcare Limited,14.88,15.10,14.50,14.77,15.10,14.56,,14.77,,,10040,146293.00,37,F1,1,,,,,
2026-06-30,2026-06-30,CM,BSE,STK,539435,INE201C01012,RFSL,X,,,,,Richfield Financial Services L,23.00,23.99,22.98,23.82,23.82,23.00,,23.82,,,1034,23809.00,7,F1,1,,,,,
2026-06-30,2026-06-30,CM,BSE,STK,539436,INE335K01011,COFFEEDAY,T,,,,,Coffee Day Enterprises Limited,32.63,32.89,31.31,31.94,32.00,32.82,,31.61,,,266567,8466857.00,480,F1,1,,,,,
2026-06-30,2026-06-30,CM,BSE,STK,539437,INE092T01019,IDFCFIRSTB,A,,,,,IDFC FIRST BANK LIMITED,78.48,79.68,78.10,79.52,79.52,78.21,,79.49,,,3703585,292279520.00,12895,F1,1,,,,,
2026-06-30,2026-06-30,CM,BSE,STK,539448,INE646L01027,INDIGO,A,,,,,InterGlobe Aviation Limited,5320.20,5407.95,5320.00,5369.70,5352.00,5320.20,,5368.40,,,32095,171913617.00,5620,F1,1,,,,,
2026-06-30,2026-06-30,CM,BSE,STK,539449,INE099S01016,IGCIL,X,,,,,IGC Industries Limited,2.07,2.12,2.00,2.08,2.09,2.07,,2.08,,,34910,73423.00,61,F1,1,,,,,
2026-06-30,2026-06-30,CM,BSE,STK,539450,INE500L01026,SHK,B,,,,,S H Kelkar and Company Limited,132.70,133.10,127.95,128.10,128.60,132.20,,128.28,,,32854,4245315.00,553,F1,1,,,,,
2026-06-30,2026-06-30,CM,BSE,STK,539455,INE360S01012,ARYAVAN,X,,,,,ARYAVAN ENTERPRISE LIMITED,48.01,50.40,47.85,48.95,48.97,49.80,,48.95,,,715,34423.00,11,F1,1,,,,,
2026-06-30,2026-06-30,CM,BSE,STK,539468,INE761R01013,TFSL,XT,,,,,Typhoon Financial Services Lim,36.96,36.96,36.65,36.65,36.65,35.20,,36.65,,,113,4158.00,8,F1,1,,,,,
2026-06-30,2026-06-30,CM,BSE,STK,539469,INE258R01028,PANORAMA,B,,,,,PANORAMA STUDIOS INTERNATIONAL,45.80,45.80,41.70,42.17,42.30,44.21,,42.17,,,390718,16796358.00,934,F1,1,,,,,
2026-06-30,2026-06-30,CM,BSE,STK,539470,INE051N01026,SHREEGANES,X,,,,,Shree Ganesh Biotech (India) L,0.58,0.59,0.52,0.56,0.57,0.58,,0.56,,,1499829,850462.00,331,F1,1,,,,,
2026-06-30,2026-06-30,CM,BSE,STK,539479,INE910R01024,GTV,X,,,,,GTV Engineering Limited,79.80,79.80,77.60,78.48,78.48,78.75,,78.48,,,65817,5170035.00,289,F1,1,,,,,
2026-06-30,2026-06-30,CM,BSE,STK,539480,INF767K01OS7,LICNETFN50,B,,,,,LIC MF EXHGE TRADED FUND-NIFTY,263.00,266.76,263.00,266.76,266.76,267.42,,267.00,,,2,529.00,2,F1,1,,,,,
2026-06-30,2026-06-30,CM,BSE,STK,539492,INE721C01019,GARBIFIN,X,,,,,Garbi Finvest Limited,9.80,9.86,9.65,9.85,9.85,9.80,,9.85,,,1015,9870.00,28,F1,1,,,,,
2026-06-30,2026-06-30,CM,BSE,STK,539494,INE766D01020,SMARTFIN,X,,,,,Smart Finsec Limited,8.01,8.54,8.01,8.53,8.53,8.01,,8.53,,,14610,122783.00,53,F1,1,,,,,
2026-06-30,2026-06-30,CM,BSE,STK,539495,INE176R01014,RAJKOTINV,X,,,,,Rajkot Investment Trust Limite,39.50,45.54,38.01,45.54,45.54,41.40,,45.54,,,162,7305.00,12,F1,1,,,,,
2026-06-30,2026-06-30,CM,BSE,STK,539506,INE805Q01028,ADCON,XT,,,,,Adcon Capital Services Limited,0.53,0.53,0.53,0.53,0.53,0.55,,0.53,,,181741,96322.00,160,F1,1,,,,,
2026-06-30,2026-06-30,CM,BSE,STK,539515,INE641R01017,QUINT,B,,,,,Quint Digital Limited,42.00,42.00,40.00,41.28,41.90,43.97,,41.34,,,21,867.00,15,F1,1,,,,,
2026-06-30,2026-06-30,CM,BSE,STK,539516,INF179KC1965,HDFCNIFTY,B,,,,,HDFC Mutual Fund,270.50,270.50,268.09,268.96,269.39,268.97,,268.74,,,1842,495717.00,94,F1,1,,,,,
2026-06-30,2026-06-30,CM,BSE,STK,539517,INF179KC1HX2,HDFCSENSEX,A,,,,,HDFC Mutual Fund,86.44,87.32,86.44,86.92,86.96,87.27,,86.63,,,1162,101007.00,54,F1,1,,,,,
2026-06-30,2026-06-30,CM,BSE,STK,539518,INE551B01012,UDAYJEW,X,,,,,Uday Jewellery Industries Limi,179.85,179.85,145.00,151.05,151.80,150.45,,151.05,,,3612,538003.00,120,F1,1,,,,,
2026-06-30,2026-06-30,CM,BSE,STK,539519,INE280E01038,SATTVASUKU,X,,,,,SATTVA SUKUN LIFECARE LIMITED,0.77,0.77,0.75,0.75,0.75,0.75,,0.75,,,302867,228097.00,126,F1,1,,,,,
2026-06-30,2026-06-30,CM,BSE,STK,539522,INE343C01012,GROVY,X,,,,,Grovy India Limited,45.77,51.60,45.77,50.65,50.84,49.32,,50.65,,,2669,131729.00,36,F1,1,,,,,
2026-06-30,2026-06-30,CM,BSE,STK,539523,INE540L01014,ALKEM,A,,,,,Alkem Laboratories Limited,5470.20,5609.95,5465.65,5571.00,5605.00,5416.70,,5570.00,,,142874,787571617.00,897,F1,1,,,,,
2026-06-30,2026-06-30,CM,BSE,STK,539524,INE600L01024,LALPATHLAB,A,,,,,Dr. Lal Pathlabs Limited,1648.00,1670.70,1633.15,1647.10,1640.00,1648.00,,1646.20,,,12177,20094739.00,1389,F1,1,,,,,
2026-06-30,2026-06-30,CM,BSE,STK,539526,INE452S01025,SCTL,X,,,,,Suncare Traders Limited,0.41,0.50,0.40,0.50,0.50,0.42,,0.50,,,1753974,823534.00,255,F1,1,,,,,
2026-06-30,2026-06-30,CM,BSE,STK,539528,INE430R01023,AAYUSH,X,,,,,AAYUSH WELLNESS LIMITED,27.15,27.69,26.75,26.93,26.93,27.15,,26.93,,,78268,2117634.00,618,F1,1,,,,,
2026-06-30,2026-06-30,CM,BSE,STK,539533,INE669R01026,ELITECON,B,,,,,ELITECON INTERNATIONAL LIMITED,27.13,27.46,26.55,26.71,26.71,27.21,,26.70,,,111444,3008439.00,591,F1,1,,,,,
2026-06-30,2026-06-30,CM,BSE,STK,539542,INE150G01020,LUXIND,B,,,,,LUX Industries Limited,1217.10,1238.00,1215.00,1225.20,1221.20,1223.20,,1225.40,,,892,1092892.00,85,F1,1,,,,,
2026-06-30,2026-06-30,CM,BSE,STK,539544,INE281P01016,ABHIINFRA,X,,,,,Abhishek Infraventures Limited,8.00,8.00,8.00,8.00,8.00,8.00,,8.00,,,215,1720.00,3,F1,1,,,,,
2026-06-30,2026-06-30,CM,BSE,STK,539545,INE217S01014,APOORVA,X,,,,,Apoorva Leasing Finance & Inve,30.90,31.00,30.90,30.90,31.00,29.85,,30.90,,,135,4171.00,2,F1,1,,,,,
2026-06-30,2026-06-30,CM,BSE,STK,539546,INE679E01015,AGRIBIO,X,,,,,AGRIBIO SPIRITS LIMITED,299.00,303.40,297.15,299.50,297.85,298.55,,299.50,,,13443,4034550.00,123,F1,1,,,,,
2026-06-30,2026-06-30,CM,BSE,STK,539551,INE410P01011,NH,A,,,,,Narayana Hrudayalaya Limited,1928.85,1980.00,1910.00,1971.15,1976.40,1902.45,,1971.70,,,15855,31046376.00,1298,F1,1,,,,,
2026-06-30,2026-06-30,CM,BSE,STK,539552,INE108T01021,FMEC,XT,,,,,F MEC INTERNATIONAL FINANCIAL,11.46,11.99,11.46,11.46,11.46,12.06,,11.46,,,287250,3300858.00,342,F1,1,,,,,
2026-06-30,2026-06-30,CM,BSE,STK,539559,INE005G01026,DEEPAI,XT,,,,,Deep Health AI India Limited,2.05,2.21,2.05,2.21,2.21,2.11,,2.21,,,741745,1630988.00,569,F1,1,,,,,
2026-06-30,2026-06-30,CM,BSE,STK,539561,INE549S01036,SUPHA,XT,,,,,SUPHA PHARMACHEM LIMITED,0.31,0.31,0.31,0.31,0.31,0.30,,0.31,,,1689743,523820.00,172,F1,1,,,,,
2026-06-30,2026-06-30,CM,BSE,STK,539562,INE750R01016,AARNAV,B,,,,,AARNAV FASHIONS LIMITED,25.49,25.49,24.20,25.26,25.30,25.49,,25.18,,,14236,350577.00,95,F1,1,,,,,
2026-06-30,2026-06-30,CM,BSE,STK,539593,INE728Q01014,SHIVA,XT,,,,,Shivansh Finserv Limited,9.38,9.39,9.38,9.39,9.39,8.95,,9.39,,,5691,53429.00,7,F1,1,,,,,
2026-06-30,2026-06-30,CM,BSE,STK,539594,INE094S01041,MISHTANN,X,,,,,Mishtann Foods Limited,3.87,3.95,3.83,3.91,3.91,3.83,,3.91,,,836845,3264489.00,1327,F1,1,,,,,
2026-06-30,2026-06-30,CM,BSE,STK,539596,INE681Q01015,DELTA,X,,,,,Delta Industrial Resources Lim,12.10,12.10,11.50,11.50,11.50,12.10,,11.50,,,289,3437.00,8,F1,1,,,,,
2026-06-30,2026-06-30,CM,BSE,STK,539598,INE727C01024,CGFL,X,,,,,CREDENT GLOBAL FINANCE LIMITED,30.00,35.50,29.51,32.75,32.75,29.88,,32.75,,,2009053,61151414.00,566,F1,1,,,,,
2026-06-30,2026-06-30,CM,BSE,STK,539599,INE079C01012,KEL,X,,,,,Kotia Enterprises Limited,27.09,27.09,25.80,27.05,27.05,25.80,,27.05,,,27,705.00,4,F1,1,,,,,
2026-06-30,2026-06-30,CM,BSE,STK,539607,INE373T01047,BLUECLOUDS,B,,,,,Blue Cloud Softech Solutions L,18.50,19.96,18.50,19.96,19.96,19.01,,19.96,,,11244441,223273294.00,8266,F1,1,,,,,
2026-06-30,2026-06-30,CM,BSE,STK,539620,INE534E01020,KEIL,X,,,,,KANORIA ENERGY & INFRASTRUCTUR,16.88,17.25,16.86,16.86,16.86,16.69,,16.86,,,1941,33078.00,30,F1,1,,,,,
2026-06-30,2026-06-30,CM,BSE,STK,539636,INE484I01029,PRECAM,B,,,,,Precision Camshafts Limited,148.25,152.70,148.25,149.10,148.70,148.15,,149.03,,,11258,1695020.00,139,F1,1,,,,,
2026-06-30,2026-06-30,CM,BSE,STK,539658,INE985S01024,TEAMLEASE,B,,,,,TeamLease Services Limited,1454.95,1454.95,1440.20,1443.45,1448.20,1447.55,,1445.10,,,2017,2913852.00,346,F1,1,,,,,
2026-06-30,2026-06-30,CM,BSE,STK,539659,INE564S01019,KAMATS,B,,,,,VIKRAM KAMATS HOSPITALITY LIMI,41.30,41.30,38.00,39.02,39.63,38.89,,39.02,,,2639,103782.00,35,F1,1,,,,,
2026-06-30,2026-06-30,CM,BSE,STK,539660,INE052T01021,BESTAGRO,B,,,,,BEST AGROLIFE LIMITED,15.39,16.12,15.09,15.42,15.32,14.91,,15.43,,,437547,6791693.00,1026,F1,1,,,,,
2026-06-30,2026-06-30,CM,BSE,STK,539661,INE023R01018,ACEMEN,X,,,,,ACE MEN ENGG WORKS LIMITED,92.35,100.00,92.35,99.85,99.85,97.77,,99.85,,,1046,101884.00,40,F1,1,,,,,
2026-06-30,2026-06-30,CM,BSE,STK,539662,INE948Q01018,BFLAFL,X,,,,,BFL Asset Finvest Limited,6.05,6.68,6.05,6.18,6.18,6.04,,6.18,,,4929,30252.00,17,F1,1,,,,,
2026-06-30,2026-06-30,CM,BSE,STK,539669,INE684D01025,RGF,XT,,,,,RGF Capital Markets Limited,1.71,1.87,1.71,1.79,1.81,1.79,,1.79,,,391635,681421.00,138,F1,1,,,,,
2026-06-30,2026-06-30,CM,BSE,STK,539673,INE792P01020,RCL,Z,,,,,Radhagobind Commercial Limited,2.85,2.85,2.85,2.85,2.85,2.85,,2.85,,,502,1430.00,2,F1,1,,,,,
2026-06-30,2026-06-30,CM,BSE,STK,539678,INE306L01010,QUICKHEAL,T,,,,,Quick Heal Technologies Limite,172.15,179.40,170.10,172.40,173.00,174.80,,170.91,,,4138,719041.00,131,F1,1,,,,,
2026-06-30,2026-06-30,CM,BSE,STK,539679,INE332Q01023,KAPILRAJ,X,,,,,Kapil Raj Finance Ltd.,2.00,2.07,1.90,1.90,1.90,2.00,,1.90,,,1120878,2135486.00,384,F1,1,,,,,
2026-06-30,2026-06-30,CM,BSE,STK,539682,INE622Q01027,MOBAVENUE,X,,,,,Mobavenue AI Tech Limited,276.00,289.00,262.60,277.70,289.00,276.20,,277.70,,,67255,18066777.00,931,F1,1,,,,,
2026-06-30,2026-06-30,CM,BSE,STK,539686,INE127T01021,KPEL,B,,,,,K.P. Energy Limited,342.00,344.95,338.10,340.80,341.00,340.05,,341.15,,,8217,2802221.00,260,F1,1,,,,,
2026-06-30,2026-06-30,CM,BSE,STK,539692,INE064T01018,IFINSER,X,,,,,INTERACTIVE FINANCIAL SERVICES,13.80,15.19,13.77,14.04,14.14,13.83,,14.04,,,2152,30734.00,25,F1,1,,,,,
2026-06-30,2026-06-30,CM,BSE,STK,539697,INE966Q01010,HILIKS,X,,,,,HILIKS TECHNOLOGIES LIMITED,71.88,73.39,69.90,73.39,73.39,69.90,,73.39,,,29027,2124140.00,126,F1,1,,,,,
2026-06-30,2026-06-30,CM,BSE,STK,539724,INE039D01014,HYPERSOFT,XT,,,,,HYPERSOFT TECHNOLOGIES LIMITED,212.95,212.95,206.80,206.80,206.80,211.00,,206.80,,,6473,1360706.00,32,F1,1,,,,,
2026-06-30,2026-06-30,CM,BSE,STK,539725,INE314T01033,GOKULAGRO,B,,,,,Gokul Agro Resources Ltd,212.60,213.00,206.90,207.15,207.10,212.45,,207.31,,,16519,3451275.00,420,F1,1,,,,,
2026-06-30,2026-06-30,CM,BSE,STK,539730,INE194R01017,FREDUN,X,,,,,Fredun Pharmaceuticals Limited,2725.00,2825.00,2725.00,2814.30,2821.00,2735.60,,2814.30,,,9296,26084187.00,669,F1,1,,,,,
2026-06-30,2026-06-30,CM,BSE,STK,539742,INE748T01016,SIMBHALS,Z,,,,,Simbhaoli Sugars Ltd,6.73,6.80,6.55,6.80,6.80,6.73,,6.83,,,1449,9554.00,11,F1,1,,,,,
2026-06-30,2026-06-30,CM,BSE,STK,539760,INE773T01014,RELICAB,B,,,,,Relicab Cable Manufacturing Li,39.24,39.32,39.00,39.32,39.32,37.45,,39.32,,,9867,387136.00,73,F1,1,,,,,
2026-06-30,2026-06-30,CM,BSE,STK,539761,INE427T01025,VKAL,XT,,,,,Vantage Knowledge Academy Limi,0.94,0.95,0.90,0.94,0.94,0.94,,0.94,,,168908,155736.00,205,F1,1,,,,,
2026-06-30,2026-06-30,CM,BSE,STK,539762,INE250S01015,MEAPL,X,,,,,MODERN ENGINEERING AND PROJECT,31.80,31.80,29.56,30.35,30.35,30.25,,30.35,,,11410,345361.00,48,F1,1,,,,,
2026-06-30,2026-06-30,CM,BSE,STK,539767,INE216Q01010,MNIL,X,,,,,Mega Nirman & Industries Limit,35.00,35.00,31.40,35.00,35.00,33.95,,35.00,,,821,28607.00,25,F1,1,,,,,
2026-06-30,2026-06-30,CM,BSE,STK,539770,INE830S01014,DARJEELING,X,,,,,DARJEELING INDUSTRIIES LIMITED,37.31,37.31,35.72,36.00,36.00,37.31,,36.00,,,379,13733.00,22,F1,1,,,,,
2026-06-30,2026-06-30,CM,BSE,STK,539773,INE178T01024,ADVIKCA,X,,,,,Advik Capital Limited,1.30,1.30,1.20,1.27,1.27,1.28,,1.27,,,1550819,1958849.00,457,F1,1,,,,,
2026-06-30,2026-06-30,CM,BSE,STK,539785,INE865T01018,PDMJEPAPER,B,,,,,Pudumjee Paper Products Limite,81.01,85.00,81.01,84.28,83.98,82.92,,84.20,,,3213,268687.00,94,F1,1,,,,,
2026-06-30,2026-06-30,CM,BSE,STK,539787,INE075I01017,HCG,A,,,,,HealthCare Global Enterprises,599.80,632.00,598.40,631.20,622.60,595.05,,627.35,,,15775,9807215.00,794,F1,1,,,,,
2026-06-30,2026-06-30,CM,BSE,STK,539798,INE173U01015,UMIYA,X,,,,,Umiya Tubes Limited,33.96,34.82,32.40,32.80,32.70,33.96,,32.80,,,8083,266298.00,58,F1,1,,,,,
2026-06-30,2026-06-30,CM,BSE,STK,539799,INE316L01019,BHARATWIRE,B,,,,,Bharat Wire Ropes Limited,203.75,203.75,199.65,201.65,201.85,201.15,,200.37,,,2787,562472.00,85,F1,1,,,,,
2026-06-30,2026-06-30,CM,BSE,STK,539800,INE043U01010,CHDCHEM,X,,,,,CHD Chemicals Limited,5.40,6.08,5.25,5.30,5.30,5.40,,5.30,,,460,2440.00,10,F1,1,,,,,
2026-06-30,2026-06-30,CM,BSE,STK,539807,INE483S01020,CCAVENUE,A,,,,,AvenuesAI Limited,16.99,17.05,16.40,16.48,16.46,16.79,,16.49,,,856333,14198746.00,1570,F1,1,,,,,
2026-06-30,2026-06-30,CM,BSE,STK,539814,INE204S01012,LELAVOIR,X,,,,,LE LAVOIR LIMITED,153.00,153.00,147.10,149.35,151.00,152.85,,149.35,,,470,70919.00,16,F1,1,,,,,
2026-06-30,2026-06-30,CM,BSE,STK,539819,INE967S01014,MUDRA,X,,,,,Mudra Financial Services Ltd.,4.51,4.51,4.51,4.51,4.51,4.30,,4.51,,,344000,1551440.00,14,F1,1,,,,,
2026-06-30,2026-06-30,CM,BSE,STK,539834,INE119R01014,BALGOPAL,X,,,,,Balgopal Commercial limited,185.35,220.45,185.35,209.80,209.80,185.35,,209.80,,,10028,2104621.00,158,F1,1,,,,,
2026-06-30,2026-06-30,CM,BSE,STK,539835,INE574R01028,SUPERIOR,X,,,,,Superior Finlease Limited,1.73,1.81,1.73,1.81,1.81,1.73,,1.81,,,1537,2768.00,7,F1,1,,,,,
2026-06-30,2026-06-30,CM,BSE,STK,539837,INE912T01018,RPEL,B,,,,,RAGHAV PRODUCTIVITY ENHANCERS,1164.00,1208.00,1157.30,1203.50,1207.00,1159.90,,1203.95,,,5652,6726526.00,580,F1,1,,,,,
2026-06-30,2026-06-30,CM,BSE,STK,539841,INE359U01028,LANCER,X,,,,,Lancer Container Lines Limited,11.35,11.81,11.28,11.32,11.38,11.31,,11.32,,,220804,2527554.00,522,F1,1,,,,,
2026-06-30,2026-06-30,CM,BSE,STK,539843,INE395U01014,NINSYS,T,,,,,NINtec Systems Limited,839.75,839.75,806.70,822.95,834.00,806.70,,824.65,,,703,578204.00,25,F1,1,,,,,
2026-06-30,2026-06-30,CM,BSE,STK,539854,INE115S01010,HALDER,B,,,,,Halder Venture Limited,251.65,252.50,231.95,234.35,234.35,237.80,,237.63,,,4431,1046446.00,31,F1,1,,,,,
2026-06-30,2026-06-30,CM,BSE,STK,539864,INE009U01011,GHUSHINE,M,,,,,Ghushine Fintrrade Ocean Limit,12.45,12.45,12.41,12.41,12.41,15.50,,12.41,,,10000,124300.00,2,F1,5000,,,,,
2026-06-30,2026-06-30,CM,BSE,STK,539871,INE594H01019,THYROCARE,B,,,,,Thyrocare Technologies Limited,525.00,554.00,524.95,549.75,548.70,524.50,,549.35,,,31780,17189852.00,1084,F1,1,,,,,
2026-06-30,2026-06-30,CM,BSE,STK,539872,INE411U01027,BAJAJHCARE,B,,,,,Bajaj Healthcare Limited,357.00,365.35,347.00,350.75,348.45,353.45,,351.45,,,163674,58529439.00,2448,F1,1,,,,,
2026-06-30,2026-06-30,CM,BSE,STK,539876,INE299U01018,CROMPTON,A,,,,,Crompton Greaves Consumer Elec,274.45,277.40,270.20,274.90,275.40,273.15,,274.75,,,191687,52708243.00,1731,F1,1,,,,,
2026-06-30,2026-06-30,CM,BSE,STK,539883,INE417C01014,PILANIINVS,B,,,,,Pilani Investment And Industri,4388.55,4388.55,4337.75,4349.20,4341.00,4388.55,,4349.00,,,24,104402.00,18,F1,1,,,,,
2026-06-30,2026-06-30,CM,BSE,STK,539884,INE671T01028,DARSHANORNA,X,,,,,Darshan Orna Limited,2.28,2.32,2.12,2.27,2.27,2.29,,2.27,,,85010,188918.00,132,F1,1,,,,,
2026-06-30,2026-06-30,CM,BSE,STK,539889,INE883N01014,PARAGMILK,B,,,,,Parag Milk Foods Limited,233.00,235.30,231.40,233.80,234.80,231.05,,233.58,,,27360,6376818.00,384,F1,1,,,,,
2026-06-30,2026-06-30,CM,BSE,STK,539894,INE631R01026,MADHAVIPL,B,,,,,Madhav Infra Projects Limited,8.61,8.90,8.48,8.59,8.58,8.58,,8.57,,,88912,775161.00,210,F1,1,,,,,
2026-06-30,2026-06-30,CM,BSE,STK,539895,INE631E01024,SPICELOUNG,B,,,,,SPICE LOUNGE FOOD WORKS LIMITE,25.00,25.05,23.51,24.89,24.89,24.32,,24.89,,,91714,2243895.00,375,F1,1,,,,,
2026-06-30,2026-06-30,CM,BSE,STK,539900,INE642P01019,DIDL,X,,,,,DALMIA INDUSTRIAL DEVELOPMENT,10.19,11.20,9.36,10.00,10.00,10.24,,10.00,,,685,6894.00,12,F1,1,,,,,
2026-06-30,2026-06-30,CM,BSE,STK,539911,INE730R01042,SNIM,X,,,,,Svarnim Trade Udyog Limited,9.05,9.05,9.05,9.05,9.05,9.52,,9.05,,,19,171.00,2,F1,1,,,,,
2026-06-30,2026-06-30,CM,BSE,STK,539921,INE440T01028,SEIL,B,,,,,Shanti Educational Initiatives,208.35,218.90,208.35,216.35,216.35,206.40,,216.72,,,175792,37722593.00,1767,F1,1,,,,,
2026-06-30,2026-06-30,CM,BSE,STK,539922,INE364S01014,RGIL,XT,,,,,Rotographics (India) Limited,180.65,199.65,180.65,199.65,199.65,190.15,,199.65,,,110,19909.00,6,F1,1,,,,,
2026-06-30,2026-06-30,CM,BSE,STK,539938,INE858Q01019,MIL,X,,,,,Medico Intercontinental Limite,31.30,33.44,29.10,29.70,29.70,30.88,,29.70,,,4631,144624.00,171,F1,1,,,,,
2026-06-30,2026-06-30,CM,BSE,STK,539939,INE571U01010,YASHCHEM,X,,,,,Yash Chemex Limited,54.90,57.00,52.74,53.01,54.10,52.99,,53.01,,,885,49054.00,18,F1,1,,,,,
2026-06-30,2026-06-30,CM,BSE,STK,539945,INF109KC11V0,NV20IETF,B,,,,,ICICI Prudential NV20 ETF,13.75,13.75,13.60,13.61,13.66,13.72,,13.61,,,12038,164189.00,409,F1,1,,,,,
2026-06-30,2026-06-30,CM,BSE,STK,539946,INE217E01014,BAZELINTER,X,,,,,Bazel International Limited,20.75,20.75,18.83,18.87,18.87,18.87,,18.87,,,4559,88935.00,46,F1,1,,,,,
2026-06-30,2026-06-30,CM,BSE,STK,539947,INE919T01013,JLL,X,,,,,JINDAL LEASEFIN LIMITED,102.87,102.87,102.87,102.87,102.87,97.98,,102.87,,,303,31169.00,4,F1,1,,,,,
2026-06-30,2026-06-30,CM,BSE,STK,539956,INE524T01011,TAALTECH,B,,,,,TAAL TECH LIMITED,3163.15,3205.95,3055.30,3099.35,3120.00,3161.15,,3092.60,,,417,1297667.00,183,F1,1,,,,,
2026-06-30,2026-06-30,CM,BSE,STK,539957,INE002S01010,MGL,A,,,,,Mahanagar Gas Limited,1148.25,1210.60,1148.25,1174.40,1173.30,1143.75,,1174.10,,,23070,27162277.00,1331,F1,1,,,,,
2026-06-30,2026-06-30,CM,BSE,STK,539963,INE819S01025,ZEAL,XT,,,,,Zeal Aqua Limited,12.00,12.00,11.75,11.89,11.83,11.88,,11.89,,,52951,627278.00,162,F1,1,,,,,
2026-06-30,2026-06-30,CM,BSE,STK,539978,INE615P01015,QUESS,A,,,,,Quess Corp Limited,250.75,270.00,240.65,267.70,267.70,247.85,,267.61,,,139768,36676614.00,2012,F1,1,,,,,
2026-06-30,2026-06-30,CM,BSE,STK,539979,INE731U01028,DIGJAMLMTD,B,,,,,DIGJAM LIMITED,46.00,48.00,45.00,45.32,45.32,46.30,,46.00,,,459,20832.00,15,F1,1,,,,,
2026-06-30,2026-06-30,CM,BSE,STK,539980,INF109KC10W0,MIDSELIETF,B,,,,,ICICI Prudential BSE Midcap Se,18.79,19.02,18.77,18.90,18.90,18.80,,18.94,,,414,7831.00,18,F1,1,,,,,
2026-06-30,2026-06-30,CM,BSE,STK,539986,INE073V01015,COMSYN,B,,,,,Commercial Syn Bags Limited,164.00,164.00,161.00,161.00,161.00,162.05,,161.30,,,229,36913.00,12,F1,1,,,,,
2026-06-30,2026-06-30,CM,BSE,STK,539991,INE700F01024,CFEL,X,,,,,CONFIDENCE FUTURISTIC ENERGETE,36.39,36.39,35.15,35.54,35.82,35.55,,35.54,,,1494,53229.00,34,F1,1,,,,,
2026-06-30,2026-06-30,CM,BSE,STK,539992,INE093R01011,LLOYDSENGG,A,,,,,LLOYDS ENGINEERING WORKS LIMIT,87.92,89.48,85.68,86.50,86.50,86.98,,86.53,,,656469,57531709.00,3005,F1,1,,,,,
2026-06-30,2026-06-30,CM,BSE,STK,539997,INE552U01010,KPL,B,,,,,Kwality Pharmaceuticals Limite,2725.05,2889.00,2699.00,2802.10,2801.10,2717.65,,2802.30,,,16113,45204523.00,3268,F1,1,,,,,
2026-06-30,2026-06-30,CM,BSE,STK,540005,INE214T01019,LTM,A,,,,,LTM LIMITED,3718.70,3718.70,3529.60,3538.35,3542.00,3685.15,,3538.00,,,29613,105944831.00,3943,F1,1,,,,,
2026-06-30,2026-06-30,CM,BSE,STK,540006,INE595R01023,EASTWEST,XT,,,,,EAST WEST FREIGHT CARRIERS LTD,2.46,2.57,2.40,2.45,2.50,2.50,,2.45,,,27402,67674.00,89,F1,1,,,,,
2026-06-30,2026-06-30,CM,BSE,STK,540008,INF209KB10E8,BSLSENETFG,A,,,,,Aditya Birla Sun Life BSE Sens,79.27,79.27,76.55,77.33,77.33,77.34,,77.02,,,205,15825.00,15,F1,1,,,,,
2026-06-30,2026-06-30,CM,BSE,STK,540023,INE621I01042,COLORCHIPS,X,,,,,COLORCHIPS NEW MEDIA LIMITED,12.18,12.95,12.15,12.91,12.50,12.15,,12.91,,,4773,59939.00,45,F1,1,,,,,
2026-06-30,2026-06-30,CM,BSE,STK,540025,INE837H01020,ADVENZYMES,B,,,,,Advanced Enzyme Technologies L,325.00,336.95,297.45,308.00,308.00,322.70,,307.50,,,71075,21982843.00,1983,F1,1,,,,,
2026-06-30,2026-06-30,CM,BSE,STK,540026,INE213U01019,LAHL,X,,,,,Ladam Affortable Housing Limit,6.65,7.00,6.40,6.89,6.89,6.65,,6.89,,,1263,8761.00,11,F1,1,,,,,
2026-06-30,2026-06-30,CM,BSE,STK,540047,INE917M01012,DBL,A,,,,,Dilip Buildcon Limited,460.55,460.95,447.30,447.90,448.95,464.40,,448.45,,,3714,1685909.00,216,F1,1,,,,,
2026-06-30,2026-06-30,CM,BSE,STK,540048,INE212I01016,SPAL,B,,,,,S.P. Apparels Limited,1052.15,1186.05,1018.20,1135.60,1135.60,1052.10,,1138.05,,,59594,67770883.00,2420,F1,1,,,,,
2026-06-30,2026-06-30,CM,BSE,STK,540061,INE412U01025,BIGBLOC,B,,,,,Bigbloc Construction Limited,48.53,50.35,48.53,49.48,49.40,49.51,,49.40,,,9392,463443.00,284,F1,1,,,,,
2026-06-30,2026-06-30,CM,BSE,STK,540063,INE925Q01024,ECS,XT,,,,,ECS Biztech Limited,10.40,10.40,10.40,10.40,10.40,9.91,,10.40,,,6225,64740.00,11,F1,1,,,,,
2026-06-30,2026-06-30,CM,BSE,STK,540065,INE976G01028,RBLBANK,A,,,,,RBL Bank Limited,368.50,370.80,364.30,369.20,368.50,363.75,,369.05,,,113347,41648817.00,1886,F1,1,,,,,
2026-06-30,2026-06-30,CM,BSE,STK,540066,INE345U01019,AMS,XT,,,,,AMS POLYMERS LIMITED,47.19,47.19,46.30,46.30,46.30,46.26,,46.30,,,59,2740.00,3,F1,1,,,,,
2026-06-30,2026-06-30,CM,BSE,STK,540073,INE153T01027,BLS,A,,,,,BLS International Services Ltd,255.20,258.20,249.45,250.70,250.80,255.25,,250.60,,,120792,30428332.00,3213,F1,1,,,,,
2026-06-30,2026-06-30,CM,BSE,STK,540078,INE317V01016,MITSU,XT,,,,,Mitsu Chem Plast Limited,154.00,154.75,146.10,149.80,149.00,152.45,,149.80,,,6611,995130.00,117,F1,1,,,,,
2026-06-30,2026-06-30,CM,BSE,STK,540079,INE537U01037,SPRAYKING,B,,,,,Sprayking Limited,1.06,1.07,1.02,1.03,1.03,1.07,,1.03,,,347226,362011.00,328,F1,1,,,,,
2026-06-30,2026-06-30,CM,BSE,STK,540080,INE715T01031,DHATRE,X,,,,,Dhatre Udyog Limited,4.65,4.68,4.20,4.31,4.36,4.53,,4.31,,,117951,513589.00,201,F1,1,,,,,
2026-06-30,2026-06-30,CM,BSE,STK,540081,INE860T01019,SABEVENTS,T,,,,,Sab Events & Governance Now Me,8.08,8.49,8.08,8.49,8.49,8.50,,8.33,,,1105,9150.00,4,F1,1,,,,,
2026-06-30,2026-06-30,CM,BSE,STK,540082,INE367U01013,RSTL,MT,,,,,Riddhi Steel and Tube Limited,196.40,196.40,196.40,196.40,196.40,196.40,,196.40,,,450,88380.00,1,F1,450,,,,,
2026-06-30,2026-06-30,CM,BSE,STK,540083,INE871L01013,TVVISION,B,,,,,TV VISION LIMITED,5.01,5.30,5.01,5.21,5.30,5.29,,5.21,,,1271,6455.00,12,F1,1,,,,,
2026-06-30,2026-06-30,CM,BSE,STK,540097,INE890S01026,GAMCO,X,,,,,GAMCO LIMITED,50.99,50.99,49.84,50.62,50.75,50.87,,50.62,,,14577,733705.00,78,F1,1,,,,,
2026-06-30,2026-06-30,CM,BSE,STK,540115,INE010V01017,LTTS,A,,,,,L&T Technology Services Limite,3132.10,3175.95,3090.75,3141.80,3134.60,3132.05,,3139.90,,,7663,24007774.00,1570,F1,1,,,,,
2026-06-30,2026-06-30,CM,BSE,STK,540124,INE934S01014,GNA,B,,,,,G N A Axles Limited,429.65,445.00,429.65,440.60,439.70,433.00,,441.20,,,8021,3506334.00,296,F1,1,,,,,
2026-06-30,2026-06-30,CM,BSE,STK,540125,INE583V01021,RADHIKAJWE,B,,,,,Radhika Jeweltech Limited,54.50,56.49,53.90,55.41,55.68,54.17,,55.21,,,12667,701095.00,205,F1,1,,,,,
2026-06-30,2026-06-30,CM,BSE,STK,540132,INE400R01018,SIIL,X,,,,,Sabrimala Industries India Lim,13.67,13.67,11.41,11.60,11.60,13.33,,11.60,,,153677,1794743.00,130,F1,1,,,,,
2026-06-30,2026-06-30,CM,BSE,STK,540133,INE726G01019,ICICIPRULI,A,,,,,ICICI Prudential Life Insuranc,490.05,492.00,481.20,488.15,492.00,492.95,,487.95,,,61105,29850809.00,1679,F1,1,,,,,
2026-06-30,2026-06-30,CM,BSE,STK,540134,INE818R01011,IISL,XT,,,,,ISHAAN INFRASTRUCTURE AND SHEL,16.06,16.06,16.06,16.06,16.06,16.10,,16.06,,,110,1766.00,2,F1,1,,,,,
2026-06-30,2026-06-30,CM,BSE,STK,540135,INE202R01026,ARCFIN,X,,,,,ARC Finance Limited,0.54,0.54,0.53,0.53,0.53,0.53,,0.53,,,1330899,709118.00,541,F1,1,,,,,
2026-06-30,2026-06-30,CM,BSE,STK,540136,INE495S01016,HPL,B,,,,,HPL Electric & Power Limited,359.65,362.95,356.05,361.10,361.00,358.65,,360.85,,,13565,4862590.00,330,F1,1,,,,,
2026-06-30,2026-06-30,CM,BSE,STK,540143,INE184B01012,SAGARSOFT,X,,,,,Sagarsoft (India) Limited,74.88,79.50,72.00,75.25,75.30,75.25,,75.25,,,2301,174814.00,44,F1,1,,,,,
2026-06-30,2026-06-30,CM,BSE,STK,540144,INE746V01016,DRA,M,,,,,DRA CONSULTANTS LIMITED,17.07,18.49,17.07,18.49,18.49,18.98,,18.49,,,10000,174500.00,4,F1,2500,,,,,
2026-06-30,2026-06-30,CM,BSE,STK,540145,INE565V01010,VALIANTORG,T,,,,,Valiant Organics Limited,283.00,283.00,268.20,269.30,268.20,276.00,,273.40,,,1154,317244.00,33,F1,1,,,,,
2026-06-30,2026-06-30,CM,BSE,STK,540146,INE427V01013,ACML,M,,,,,ADITYA CONSUMER MARKETING LIMI,34.84,34.84,34.58,34.58,34.58,33.31,,34.58,,,6000,208580.00,4,F1,1000,,,,,
2026-06-30,2026-06-30,CM,BSE,STK,540147,INE700V01021,SHASHIJIT,X,,,,,Shashijit Infraprojects Limite,2.01,2.31,2.01,2.28,2.27,2.09,,2.28,,,64006,142472.00,62,F1,1,,,,,
2026-06-30,2026-06-30,CM,BSE,STK,540148,INE564V01013,BINDALEXPO,MT,,,,,Bindal Exports Limited,27.80,27.80,27.80,27.80,27.80,26.60,,27.80,,,8000,222400.00,1,F1,4000,,,,,
2026-06-30,2026-06-30,CM,BSE,STK,540150,INE957U01011,MHEL,MT,,,,,Mewar Hi-Tech Engineering Limi,65.00,65.00,65.00,65.00,65.00,65.20,,65.00,,,8250,536250.00,2,F1,750,,,,,
2026-06-30,2026-06-30,CM,BSE,STK,540153,INE913H01037,ENDURANCE,A,,,,,Endurance Technologies Limited,2673.00,2678.65,2590.65,2673.10,2670.05,2662.90,,2673.60,,,4842,12742149.00,1142,F1,1,,,,,
2026-06-30,2026-06-30,CM,BSE,STK,540159,INE905R01016,PURPLE,X,,,,,PURPLE AGROTECH INDUSTRIES LIM,5.81,5.90,5.81,5.90,5.90,5.81,,5.90,,,112,660.00,4,F1,1,,,,,
2026-06-30,2026-06-30,CM,BSE,STK,540168,INE268T01015,SUPRAPFSL,X,,,,,Supra Pacific Financial Servic,34.49,34.50,33.67,33.92,34.00,33.81,,33.92,,,103307,3521586.00,262,F1,1,,,,,
2026-06-30,2026-06-30,CM,BSE,STK,540173,INE572E01012,PNBHOUSING,A,,,,,PNB Housing Finance Limited,1031.30,1051.95,1027.00,1039.75,1039.75,1036.55,,1038.40,,,25627,26587373.00,2286,F1,1,,,,,
2026-06-30,2026-06-30,CM,BSE,STK,540174,INE298B01010,SOUTHERNIN,X,,,,,SOUTHERN INFOCONSULTANTS LIMIT,21.50,22.00,21.50,21.51,21.51,22.24,,21.51,,,394,8566.00,6,F1,1,,,,,
2026-06-30,2026-06-30,CM,BSE,STK,540175,INE964R01013,REGENCY,XT,,,,,REGENCY FINCORP LIMITED,39.17,40.00,39.00,39.86,40.00,39.17,,39.86,,,52091,2079550.00,179,F1,1,,,,,
2026-06-30,2026-06-30,CM,BSE,STK,540180,INE200M01039,VBL,A,,,,,Varun Beverages Limited,505.00,510.00,502.70,507.50,507.50,504.35,,507.55,,,141368,71538971.00,3468,F1,1,,,,,
2026-06-30,2026-06-30,CM,BSE,STK,540181,INE894E01028,SALEM,X,,,,,Salem Erode Investments Ltd.,37.00,40.00,35.75,39.00,39.00,38.00,,39.00,,,443,16527.00,14,F1,1,,,,,
2026-06-30,2026-06-30,CM,BSE,STK,540189,INE448F01012,UPROTECH,XT,,,,,Unipro Technologies Limited,16.34,17.10,16.34,17.10,17.10,17.19,,17.10,,,2868,46865.00,18,F1,1,,,,,
2026-06-30,2026-06-30,CM,BSE,STK,540190,INE789R01022,FRANKLININD,XT,,,,,Franklin Industries Limited,0.40,0.40,0.39,0.39,0.40,0.40,,0.39,,,1035234,406488.00,332,F1,1,,,,,
2026-06-30,2026-06-30,CM,BSE,STK,540192,INE341H01023,LKPSEC,XT,,,,,LKP Securities Limited,16.83,16.83,16.10,16.50,16.50,16.51,,16.50,,,9066,150625.00,83,F1,1,,,,,
2026-06-30,2026-06-30,CM,BSE,STK,540198,INE186R01013,OSIAJEE,X,,,,,OSIAJEE TEXFAB LIMITED,402.05,411.20,400.00,405.60,402.00,407.45,,405.60,,,76865,31077886.00,221,F1,1,,,,,
2026-06-30,2026-06-30,CM,BSE,STK,540203,INE916U01025,SFL,A,,,,,Sheela Foam Limited,742.65,750.00,725.50,746.00,746.05,742.65,,746.85,,,8825,6516064.00,435,F1,1,,,,,
2026-06-30,2026-06-30,CM,BSE,STK,540204,INE666Q01016,EIKO,X,,,,,EIKO LIFESCIENCES LIMITED,50.40,50.44,49.83,50.44,50.44,49.74,,50.44,,,4758,238339.00,27,F1,1,,,,,
2026-06-30,2026-06-30,CM,BSE,STK,540205,INE679V01027,AVL,A,,,,,Aditya Vision Limited,672.70,676.50,654.15,657.60,659.00,669.70,,658.10,,,13729,9134131.00,552,F1,1,,,,,
2026-06-30,2026-06-30,CM,BSE,STK,540210,INE759V01019,HEADSUP,B,,,,,Heads UP Ventures Limited,6.95,7.12,6.87,6.97,7.00,6.86,,6.96,,,2268,15826.00,19,F1,1,,,,,
2026-06-30,2026-06-30,CM,BSE,STK,540212,INE586V01016,TCIEXP,B,,,,,TCI Express Limited,524.85,526.15,507.05,512.75,507.05,515.20,,512.45,,,8297,4297664.00,322,F1,1,,,,,
2026-06-30,2026-06-30,CM,BSE,STK,540222,INE947Q01028,LAURUSLABS,A,,,,,Laurus Labs Limited,1504.15,1522.50,1484.70,1517.75,1520.00,1502.90,,1517.40,,,128368,192764042.00,6420,F1,1,,,,,
2026-06-30,2026-06-30,CM,BSE,STK,540243,INE835U01027,NEWLIGHT,X,,,,,NEW LIGHT INDUSTRIES LIMITED,1.31,1.53,1.16,1.28,1.28,1.34,,1.28,,,215840,274265.00,256,F1,1,,,,,
2026-06-30,2026-06-30,CM,BSE,STK,540252,INE607V01028,VSL,B,,,,,Viram Suvarn Limited,10.84,11.10,10.40,10.85,10.85,10.84,,10.85,,,414369,4467743.00,447,F1,1,,,,,
2026-06-30,2026-06-30,CM,BSE,STK,540254,INE245H01018,MTPL,XT,,,,,MARG TECHNO PROJECTS LIMITED,15.10,15.10,14.35,14.35,14.35,15.10,,14.35,,,147366,2174146.00,58,F1,1,,,,,
2026-06-30,2026-06-30,CM,BSE,STK,540259,INE118R01032,SHANGAR,X,,,,,SHANGAR DECOR LIMITED,0.23,0.24,0.22,0.23,0.23,0.23,,0.23,,,848031,192556.00,179,F1,1,,,,,
2026-06-30,2026-06-30,CM,BSE,STK,540266,INE804Q01013,GLCL,XT,,,,,Globe Commercials Limited,20.17,20.55,19.52,19.64,19.69,20.07,,19.64,,,9612,188893.00,72,F1,1,,,,,
2026-06-30,2026-06-30,CM,BSE,STK,540267,INE318U01016,FLORACORP,X,,,,,Flora Corporation Limited,8.05,8.05,8.05,8.05,8.05,7.70,,8.05,,,3149,25349.00,4,F1,1,,,,,
2026-06-30,2026-06-30,CM,BSE,STK,540268,INE615R01029,TRU,B,,,,,TruCap Finance Limited,5.24,5.24,5.02,5.15,5.17,5.19,,5.13,,,24955,126507.00,79,F1,1,,,,,
2026-06-30,2026-06-30,CM,BSE,STK,540293,INE726V01018,PRICOLLTD,A,,,,,Pricol Limited,597.95,614.65,587.40,603.00,600.00,583.85,,602.35,,,109677,65860692.00,3338,F1,1,,,,,
2026-06-30,2026-06-30,CM,BSE,STK,540311,INE863T01013,JITFINFRA,B,,,,,JITF INFRALOGISTICS LIMITED,314.00,315.30,308.40,309.25,309.75,316.10,,309.75,,,2528,785952.00,60,F1,1,,,,,
2026-06-30,2026-06-30,CM,BSE,STK,540332,INE978V01015,TANVI,M,,,,,Tanvi Foods (India) Limited,60.00,60.30,59.85,60.20,60.20,59.23,,60.20,,,18000,1080490.00,18,F1,1000,,,,,
2026-06-30,2026-06-30,CM,BSE,STK,540358,INE655V01019,RMC,B,,,,,RMC SWITCHGEARS LIMITED,316.35,329.45,310.00,311.40,310.00,310.80,,310.50,,,14134,4541644.00,310,F1,1,,,,,
2026-06-30,2026-06-30,CM,BSE,STK,540359,INE240T01014,PARMAX,XT,,,,,Parmax Pharma Limited,78.11,78.11,78.11,78.11,78.11,76.58,,78.11,,,903,70533.00,7,F1,1,,,,,
2026-06-30,2026-06-30,CM,BSE,STK,540360,INE715Q01029,LLFICL,B,,,,,LEADING LEASING FINANCE AND IN,1.24,1.32,1.24,1.32,1.31,1.26,,1.32,,,3501481,4594523.00,826,F1,1,,,,,
2026-06-30,2026-06-30,CM,BSE,STK,540361,INE575D01041,DANUBE,XT,,,,,DANUBE INDUSTRIES LIMITED,7.58,7.58,7.58,7.58,7.58,7.97,,7.58,,,302627,2293912.00,101,F1,1,,,,,
2026-06-30,2026-06-30,CM,BSE,STK,540366,INE919I01024,RADIOCITY,B,,,,,Music Broadcast Limited,6.11,6.34,6.00,6.27,6.27,6.11,,6.11,,,12998,78445.00,24,F1,1,,,,,
2026-06-30,2026-06-30,CM,BSE,STK,540376,INE192R01011,DMART,A,,,,,Avenue Supermarts Limited,4340.40,4401.00,4314.60,4378.60,4361.10,4355.45,,4380.70,,,9605,41936435.00,1945,F1,1,,,,,
2026-06-30,2026-06-30,CM,BSE,STK,540377,INE714U01024,IFL,B,,,,,IFL ENTERPRISES LIMITED,0.39,0.39,0.38,0.38,0.38,0.39,,0.38,,,2126444,817740.00,563,F1,1,,,,,
2026-06-30,2026-06-30,CM,BSE,STK,540386,INE989S01042,ONTIC,X,,,,,Ontic Finserve Limited,1.87,1.94,1.87,1.94,1.94,1.85,,1.94,,,506820,980844.00,173,F1,1,,,,,
2026-06-30,2026-06-30,CM,BSE,STK,540393,INE017W01010,SMLT,B,,,,,Sarthak Metals Limited,69.35,70.45,67.87,69.20,69.20,69.35,,68.24,,,424,29242.00,19,F1,1,,,,,
2026-06-30,2026-06-30,CM,BSE,STK,540395,INE298W01016,CHEMCRUX,B,,,,,Chemcrux Enterprises Limited,87.81,90.60,86.50,88.38,90.00,87.81,,88.38,,,7000,619354.00,137,F1,1,,,,,
2026-06-30,2026-06-30,CM,BSE,STK,540396,INE784W01015,MANOMAY,B,,,,,Manomay Tex India Limited,186.45,186.45,182.35,182.35,182.35,184.65,,182.55,,,4,737.00,2,F1,1,,,,,
2026-06-30,2026-06-30,CM,BSE,STK,540401,INE544W01021,MAXIMUS,X,,,,,Maximus International Limited,12.58,12.80,12.40,12.60,12.60,12.51,,12.60,,,33152,415819.00,132,F1,1,,,,,
2026-06-30,2026-06-30,CM,BSE,STK,540403,INE201M01029,CLEDUCATE,T,,,,,CL Educate Limited,50.46,50.46,49.19,49.19,49.19,49.48,,50.08,,,6,296.00,2,F1,1,,,,,
2026-06-30,2026-06-30,CM,BSE,STK,540404,INE442V01012,PRIMEFRESH,B,,,,,PRIME FRESH LIMITED,217.85,217.90,214.35,214.95,216.70,215.00,,214.95,,,1611,348422.00,103,F1,1,,,,,
2026-06-30,2026-06-30,CM,BSE,STK,540405,INE711V01010,OCEANIC,X,,,,,Oceanic Foods Limited,61.50,61.98,60.00,60.04,60.00,60.64,,60.04,,,4315,263157.00,37,F1,1,,,,,
2026-06-30,2026-06-30,CM,BSE,STK,540425,INE274V01019,SHANKARA,T,,,,,Shankara Building Products Lim,123.50,129.35,123.00,128.70,129.35,123.50,,127.26,,,7378,938206.00,76,F1,1,,,,,
2026-06-30,2026-06-30,CM,BSE,STK,540467,INE808R01012,PARMSILK,XT,,,,,PARMESHWARI SILK MILLS LIMITED,304.70,304.70,304.70,304.70,304.70,290.20,,304.70,,,10,3047.00,2,F1,1,,,,,
2026-06-30,2026-06-30,CM,BSE,STK,540492,INE594W01042,STARLENT,T,,,,,STARLINEPS ENTERPRISES LIMITED,11.16,11.16,11.16,11.16,11.16,10.63,,11.16,,,176583,1970666.00,128,F1,1,,,,,
2026-06-30,2026-06-30,CM,BSE,STK,540497,INE807K01035,SCHAND,B,,,,,S Chand And Company Limited,146.45,147.75,146.00,147.75,147.75,145.30,,147.49,,,186,27278.00,13,F1,1,,,,,
2026-06-30,2026-06-30,CM,BSE,STK,540515,INE453S01015,KANUNGO,X,,,,,KANUNGO FINANCIERS LIMITED,9.84,9.84,9.10,9.10,9.10,9.38,,9.10,,,55,501.00,3,F1,1,,,,,
2026-06-30,2026-06-30,CM,BSE,STK,540519,INE343X01026,MEERA,T,,,,,Meera Industries Limited,44.71,44.71,44.71,44.71,44.71,45.62,,44.71,,,506,22623.00,6,F1,1,,,,,
2026-06-30,2026-06-30,CM,BSE,STK,540526,INE183W23014,IRBINVIT,IF,,,,,IRB InvIT Fund,60.50,60.96,60.40,60.45,60.45,60.79,,60.49,,,46454,2811031.00,667,F1,1,,,,,
2026-06-30,2026-06-30,CM,BSE,STK,540530,INE031A01017,HUDCO,A,,,,,Housing &Urban Development Cor,208.00,209.00,204.40,205.10,205.10,208.05,,205.03,,,127835,26330674.00,2278,F1,1,,,,,
2026-06-30,2026-06-30,CM,BSE,STK,540544,INE488V01015,PSPPROJECT,B,,,,,PSP Projects Limited,990.75,1009.00,968.00,1002.65,1003.50,978.90,,1000.90,,,4672,4621314.00,443,F1,1,,,,,
2026-06-30,2026-06-30,CM,BSE,STK,540545,INE986W01016,GKL,X,,,,,GURU KRUPA GEMS AND JEWELLERY,36.00,36.94,35.26,36.38,36.38,36.95,,36.38,,,39873,1457141.00,82,F1,1,,,,,
2026-06-30,2026-06-30,CM,BSE,STK,540565,INE219X23014,INDIGRID,IF,,,,,IndiGrid Infrastructure Trust,177.05,177.39,176.20,176.86,176.90,176.80,,176.81,,,21206,3752542.00,397,F1,1,,,,,
2026-06-30,2026-06-30,CM,BSE,STK,540570,INE717F01028,VARIMAN,XT,,,,,VARIMAN GLOBAL ENTERPRISES LIM,3.90,3.99,3.81,3.90,3.90,4.01,,3.90,,,138594,533759.00,128,F1,1,,,,,
2026-06-30,2026-06-30,CM,BSE,STK,540575,INE460H01021,STARCEMENT,A,,,,,Star Cement Limited,207.95,209.35,206.95,207.80,208.00,208.35,,207.73,,,14783,3073908.00,233,F1,1,,,,,
2026-06-30,2026-06-30,CM,BSE,STK,540590,INE325X01015,RIDDHICORP,X,,,,,Riddhi Corporate Services Limi,61.66,64.29,60.41,63.25,64.29,61.65,,63.25,,,701,43841.00,18,F1,1,,,,,
2026-06-30,2026-06-30,CM,BSE,STK,540595,INE010J01012,TEJASNET,A,,,,,Tejas Networks Limited,604.55,641.80,604.05,612.80,612.80,603.85,,612.50,,,497516,309425248.00,7688,F1,1,,,,,
2026-06-30,2026-06-30,CM,BSE,STK,540596,INE406M01024,ERIS,A,,,,,Eris Lifesciences Limited,1406.90,1449.45,1401.80,1434.80,1437.50,1412.90,,1433.50,,,2471,3520196.00,316,F1,1,,,,,
2026-06-30,2026-06-30,CM,BSE,STK,540597,INE319U01022,CONTAINER,X,,,,,Containerway International Lim,18.85,18.85,16.01,18.47,18.49,17.48,,18.47,,,9602,177014.00,13,F1,1,,,,,
2026-06-30,2026-06-30,CM,BSE,STK,540602,INE869I01013,GTPL,B,,,,,GTPL Hathway Limited,61.64,61.64,60.00,60.89,60.91,60.43,,61.08,,,2176,132471.00,59,F1,1,,,,,
2026-06-30,2026-06-30,CM,BSE,STK,540611,INE949L01017,AUBANK,A,,,,,AU Small Finance Bank Limited,1032.40,1043.50,1024.85,1037.30,1037.30,1031.10,,1037.05,,,34636,35852515.00,2348,F1,1,,,,,
2026-06-30,2026-06-30,CM,BSE,STK,540612,INF109KC19U5,LOWVOLIETF,B,,,,,ICICI Prudential Nifty Low Vol,21.65,21.79,21.63,21.68,21.65,21.72,,21.69,,,7739,167952.00,245,F1,1,,,,,
2026-06-30,2026-06-30,CM,BSE,STK,540613,INE721X01023,GEL,M,,,,,Gautam Exim Limited,35.35,35.35,33.75,34.30,34.00,34.35,,34.30,,,90000,3063600.00,12,F1,3000,,,,,
2026-06-30,2026-06-30,CM,BSE,STK,540615,INE413X01035,7NR,XT,,,,,7NR Retail Limited,5.60,5.75,5.51,5.72,5.72,5.60,,5.72,,,589815,3362292.00,154,F1,1,,,,,
2026-06-30,2026-06-30,CM,BSE,STK,540642,INE170V01027,SALASAR,B,,,,,Salasar Techno Engineering Lim,6.11,6.16,5.81,5.97,6.00,6.10,,5.93,,,6379206,38184170.00,2607,F1,1,,,,,
2026-06-30,2026-06-30,CM,BSE,STK,540647,INE335W01016,GANGESSECU,B,,,,,Ganges Securities Ltd.,118.05,126.95,117.00,126.95,126.95,123.00,,118.16,,,164,19465.00,14,F1,1,,,,,
2026-06-30,2026-06-30,CM,BSE,STK,540648,INE471W01019,PALASHSECU,B,,,,,Palash Securities Limited,98.79,109.45,93.00,93.67,93.00,91.22,,93.71,,,397,38812.00,14,F1,1,,,,,
2026-06-30,2026-06-30,CM,BSE,STK,540649,INE349W01017,AVADHSUGAR,T,,,,,AVADH SUGAR & ENERGY LIMITED,467.50,469.95,462.00,469.95,469.95,465.20,,463.60,,,291,136186.00,14,F1,1,,,,,
2026-06-30,2026-06-30,CM,BSE,STK,540650,INE347W01011,MAGADSUGAR,B,,,,,Magadh Sugar & Energy Limited,459.00,470.00,451.95,458.95,456.30,452.60,,461.65,,,203,93337.00,30,F1,1,,,,,
2026-06-30,2026-06-30,CM,BSE,STK,540651,INE943X01015,JIGAR,M,,,,,Jigar Cables Limited,54.50,71.95,54.50,71.95,71.95,67.00,,71.95,,,6000,390900.00,3,F1,2000,,,,,
2026-06-30,2026-06-30,CM,BSE,STK,540654,INE632W01016,GSTL,XT,,,,,GlobalSpace Technologies Limit,25.50,25.50,24.72,24.72,24.72,26.02,,24.72,,,17059,425246.00,102,F1,1,,,,,
2026-06-30,2026-06-30,CM,BSE,STK,540669,INF789F1AUW9,NEXT50BETA,B,,,,,UTI Mutual Fund,77.06,77.50,76.91,77.48,77.49,77.35,,77.20,,,2251,173994.00,65,F1,1,,,,,
2026-06-30,2026-06-30,CM,BSE,STK,540673,INE285J01028,SIS,B,,,,,SIS LIMITED,426.35,429.00,408.60,415.55,415.55,436.30,,414.30,,,44668,18842782.00,1371,F1,1,,,,,
2026-06-30,2026-06-30,CM,BSE,STK,540678,INE704P01025,COCHINSHIP,A,,,,,Cochin Shipyard Limited,1430.30,1519.00,1430.30,1507.25,1507.25,1428.90,,1507.80,,,385728,575448003.00,15307,F1,1,,,,,
2026-06-30,2026-06-30,CM,BSE,STK,540679,INE320X01016,HALEOSLABS,B,,,,,HALEOS LABS LIMITED,1395.00,1522.95,1347.00,1449.55,1384.00,1360.00,,1454.60,,,482,693400.00,183,F1,1,,,,,
2026-06-30,2026-06-30,CM,BSE,STK,540680,INE880L01014,KIOCL,A,,,,,KIOCL Limited,387.30,394.00,386.75,389.40,390.45,390.60,,389.35,,,4350,1703360.00,168,F1,1,,,,,
2026-06-30,2026-06-30,CM,BSE,STK,540686,INE172E01011,SMRUTHIORG,X,,,,,Smruthi Organics Limited,115.65,120.45,114.40,116.70,116.70,117.40,,116.70,,,1770,205602.00,33,F1,1,,,,,
2026-06-30,2026-06-30,CM,BSE,STK,540691,INE674K01013,ABCAPITAL,A,,,,,Aditya Birla Capital Ltd,388.70,395.80,386.20,391.85,391.85,385.45,,391.95,,,225115,88339147.00,5443,F1,1,,,,,
2026-06-30,2026-06-30,CM,BSE,STK,540692,INE346W01013,APEX,B,,,,,Apex Frozen Foods Limited,400.25,408.30,391.75,404.15,401.50,395.95,,404.00,,,8587,3427094.00,337,F1,1,,,,,
2026-06-30,2026-06-30,CM,BSE,STK,540693,INE145Y01023,SHISHIND,X,,,,,Shish Industries Limited,11.86,11.88,11.50,11.59,11.66,11.68,,11.59,,,242532,2829613.00,370,F1,1,,,,,
2026-06-30,2026-06-30,CM,BSE,STK,540694,INE236W01016,ANG,T,,,,,ANG Lifesciences India Limited,38.66,38.66,38.66,38.66,38.66,40.69,,38.66,,,3162,122242.00,62,F1,1,,,,,
2026-06-30,2026-06-30,CM,BSE,STK,540696,INE185U01035,KCDGROUP,X,,,,,KCD INDUSTRIES INDIA LIMITED,3.75,4.20,3.60,3.82,3.77,4.07,,3.82,,,66013,248868.00,74,F1,1,,,,,
2026-06-30,2026-06-30,CM,BSE,STK,540699,INE935N01020,DIXON,A,,,,,Dixon Technologies (India) Lim,11998.70,12205.10,11800.55,11920.15,11920.15,11801.50,,11920.00,,,36534,437211360.00,10525,F1,1,,,,,
2026-06-30,2026-06-30,CM,BSE,STK,540700,INE727S01012,BRNL,B,,,,,Bharat Road Network Limited,18.51,18.88,18.40,18.42,18.40,18.50,,18.45,,,1129,20888.00,35,F1,1,,,,,
2026-06-30,2026-06-30,CM,BSE,STK,540701,INE385W01011,DCAL,B,,,,,Dishman Carbogen Amcis Limited,170.35,177.80,170.35,175.25,174.65,168.55,,175.36,,,22585,3958292.00,389,F1,1,,,,,
2026-06-30,2026-06-30,CM,BSE,STK,540702,INE670X01014,LASA,B,,,,,Lasa Supergenerics Limited,7.57,7.70,7.45,7.45,7.45,7.42,,7.56,,,542,4045.00,9,F1,1,,,,,
2026-06-30,2026-06-30,CM,BSE,STK,540703,INE438C01010,PROCLB,X,,,,,PRO CLB GLOBAL LIMITED,30.00,31.45,29.92,29.92,29.92,31.49,,29.92,,,7511,225073.00,6,F1,1,,,,,
2026-06-30,2026-06-30,CM,BSE,STK,540704,INE866R01028,MATRIMONY,B,,,,,Matrimony.com Limited,400.00,402.05,393.20,395.60,399.95,397.35,,394.90,,,493,195573.00,95,F1,1,,,,,
2026-06-30,2026-06-30,CM,BSE,STK,540709,INE217K01011,RHFL,Z,,,,,Reliance Home Finance Limited,2.10,2.19,2.10,2.16,2.19,2.13,,2.16,,,120675,257399.00,149,F1,1,,,,,
2026-06-30,2026-06-30,CM,BSE,STK,540710,INE264T01014,CAPACITE,B,,,,,Capacit'e Infraprojects Limite,258.15,261.40,253.15,254.10,253.35,256.40,,253.73,,,10046,2595370.00,387,F1,1,,,,,
2026-06-30,2026-06-30,CM,BSE,STK,540716,INE765G01017,ICICIGI,A,,,,,ICICI Lombard General Insuranc,1768.55,1769.95,1732.50,1736.75,1739.75,1767.80,,1741.50,,,456746,798313954.00,3331,F1,1,,,,,
2026-06-30,2026-06-30,CM,BSE,STK,540717,INE689M01025,PQIF,X,,,,,Polo Queen Industrial and Fint,14.06,15.50,12.55,13.38,13.38,13.99,,13.38,,,74152,1038342.00,324,F1,1,,,,,
2026-06-30,2026-06-30,CM,BSE,STK,540718,INE777X01017,AAYUSHBULL,M,,,,,AAYUSH ART AND BULLION LIMITED,1185.00,1185.25,1173.60,1174.15,1174.20,1185.15,,1174.15,,,71625,84337387.00,431,F1,125,,,,,
2026-06-30,2026-06-30,CM,BSE,STK,540719,INE123W01016,SBILIFE,A,,,,,SBI Life Insurance Company Lim,1743.95,1777.70,1738.75,1767.75,1767.75,1757.85,,1765.70,,,46006,81063102.00,2164,F1,1,,,,,
2026-06-30,2026-06-30,CM,BSE,STK,540724,INE393P01035,DIAMONDYD,B,,,,,Prataap Snacks Limited,1119.00,1159.80,1115.40,1149.60,1150.50,1120.90,,1150.40,,,5797,6608859.00,269,F1,1,,,,,
2026-06-30,2026-06-30,CM,BSE,STK,540725,INE932X01026,SHAREINDIA,B,,,,,Share India Securities Limited,134.05,136.70,134.05,134.45,134.35,134.85,,134.46,,,45321,6093942.00,129,F1,1,,,,,
2026-06-30,2026-06-30,CM,BSE,STK,540726,INE071Y01013,TTFL,X,,,,,Trident Texofab Limited,37.00,37.80,35.72,36.00,35.73,37.59,,36.00,,,23117,837670.00,190,F1,1,,,,,
2026-06-30,2026-06-30,CM,BSE,STK,540727,INE973X01012,POOJA,B,,,,,Poojawestern Metaliks Limited,16.88,17.48,16.50,17.04,17.00,16.96,,17.04,,,29861,505420.00,112,F1,1,,,,,
2026-06-30,2026-06-30,CM,BSE,STK,540728,INE327G01032,SAYAJIIND,X,,,,,Sayaji Industries Limited,111.80,111.80,104.15,105.80,105.80,106.80,,105.80,,,3239,344778.00,94,F1,1,,,,,
2026-06-30,2026-06-30,CM,BSE,STK,540730,INE062Y01020,MEHAI,XT,,,,,Mehai Technology  Limited,1.18,1.22,1.15,1.21,1.21,1.18,,1.21,,,442218,527969.00,283,F1,1,,,,,
2026-06-30,2026-06-30,CM,BSE,STK,540735,INE864K01010,IRIS,B,,,,,IRIS RegTech Solutions Limited,265.00,272.45,260.55,262.25,260.55,269.00,,263.40,,,1038,276773.00,63,F1,1,,,,,
2026-06-30,2026-06-30,CM,BSE,STK,540737,INE414Y01015,SGRL,X,,,,,Shree Ganesh Remedies Limited,640.00,658.00,628.50,635.25,638.80,673.85,,635.25,,,24870,15899593.00,631,F1,1,,,,,
2026-06-30,2026-06-30,CM,BSE,STK,540738,INE402Y01028,STL,B,,,,,Shreeji Translogistics Limited,8.33,8.62,7.75,8.21,8.26,7.94,,8.21,,,60092,494214.00,238,F1,1,,,,,
2026-06-30,2026-06-30,CM,BSE,STK,540743,INE850D01014,GODREJAGRO,A,,,,,Godrej Agrovet Limited,557.50,569.35,555.00,556.90,569.35,557.45,,556.55,,,6375,3548763.00,863,F1,1,,,,,
2026-06-30,2026-06-30,CM,BSE,STK,540749,INE348L01012,MASFIN,B,,,,,MAS Financial Services Limited,313.10,314.55,308.20,310.00,311.65,309.70,,309.60,,,5790,1806817.00,193,F1,1,,,,,
2026-06-30,2026-06-30,CM,BSE,STK,540750,INE022Q01020,IEX,A,,,,,Indian Energy Exchange Limited,124.90,125.65,123.55,125.05,125.05,124.75,,125.13,,,132881,16561241.00,1369,F1,1,,,,,
2026-06-30,2026-06-30,CM,BSE,STK,540755,INE481Y01014,GICRE,A,,,,,General Insurance Corporation,365.20,366.35,358.00,363.20,363.20,362.95,,363.50,,,21171,7674764.00,710,F1,1,,,,,
2026-06-30,2026-06-30,CM,BSE,STK,540756,INE282Y01016,KAARYAFSL,MT,,,,,Kaarya Facilities and Services,24.22,24.22,24.22,24.22,24.22,25.49,,24.22,,,6000,145320.00,1,F1,6000,,,,,
2026-06-30,2026-06-30,CM,BSE,STK,540757,INE501Y01019,SCPL,B,,,,,SHEETAL COOL PRODUCTS LIMITED,504.00,504.00,471.30,477.60,481.30,485.35,,477.05,,,2982,1443364.00,196,F1,1,,,,,
2026-06-30,2026-06-30,CM,BSE,STK,540762,INE974X01010,TIINDIA,A,,,,,Tube Investments of India Ltd,3029.20,3066.00,2991.90,3035.95,3012.25,3023.05,,3029.40,,,27366,82834827.00,1518,F1,1,,,,,
2026-06-30,2026-06-30,CM,BSE,STK,540767,INE298J01013,NAM-INDIA,A,,,,,NIPPON LIFE INDIA ASSET MANAGE,1164.70,1167.35,1155.65,1161.95,1161.95,1167.80,,1162.00,,,16345,18988687.00,1157,F1,1,,,,,
2026-06-30,2026-06-30,CM,BSE,STK,540768,INE766P01016,MAHLOG,B,,,,,Mahindra Logistics Limited,371.85,375.10,367.55,373.80,373.15,372.05,,373.90,,,2585,962419.00,160,F1,1,,,,,
2026-06-30,2026-06-30,CM,BSE,STK,540769,INE470Y01017,NIACL,A,,,,,The New India Assurance Compan,180.85,183.05,177.00,177.90,177.90,181.70,,178.00,,,170410,30413147.00,1844,F1,1,,,,,
2026-06-30,2026-06-30,CM,BSE,STK,540774,INE133Y01011,IFGLEXPOR,B,,,,,IFGL Refractories Limited,178.55,180.10,178.00,179.80,179.80,178.35,,180.39,,,212,38016.00,16,F1,1,,,,,
2026-06-30,2026-06-30,CM,BSE,STK,540775,INE834I01025,KHADIM,T,,,,,Khadim India Limited,108.00,111.00,108.00,110.45,111.00,109.25,,109.93,,,2672,294829.00,16,F1,1,,,,,
2026-06-30,2026-06-30,CM,BSE,STK,540776,INE618L01018,5PAISA,B,,,,,5paisa Capital Limited,351.05,357.90,351.05,355.45,356.00,349.80,,355.95,,,3379,1200006.00,125,F1,1,,,,,
2026-06-30,2026-06-30,CM,BSE,STK,540777,INE795G01014,HDFCLIFE,A,,,,,HDFC LIFE INSURANCE COMPANY LI,584.95,584.95,571.40,575.90,575.50,583.65,,575.85,,,563944,326340421.00,3885,F1,1,,,,,
2026-06-30,2026-06-30,CM,BSE,STK,540782,INE204Y01010,SBRANDS,MT,,,,,Sanghvi Brands Limited,12.00,12.72,12.00,12.70,12.70,12.12,,12.70,,,4000,50140.00,4,F1,1000,,,,,
2026-06-30,2026-06-30,CM,BSE,STK,540786,INE669Y01022,SHARIKA,T,,,,,SHARIKA ENTERPRISES LIMITED,19.80,20.90,19.80,19.80,19.80,20.84,,19.80,,,245194,4883875.00,276,F1,1,,,,,
2026-06-30,2026-06-30,CM,BSE,STK,540787,INF109KB15Y7,ICICIB22,A,,,,,ICICI Prudential Mutual Fund,118.00,120.18,118.00,118.59,118.82,119.02,,118.58,,,11724,1390980.00,300,F1,1,,,,,
2026-06-30,2026-06-30,CM,BSE,STK,540788,INE500C01017,ASPIRA,XT,,,,,Aspira Pathlab & Diagnostics L,129.95,130.00,128.70,130.00,130.00,130.60,,130.00,,,9356,1210107.00,22,F1,1,,,,,
2026-06-30,2026-06-30,CM,BSE,STK,540789,INE016M01021,DNAMEDIA,B,,,,,Diligent Media Corporation Lim,2.74,2.76,2.68,2.69,2.69,2.70,,2.72,,,2401,6512.00,38,F1,1,,,,,
2026-06-30,2026-06-30,CM,BSE,STK,540795,INE600Y01019,DYCL,B,,,,,Dynamic Cables Limited,370.20,375.15,366.50,367.85,367.85,370.45,,367.75,,,17959,6649832.00,498,F1,1,,,,,
2026-06-30,2026-06-30,CM,BSE,STK,540797,INE597J01018,SHALBY,B,,,,,Shalby Limited,172.50,178.25,171.90,175.50,174.15,172.75,,175.71,,,9178,1618831.00,216,F1,1,,,,,
2026-06-30,2026-06-30,CM,BSE,STK,540809,INE333Y01017,MRCAGRO,B,,,,,MRC AGROTECH LIMITED,37.33,37.33,35.26,36.92,36.00,36.97,,36.92,,,43848,1600856.00,258,F1,1,,,,,
2026-06-30,2026-06-30,CM,BSE,STK,540821,INE994R01028,CRYSTAL,XT,,,,,CRYSTAL BUSINESS SYSTEM LIMITE,2.00,2.00,2.00,2.00,2.00,2.04,,2.00,,,24324,48648.00,46,F1,1,,,,,
2026-06-30,2026-06-30,CM,BSE,STK,540824,INE646X01014,ASTRON,T,,,,,Astron Paper & Board Mill Limi,3.88,3.88,3.85,3.88,3.88,3.88,,3.86,,,334,1294.00,8,F1,1,,,,,
2026-06-30,2026-06-30,CM,BSE,STK,540829,INE371F01024,CHANDRIMA,X,,,,,Chandrima Mercantiles limited,5.85,6.27,5.65,6.11,6.15,5.71,,6.11,,,216881,1305283.00,230,F1,1,,,,,
2026-06-30,2026-06-30,CM,BSE,STK,540850,INE841Y01019,JFL,M,,,,,Jhandewalas Foods Limited,26.60,26.60,25.26,26.00,26.00,28.06,,26.00,,,47000,1202100.00,33,F1,1000,,,,,
2026-06-30,2026-06-30,CM,BSE,STK,540874,INE454F01010,7SEASL,X,,,,,7SEAS ENTERTAINMENT LIMITED,78.89,78.89,76.05,77.48,78.00,76.68,,77.48,,,12628,971483.00,67,F1,1,,,,,
2026-06-30,2026-06-30,CM,BSE,STK,540879,INE713T01028,APOLLO,A,,,,,Apollo Micro Systems Limited,410.35,429.80,409.35,424.65,424.65,407.00,,424.75,,,1645113,693529075.00,20704,F1,1,,,,,
2026-06-30,2026-06-30,CM,BSE,STK,540900,INE619B01017,NEWGEN,A,,,,,Newgen Software Technologies L,471.00,474.85,465.65,471.55,469.50,468.55,,471.55,,,73154,34400713.00,1508,F1,1,,,,,
2026-06-30,2026-06-30,CM,BSE,STK,540901,INE546Y01022,PRAXIS,T,,,,,Praxis Home Retail Limited,8.40,8.60,8.02,8.40,8.40,8.35,,8.25,,,857,6881.00,8,F1,1,,,,,
2026-06-30,2026-06-30,CM,BSE,STK,540902,INE371P01015,AMBER,A,,,,,Amber Enterprises India Limite,7416.55,7578.25,7403.55,7532.00,7543.50,7415.40,,7530.00,,,14997,112352188.00,2124,F1,1,,,,,
2026-06-30,2026-06-30,CM,BSE,STK,540914,INE425C01017,SRUSTEELS,XT,,,,,SRU Steels Limited,1.95,1.95,1.79,1.84,1.89,1.88,,1.84,,,82041,148218.00,148,F1,1,,,,,
2026-06-30,2026-06-30,CM,BSE,STK,540923,INE760Y01011,ASHOKAMET,B,,,,,Ashoka Metcast Limited,15.10,15.35,14.51,15.00,15.35,15.21,,14.87,,,2355,34550.00,41,F1,1,,,,,
2026-06-30,2026-06-30,CM,BSE,STK,540935,INE600K01018,GALAXYSURF,A,,,,,Galaxy Surfactants Limited,1980.00,1985.00,1950.20,1965.10,1965.00,1980.00,,1962.50,,,355,699037.00,95,F1,1,,,,,
2026-06-30,2026-06-30,CM,BSE,STK,540936,INE063Z01017,GGL,X,,,,,Gautam Gems Limited,3.14,3.27,3.13,3.26,3.26,3.13,,3.26,,,21662,68434.00,53,F1,1,,,,,
2026-06-30,2026-06-30,CM,BSE,STK,540937,INE630Y01024,MEDICO,B,,,,,MEDICO REMEDIES LIMITED,40.62,40.70,37.08,38.80,38.50,40.12,,38.61,,,9383,366607.00,174,F1,1,,,,,
2026-06-30,2026-06-30,CM,BSE,STK,540938,INE578V01013,GUJHYSPIN,MT,,,,,Gujarat Hy-Spin Limited,8.90,8.90,8.90,8.90,8.90,9.36,,8.90,,,5000,44500.00,1,F1,5000,,,,,
2026-06-30,2026-06-30,CM,BSE,STK,540952,INE740X01023,LAL,B,,,,,LORENZINI APPARELS LIMITED,9.39,9.39,8.20,8.59,8.78,9.10,,8.66,,,1831060,15063726.00,199,F1,1,,,,,
2026-06-30,2026-06-30,CM,BSE,STK,540953,INE923Y01023,KENVI,B,,,,,Kenvi Jewels Limited,2.16,2.30,2.10,2.16,2.20,2.18,,2.16,,,154107,334791.00,190,F1,1,,,,,
2026-06-30,2026-06-30,CM,BSE,STK,540954,INE586E01020,IWP,B,,,,,The Indian Wood Products Co. L,33.51,33.98,33.00,33.03,33.03,33.00,,33.03,,,789,26550.00,14,F1,1,,,,,
2026-06-30,2026-06-30,CM,BSE,STK,540955,INE773Y01014,TDSL,Z,,,,,Tasty Dairy Specialities Limit,4.38,4.74,4.38,4.68,4.74,4.61,,4.68,,,911,4052.00,18,F1,1,,,,,
2026-06-30,2026-06-30,CM,BSE,STK,540956,INE341Z01025,BHATIA,X,,,,,Bhatia Communications & Retail,24.61,26.55,24.50,24.93,24.98,24.98,,24.93,,,32916,818677.00,167,F1,1,,,,,
2026-06-30,2026-06-30,CM,BSE,STK,540961,INE644Y01017,SHIVAMILLS,T,,,,,Shiva Mills Limited,60.30,62.54,60.30,60.37,60.30,63.45,,60.37,,,498,30062.00,7,F1,1,,,,,
2026-06-30,2026-06-30,CM,BSE,STK,540975,INE914M01019,ASTERDM,A,,,,,Aster DM Healthcare Limited,775.80,793.45,766.70,784.80,790.00,765.95,,784.45,,,135594,105726562.00,2131,F1,1,,,,,
2026-06-30,2026-06-30,CM,BSE,STK,540980,INE868X01014,YSL,X,,,,,The Yamuna Syndicate Ltd,27000.00,27000.00,27000.00,27000.00,27000.00,27000.00,,27000.00,,,10,270000.00,8,F1,1,,,,,
2026-06-30,2026-06-30,CM,BSE,STK,541005,INE398L01017,KANCOTEA,X,,,,,KANCO TEA & INDUSTRIES LIMITED,52.20,53.89,52.20,53.82,53.82,52.95,,53.82,,,144,7669.00,14,F1,1,,,,,
2026-06-30,2026-06-30,CM,BSE,STK,541006,INE339Z01011,ANGEL,M,,,,,Angel Fibers Limited,10.80,10.86,10.80,10.86,10.86,12.00,,10.86,,,8000,86640.00,2,F1,4000,,,,,
2026-06-30,2026-06-30,CM,BSE,STK,541019,INE926X01010,HGINFRA,B,,,,,H.G. Infra Engineering Limited,576.30,588.15,568.40,570.05,568.95,580.10,,570.65,,,12705,7282136.00,335,F1,1,,,,,
2026-06-30,2026-06-30,CM,BSE,STK,541083,INE464Z01017,INFLAME,M,,,,,Inflame Appliances Limited,218.50,222.60,214.40,218.30,220.35,222.35,,218.30,,,10250,2237875.00,37,F1,250,,,,,
2026-06-30,2026-06-30,CM,BSE,STK,541096,INE365Y01019,BPLPHARMA,X,,,,,Bharat Parenterals Limited,1393.00,1420.00,1353.35,1400.00,1400.00,1382.50,,1400.00,,,4561,6402726.00,81,F1,1,,,,,
2026-06-30,2026-06-30,CM,BSE,STK,541097,INF740KA1EU7,LIQUIDETF,F,,,,,DSP BlackRock Mutual Fund,1000.00,1000.01,999.99,1000.00,999.99,999.99,,1000.00,,,11189,11188966.00,11,F1,1,,,,,
2026-06-30,2026-06-30,CM,BSE,STK,541143,INE171Z01026,BDL,A,,,,,Bharat Dynamics Limited,1335.15,1388.75,1335.15,1368.55,1368.55,1333.90,,1368.40,,,97064,133306958.00,5592,F1,1,,,,,
2026-06-30,2026-06-30,CM,BSE,STK,541144,INE380Z01015,ACTIVE,B,,,,,Active Clothing Co  Limited,117.00,118.10,113.30,115.15,115.15,116.20,,115.15,,,5587,645170.00,94,F1,1,,,,,
2026-06-30,2026-06-30,CM,BSE,STK,541152,INE705X01026,GOYALALUM,B,,,,,GOYAL ALUMINIUMS LIMITED,6.90,7.00,6.80,6.88,6.98,6.89,,6.87,,,5284,36592.00,40,F1,1,,,,,
2026-06-30,2026-06-30,CM,BSE,STK,541153,INE545U01014,BANDHANBNK,A,,,,,Bandhan Bank Limited,199.90,205.00,199.85,204.15,204.00,202.35,,204.18,,,676650,137159747.00,5447,F1,1,,,,,
2026-06-30,2026-06-30,CM,BSE,STK,541154,INE066F01020,HAL,A,,,,,Hindustan Aeronautics Limited,4351.55,4421.15,4328.95,4386.30,4386.30,4344.30,,4381.50,,,82788,363595002.00,7461,F1,1,,,,,
2026-06-30,2026-06-30,CM,BSE,STK,541161,INE278R01034,DHARAN,Z,,,,,DHARAN INFRA-EPC LIMITED,0.19,0.19,0.19,0.19,0.19,0.19,,0.16,,,1748569,332228.00,478,F1,1,,,,,
2026-06-30,2026-06-30,CM,BSE,STK,541163,INE278H01035,SANDHAR,B,,,,,Sandhar Technologies Limited,674.00,723.15,674.00,716.50,723.15,674.50,,716.90,,,43125,30197108.00,1578,F1,1,,,,,
2026-06-30,2026-06-30,CM,BSE,STK,541167,INE616Z01012,YASHO,B,,,,,YASHO INDUSTRIES LIMITED,2993.30,3085.40,2880.00,2925.50,2940.25,2950.95,,2923.90,,,2240,6671533.00,436,F1,1,,,,,
2026-06-30,2026-06-30,CM,BSE,STK,541195,INE099Z01011,MIDHANI,A,,,,,Mishra Dhatu Nigam Limited,415.10,425.00,415.10,418.65,420.50,414.80,,418.45,,,25856,10865903.00,680,F1,1,,,,,
2026-06-30,2026-06-30,CM,BSE,STK,541206,INE426Z01016,OBCL,B,,,,,Orissa Bengal Carrier Limited,57.15,57.16,55.06,55.06,55.06,56.98,,56.84,,,12,683.00,4,F1,1,,,,,
2026-06-30,2026-06-30,CM,BSE,STK,541228,INE459Z01017,TRL,B,,,,,Taylormade Renewables Limited,87.49,91.00,85.41,86.35,87.00,87.39,,86.35,,,13878,1208163.00,289,F1,1,,,,,
2026-06-30,2026-06-30,CM,BSE,STK,541233,INE970X01018,LEMONTREE,A,,,,,Lemon Tree Hotels Limited,116.20,117.10,115.20,116.65,116.90,116.20,,116.65,,,196011,22775642.00,1154,F1,1,,,,,
2026-06-30,2026-06-30,CM,BSE,STK,541269,INE783X01023,CHEMFAB,T,,,,,Chemfab Alkalis Ltd,379.00,379.05,355.00,355.00,355.00,361.00,,369.20,,,220,81253.00,12,F1,1,,,,,
2026-06-30,2026-06-30,CM,BSE,STK,541276,INE626Z01029,HARDWYN,B,,,,,HARDWYN INDIA LIMITED,24.65,24.65,23.74,23.90,23.81,24.54,,24.04,,,371733,9014472.00,707,F1,1,,,,,
2026-06-30,2026-06-30,CM,BSE,STK,541299,INE871Z01013,DLCL,M,,,,,DR LALCHANDANI LABS LIMITED,7.40,7.47,7.07,7.42,7.46,7.41,,7.42,,,44000,321160.00,11,F1,4000,,,,,
2026-06-30,2026-06-30,CM,BSE,STK,541301,INE142Z01019,ORIENTELEC,B,,,,,Orient Electric Limited,175.10,176.80,169.80,175.50,175.95,176.10,,175.46,,,20420,3560922.00,417,F1,1,,,,,
2026-06-30,2026-06-30,CM,BSE,STK,541302,INE506Z01015,DHRUV,T,,,,,Dhruv Consultancy Services Lim,28.00,29.00,27.10,27.45,28.00,28.00,,27.47,,,1028,28585.00,15,F1,1,,,,,
2026-06-30,2026-06-30,CM,BSE,STK,541303,INE256Z01025,AKSHAR,B,,,,,Akshar Spintex Limited,0.44,0.44,0.43,0.43,0.43,0.44,,0.43,,,97378,42146.00,78,F1,1,,,,,
2026-06-30,2026-06-30,CM,BSE,STK,541304,INE250Z01010,INDOUS,B,,,,,Indo US Bio-Tech Limited,89.60,90.15,86.00,87.00,87.20,90.00,,87.57,,,890,78245.00,276,F1,1,,,,,
2026-06-30,2026-06-30,CM,BSE,STK,541313,INF109KC1V59,BSE500IETF,A,,,,,ICICI Prudential BSE 500 ETF,38.93,39.00,38.61,38.93,39.00,38.85,,38.88,,,3462,134655.00,52,F1,1,,,,,
2026-06-30,2026-06-30,CM,BSE,STK,541336,INE896L01010,INDOSTAR,B,,,,,IndoStar Capital Finance Limit,255.55,256.30,250.65,251.30,250.65,254.85,,251.79,,,8419,2140124.00,176,F1,1,,,,,
2026-06-30,2026-06-30,CM,BSE,STK,541337,INE424Z01011,MILEFUR,MT,,,,,Milestone Furniture Limited,25.26,27.75,25.26,27.21,27.75,26.58,,27.21,,,36000,950430.00,9,F1,3000,,,,,
2026-06-30,2026-06-30,CM,BSE,STK,541338,INE556Z01010,UHZAVERI,B,,,,,U. H. ZAVERI LIMITED,12.74,12.74,12.16,12.16,12.16,12.07,,12.16,,,9449,116731.00,27,F1,1,,,,,
2026-06-30,2026-06-30,CM,BSE,STK,541347,INE295Z01015,PARVATI,X,,,,,Parvati Sweetners and Power Lt,6.76,7.19,6.76,6.93,6.97,7.02,,6.93,,,4662,32397.00,35,F1,1,,,,,
2026-06-30,2026-06-30,CM,BSE,STK,541352,INE00EM01016,MEGASTAR,B,,,,,Megastar Foods Limited,355.05,366.50,355.05,364.60,364.50,357.90,,364.15,,,5796,2092333.00,668,F1,1,,,,,
2026-06-30,2026-06-30,CM,BSE,STK,541353,INE870Z01015,INNOVATORS,M,,,,,Innovators Facade Systems Limi,121.25,122.00,121.25,121.25,121.25,121.25,,121.25,,,2400,291600.00,3,F1,800,,,,,
2026-06-30,2026-06-30,CM,BSE,STK,541358,INE926R01012,UCIL,X,,,,,UNIFINZ CAPITAL INDIA LIMITED,102.00,102.00,101.60,102.00,102.00,101.50,,102.00,,,8124,828049.00,20,F1,1,,,,,
2026-06-30,2026-06-30,CM,BSE,STK,541400,INE518E01015,ZIMLAB,T,,,,,ZIM Laboratories Limited,126.00,126.00,124.20,124.30,124.30,126.30,,124.30,,,6726,846869.00,29,F1,1,,,,,
2026-06-30,2026-06-30,CM,BSE,STK,541402,INE692Z01013,AFFORDABLE,T,,,,,Affordable Robotic & Automatio,167.75,172.90,167.75,172.45,172.45,167.75,,169.27,,,789,133753.00,12,F1,1,,,,,
2026-06-30,2026-06-30,CM,BSE,STK,541403,INE325C01035,DOLLAR,B,,,,,Dollar Industries Limited,270.60,271.00,266.95,267.70,267.00,272.90,,267.35,,,7083,1903010.00,231,F1,1,,,,,
2026-06-30,2026-06-30,CM,BSE,STK,541444,INE838Z01012,PALMJEWELS,X,,,,,Palm Jewels Limited,15.25,15.75,14.77,15.53,15.55,14.73,,15.53,,,3262,49153.00,36,F1,1,,,,,
2026-06-30,2026-06-30,CM,BSE,STK,541445,INE799N01012,WAA,M,,,,,Waa Solar Limited,51.25,52.31,51.25,52.29,52.28,52.91,,52.29,,,4800,248648.00,5,F1,800,,,,,
2026-06-30,2026-06-30,CM,BSE,STK,541450,INE364U01010,ADANIGREEN,A,,,,,Adani Green Energy Limited,1502.80,1509.00,1484.00,1492.05,1493.85,1500.65,,1492.20,,,138369,206995971.00,5029,F1,1,,,,,
2026-06-30,2026-06-30,CM,BSE,STK,541540,INE624Z01016,SOLARA,B,,,,,SOLARA ACTIVE PHARMA SCIENCES,576.20,580.00,564.35,577.05,579.95,571.40,,575.70,,,4964,2841402.00,220,F1,1,,,,,
2026-06-30,2026-06-30,CM,BSE,STK,541546,INE287Z01012,GAYAHWS,B,,,,,GAYATRI HIGHWAYS LTD,2.06,2.18,1.96,2.03,2.03,2.05,,2.03,,,209137,424084.00,107,F1,1,,,,,
2026-06-30,2026-06-30,CM,BSE,STK,541556,INE320J01015,RITES,A,,,,,RITES Limited,209.70,209.75,203.70,204.85,204.85,205.95,,204.52,,,31853,6579037.00,783,F1,1,,,,,
2026-06-30,2026-06-30,CM,BSE,STK,541557,INE686Y01026,FINEORG,A,,,,,Fine Organic Industries Limite,5309.10,5405.00,5211.00,5273.35,5211.00,5328.70,,5294.20,,,968,5150011.00,239,F1,1,,,,,
2026-06-30,2026-06-30,CM,BSE,STK,541578,INE665L01035,VARROC,A,,,,,Varroc Engineering Limited,620.95,652.00,617.60,633.00,639.55,619.45,,633.00,,,20452,13075173.00,1064,F1,1,,,,,
2026-06-30,2026-06-30,CM,BSE,STK,541601,INE685Z01033,RAJNISH,B,,,,,Rajnish Wellness Limited,0.45,0.45,0.40,0.42,0.42,0.44,,0.42,,,22273353,9126069.00,1213,F1,1,,,,,
2026-06-30,2026-06-30,CM,BSE,STK,541627,INE173V01013,GUJWIND,X,,,,,Gujarat Winding Systems Limite,8.08,8.10,8.08,8.10,8.10,8.12,,8.10,,,5010,40580.00,6,F1,1,,,,,
2026-06-30,2026-06-30,CM,BSE,STK,541634,INE960Z01014,RAWEDGE,B,,,,,Raw Edge Industrial Solutions,20.21,20.78,20.21,20.25,20.25,21.00,,20.25,,,260,5318.00,8,F1,1,,,,,
2026-06-30,2026-06-30,CM,BSE,STK,541702,INE694W01024,ASHNI,X,,,,,Ashnisha Industries Limited,3.12,3.40,3.12,3.17,3.15,3.28,,3.17,,,1189854,3767622.00,1050,F1,1,,,,,
2026-06-30,2026-06-30,CM,BSE,STK,541703,INE00WY01013,RACONTEUR,M,,,,,RACONTEUR GLOBAL RESOURCES LIM,9.86,10.75,9.79,10.75,10.75,10.30,,10.75,,,51200,506160.00,10,F1,1600,,,,,
2026-06-30,2026-06-30,CM,BSE,STK,541729,INE127D01025,HDFCAMC,A,,,,,HDFC Asset Management Company,2617.90,2669.00,2607.80,2652.95,2646.00,2606.30,,2653.20,,,16644,43998231.00,1462,F1,1,,,,,
2026-06-30,2026-06-30,CM,BSE,STK,541735,INE299W01022,VIVANTA,X,,,,,Vivanta Industries Limited,1.77,1.81,1.71,1.74,1.74,1.81,,1.74,,,189323,330597.00,251,F1,1,,,,,
2026-06-30,2026-06-30,CM,BSE,STK,541741,INE401Z01019,FRATELLI,XT,,,,,Fratelli Vineyards Limited,95.40,96.45,93.06,96.01,96.45,92.03,,96.01,,,17987,1721186.00,63,F1,1,,,,,
2026-06-30,2026-06-30,CM,BSE,STK,541770,INE741K01010,CREDITACC,A,,,,,CreditAccess Grameen Ltd.,1427.50,1496.60,1427.50,1490.30,1490.00,1432.90,,1489.50,,,29033,42906920.00,2403,F1,1,,,,,
2026-06-30,2026-06-30,CM,BSE,STK,541771,INE572Z01017,AMINTAN,XT,,,,,AMIN TANNERY LIMITED,1.58,1.64,1.58,1.64,1.64,1.61,,1.64,,,19984,32463.00,44,F1,1,,,,,
2026-06-30,2026-06-30,CM,BSE,STK,541778,INE00IY01012,DEEP,X,,,,,Deep Polymers Limited,38.97,39.30,37.00,38.16,38.60,38.66,,38.16,,,3952,152233.00,62,F1,1,,,,,
2026-06-30,2026-06-30,CM,BSE,STK,541809,INF109KC1NS5,NEXT50IETF,B,,,,,ICICI Prudential Mutual Fund,75.88,75.88,74.80,75.64,75.62,75.37,,75.51,,,23368,1763130.00,371,F1,1,,,,,
2026-06-30,2026-06-30,CM,BSE,STK,541865,INE01B501018,ASRL,X,,,,,Add-Shop E-Retail Limited,7.30,7.30,7.07,7.07,7.07,7.14,,7.07,,,11356,80533.00,89,F1,1,,,,,
2026-06-30,2026-06-30,CM,BSE,STK,541890,INE797Z01028,SPACEINCUBA,XT,,,,,Space Incubatrics Technologies,0.18,0.18,0.18,0.18,0.18,0.18,,0.18,,,69263,12467.00,91,F1,1,,,,,
2026-06-30,2026-06-30,CM,BSE,STK,541929,INE00QT01015,SGIL,B,,,,,Synergy Green Industries Limit,566.60,588.05,566.60,587.00,587.00,564.35,,585.70,,,142,82956.00,21,F1,1,,,,,
2026-06-30,2026-06-30,CM,BSE,STK,541946,INF109KC1KT9,LIQUIDIETF,F,,,,,ICICI Prudential BSE Liquid Ra,1000.00,1000.01,1000.00,1000.00,1000.00,1000.00,,1000.00,,,58228,58228004.00,34,F1,1,,,,,
2026-06-30,2026-06-30,CM,BSE,STK,541956,INE962Y01021,IRCON,A,,,,,IRCON International Ltd,131.40,132.30,130.50,131.10,131.10,131.45,,131.07,,,190765,25034364.00,2681,F1,1,,,,,
2026-06-30,2026-06-30,CM,BSE,STK,541967,INE01IU01018,SKYGOLD,A,,,,,Sky Gold And Diamonds Limited,511.15,539.90,511.15,532.50,532.00,512.20,,532.55,,,56349,29660166.00,2093,F1,1,,,,,
2026-06-30,2026-06-30,CM,BSE,STK,541972,INF200KA1VQ2,SETFSN50,A,,,,,SBI Mutual Fund,937.00,937.00,925.55,930.33,930.33,927.47,,930.33,,,61,56621.00,15,F1,1,,,,,
2026-06-30,2026-06-30,CM,BSE,STK,541973,INE004Z01011,MACH,M,,,,,Mac Hotels Limited,74.00,88.00,72.00,85.00,85.00,90.00,,85.00,,,13500,1039545.00,8,F1,1500,,,,,
2026-06-30,2026-06-30,CM,BSE,STK,541974,INE00VM01036,MANORAMA,A,,,,,Manorama Industries Limited,1591.40,1672.95,1582.25,1656.20,1656.20,1582.25,,1655.30,,,17809,29271144.00,1030,F1,1,,,,,
2026-06-30,2026-06-30,CM,BSE,STK,541983,INE492Y01011,INNOVATIVE,M,,,,,Innovative Ideals and Services,21.96,24.00,21.96,24.00,24.00,23.11,,24.00,,,5000,111840.00,4,F1,1000,,,,,
2026-06-30,2026-06-30,CM,BSE,STK,541988,INE216P01012,AAVAS,A,,,,,AAVAS Financiers Limited,1494.35,1533.85,1484.65,1522.00,1514.25,1476.70,,1520.80,,,4506,6788668.00,401,F1,1,,,,,
2026-06-30,2026-06-30,CM,BSE,STK,542011,INE382Z01011,GRSE,A,,,,,Garden Reach Shipbuilders & En,2678.10,2747.00,2656.10,2726.30,2726.30,2678.70,,2726.20,,,118888,320452090.00,6211,F1,1,,,,,
2026-06-30,2026-06-30,CM,BSE,STK,542012,INE911Z01025,A1L,B,,,,,A-1 LIMITED,6.75,7.30,6.64,7.30,7.30,6.96,,7.30,,,8216286,58329883.00,5430,F1,1,,,,,
2026-06-30,2026-06-30,CM,BSE,STK,542013,INE666Y01010,DOLFIN,B,,,,,Dolfin Rubbers Limited,169.45,175.10,169.45,174.60,174.60,169.10,,174.60,,,1119,192141.00,35,F1,1,,,,,
2026-06-30,2026-06-30,CM,BSE,STK,542019,INE01J501010,SHUBHAM,X,,,,,Shubham Polyspin Limited,47.50,47.50,44.16,46.07,47.40,46.48,,46.07,,,8869,399509.00,87,F1,1,,,,,
2026-06-30,2026-06-30,CM,BSE,STK,542020,INE642Z01026,AKI,B,,,,,AKI India Limited,4.55,4.99,4.55,4.77,4.82,4.71,,4.72,,,2341,11155.00,41,F1,1,,,,,
2026-06-30,2026-06-30,CM,BSE,STK,542034,INE00Q901014,SMGOLD,B,,,,,S. M. Gold Limited,12.00,12.34,12.00,12.16,12.12,12.11,,12.16,,,10971,133094.00,68,F1,1,,,,,
2026-06-30,2026-06-30,CM,BSE,STK,542046,INE647Z01025,VIVIDM,B,,,,,VIVID MERCANTILE LIMITED,7.12,7.14,6.80,7.08,7.08,7.03,,7.08,,,432312,3045797.00,144,F1,1,,,,,
2026-06-30,2026-06-30,CM,BSE,STK,542057,INE00SW01015,BCPL,B,,,,,BCPL Railway Infrastructure Li,72.11,74.28,71.93,73.34,73.26,73.48,,73.39,,,6324,459845.00,211,F1,1,,,,,
2026-06-30,2026-06-30,CM,BSE,STK,542066,INE399L01023,ATGL,A,,,,,ADANI TOTAL GAS LIMITED,730.55,734.00,718.10,732.05,728.00,733.40,,731.60,,,210971,153225131.00,4810,F1,1,,,,,
2026-06-30,2026-06-30,CM,BSE,STK,542131,INF769K01EG9,NIFTYETF,B,,,,,Mirae Asset Mutual Fund,258.06,260.82,258.06,259.49,259.21,260.35,,259.41,,,11980,3108639.00,487,F1,1,,,,,
2026-06-30,2026-06-30,CM,BSE,STK,542141,INE285K01026,TECHNOE,A,,,,,Techno Electric & Engineering,1099.30,1099.30,1050.00,1055.20,1060.10,1085.40,,1054.10,,,10356,11046592.00,637,F1,1,,,,,
2026-06-30,2026-06-30,CM,BSE,STK,542145,INE02AP01013,RONI,M,,,,,Roni Households Limited,39.80,39.80,39.80,39.80,39.80,41.54,,39.80,,,1800,71640.00,1,F1,1800,,,,,
2026-06-30,2026-06-30,CM,BSE,STK,542155,INE01GR01018,DGL,MT,,,,,Diksha Greens Limited,1.04,1.04,1.04,1.04,1.04,1.06,,1.04,,,8000,8320.00,4,F1,2000,,,,,
2026-06-30,2026-06-30,CM,BSE,STK,542176,INE016X01010,ARYAN,X,,,,,Aryan Share & Stock Brokers Lt,20.50,20.50,20.50,20.50,20.50,20.50,,20.50,,,3,61.00,1,F1,1,,,,,
2026-06-30,2026-06-30,CM,BSE,STK,542206,INE139E01028,NIVAKA,X,,,,,NIVAKA FASHIONS LIMITED,0.97,0.97,0.93,0.93,0.93,0.97,,0.93,,,30653,28820.00,45,F1,1,,,,,
2026-06-30,2026-06-30,CM,BSE,STK,542216,INE00R701025,DALBHARAT,A,,,,,DALMIA BHARAT LIMITED,1701.20,1718.75,1694.75,1699.75,1703.60,1701.00,,1700.60,,,2881,4905732.00,487,F1,1,,,,,
2026-06-30,2026-06-30,CM,BSE,STK,542230,INF209KB16D7,ABSLNN50ET,B,,,,,Aditya Birla Sun Life Mutual F,74.50,75.51,74.50,75.40,75.40,76.02,,75.37,,,892,66982.00,13,F1,1,,,,,
2026-06-30,2026-06-30,CM,BSE,STK,542231,INE00S901012,NILASPACES,B,,,,,Nila Spaces Ltd,12.30,13.22,12.30,12.91,13.00,12.67,,12.94,,,103702,1345678.00,264,F1,1,,,,,
2026-06-30,2026-06-30,CM,BSE,STK,542232,INE01NE01012,SRD,B,,,,,Shankar Lal Rampal Dye-Chem Li,41.49,41.49,39.50,40.19,39.81,40.39,,39.97,,,1716,68244.00,38,F1,1,,,,,
2026-06-30,2026-06-30,CM,BSE,STK,542233,INE00CA01015,TREJHARA,B,,,,,Trejhara Solutions Limited,143.95,154.00,140.10,144.65,145.60,140.30,,142.01,,,2237,324277.00,97,F1,1,,,,,
2026-06-30,2026-06-30,CM,BSE,STK,542248,INE452W01019,DECCAN,T,,,,,Deccan Health Care Limited,13.75,13.75,13.01,13.07,13.39,13.40,,13.07,,,356,4739.00,12,F1,1,,,,,
2026-06-30,2026-06-30,CM,BSE,STK,542285,INE02EZ01022,AXITA,B,,,,,Axita Cotton Limited,7.64,7.73,7.52,7.56,7.58,7.54,,7.53,,,78998,600456.00,395,F1,1,,,,,
2026-06-30,2026-06-30,CM,BSE,STK,542323,INE542W01025,KPIGREEN,A,,,,,KPI Green Energy Limited,399.95,404.65,395.55,398.10,397.35,395.45,,398.05,,,28803,11534041.00,812,F1,1,,,,,
2026-06-30,2026-06-30,CM,BSE,STK,542332,INE302R01024,HIKLASS,XT,,,,,Hi-Klass Trading and Investmen,69.83,69.83,69.83,69.83,69.83,69.83,,69.83,,,2,139.00,1,F1,1,,,,,
2026-06-30,2026-06-30,CM,BSE,STK,542333,INE425Y01011,RPSGVENT,B,,,,,RPSG VENTURES LIMITED,853.05,878.40,842.20,847.05,845.15,864.25,,849.40,,,1009,864482.00,103,F1,1,,,,,
2026-06-30,2026-06-30,CM,BSE,STK,542337,INE020801028,SPENCERS,B,,,,,Spencer's Retail Limited,34.65,36.05,34.65,35.30,35.30,35.47,,35.41,,,2866,101551.00,80,F1,1,,,,,
2026-06-30,2026-06-30,CM,BSE,STK,542351,INE350Z01018,GLOSTERLTD,B,,,,,Gloster Ltd,730.00,733.00,720.00,728.90,729.60,721.45,,731.60,,,727,528421.00,61,F1,1,,,,,
2026-06-30,2026-06-30,CM,BSE,STK,542367,INE01P501012,XELPMOC,B,,,,,Xelpmoc Design and Tech Limite,87.60,87.60,83.35,85.25,85.25,85.20,,84.85,,,553,47137.00,26,F1,1,,,,,
2026-06-30,2026-06-30,CM,BSE,STK,542383,INE01EG01016,RITCO,B,,,,,Ritco Logistics Limited,260.90,260.90,255.65,256.20,256.00,259.15,,256.65,,,521,134116.00,25,F1,1,,,,,
2026-06-30,2026-06-30,CM,BSE,STK,542399,INE427F01016,CHALET,A,,,,,Chalet Hotels Limited,812.35,817.35,806.85,814.45,813.70,812.20,,814.90,,,4427,3602814.00,175,F1,1,,,,,
2026-06-30,2026-06-30,CM,BSE,STK,542437,INE02AR01019,ANMOL,B,,,,,Anmol India Limited,11.80,11.80,11.06,11.15,11.24,10.99,,11.21,,,3656,41208.00,22,F1,1,,,,,
2026-06-30,2026-06-30,CM,BSE,STK,542446,INE793Z01027,JONJUA,MT,,,,,Jonjua Overseas Limited,3.50,3.51,3.50,3.50,3.50,3.51,,3.50,,,14463,50668.00,3,F1,4821,,,,,
2026-06-30,2026-06-30,CM,BSE,STK,542459,INE911T01010,KRANTI,B,,,,,Kranti Industries Limited,60.26,62.94,60.00,61.09,60.90,60.15,,61.09,,,4316,264641.00,163,F1,1,,,,,
2026-06-30,2026-06-30,CM,BSE,STK,542460,INE294Z01018,ANUP,A,,,,,The Anup Engineering Ltd,2369.95,2369.95,2304.00,2324.85,2345.00,2325.30,,2330.90,,,1786,4159906.00,250,F1,1,,,,,
2026-06-30,2026-06-30,CM,BSE,STK,542484,INE955V01021,ARVINDFASN,A,,,,,Arvind Fashions Limited,464.45,474.25,458.00,471.35,469.00,464.90,,470.95,,,8037,3723053.00,240,F1,1,,,,,
2026-06-30,2026-06-30,CM,BSE,STK,542503,INE00CX01017,MAHIP,MT,,,,,Mahip Industries Limited,21.02,21.02,21.02,21.02,21.02,22.12,,21.02,,,4000,84080.00,1,F1,4000,,,,,
2026-06-30,2026-06-30,CM,BSE,STK,542513,INF789F1AUU3,SNXT50BETA,A,,,,,UTI BSE  Sensex Next 50 ETF,92.20,93.40,92.20,92.68,92.68,92.20,,92.69,,,245,22681.00,18,F1,1,,,,,
2026-06-30,2026-06-30,CM,BSE,STK,542524,INE342U01016,AIHL,X,,,,,AMBASSADOR INTRA HOLDINGS LIMI,30.35,30.35,30.35,30.35,30.35,30.97,,30.35,,,1,30.00,1,F1,1,,,,,
2026-06-30,2026-06-30,CM,BSE,STK,542543,INE05KD23015,ENERGYINF,IF,,,,,Energy Infrastructure Trust,77.27,77.27,75.50,75.68,75.69,77.22,,75.68,,,42150000,3203840250.00,208,F1,25000,,,,,
2026-06-30,2026-06-30,CM,BSE,STK,542579,INE05FR01029,AGOL,B,,,,,Ashapuri Gold Ornament Limited,4.06,4.11,4.01,4.09,4.10,4.04,,4.09,,,448074,1821095.00,558,F1,1,,,,,
2026-06-30,2026-06-30,CM,BSE,STK,542580,INE01C001026,AARTECH,B,,,,,Aartech Solonics Limited,48.00,48.50,47.54,47.78,47.55,48.14,,47.66,,,5136,247050.00,536,F1,1,,,,,
2026-06-30,2026-06-30,CM,BSE,STK,542592,INE02PC01027,HBEL,MT,,,,,Humming Bird Education Limited,16.77,16.77,16.77,16.77,16.77,17.65,,16.77,,,2500,41925.00,2,F1,1250,,,,,
2026-06-30,2026-06-30,CM,BSE,STK,542597,INE255X01014,MSTCLTD,B,,,,,MSTC Limited,697.25,727.10,697.20,710.50,710.50,690.35,,709.40,,,81323,57975070.00,2495,F1,1,,,,,
2026-06-30,2026-06-30,CM,BSE,STK,542602,INE041025011,EMBASSY,IF,,,,,Embassy Office Parks REIT,433.10,444.90,433.00,438.21,438.21,433.54,,438.04,,,17182,7586244.00,831,F1,1,,,,,
2026-06-30,2026-06-30,CM,BSE,STK,542627,INE01GZ01011,CHANDNIMACH,X,,,,,Chandni Machines Limited,79.80,79.80,74.10,76.06,77.50,76.94,,76.06,,,11277,858953.00,84,F1,1,,,,,
2026-06-30,2026-06-30,CM,BSE,STK,542628,INE01BL01012,NSL,B,,,,,Northern Spirits Limited,126.55,129.00,122.25,123.45,123.45,126.75,,123.45,,,8603,1072661.00,133,F1,1,,,,,
2026-06-30,2026-06-30,CM,BSE,STK,542649,INE415G01027,RVNL,A,,,,,Rail Vikas Nigam Limited,238.00,238.95,235.35,235.95,236.25,237.45,,235.83,,,298625,70865933.00,2674,F1,1,,,,,
2026-06-30,2026-06-30,CM,BSE,STK,542650,INE112L01020,METROPOLIS,A,,,,,Metropolis Healthcare Limited,524.00,548.00,524.00,539.95,541.05,523.50,,540.15,,,13158,7109688.00,689,F1,1,,,,,
2026-06-30,2026-06-30,CM,BSE,STK,542651,INE04I401011,KPITTECH,A,,,,,KPIT Technologies Ltd,712.20,723.00,669.60,671.45,671.45,712.50,,671.55,,,317979,217252381.00,16928,F1,1,,,,,
2026-06-30,2026-06-30,CM,BSE,STK,542652,INE455K01017,POLYCAB,A,,,,,Polycab India Limited,9617.65,10001.00,9600.00,9961.85,9945.75,9812.65,,9961.00,,,19706,194459594.00,4926,F1,1,,,,,
2026-06-30,2026-06-30,CM,BSE,STK,542654,INE06LG01010,VRFILMS,B,,,,,V R FILMS & STUDIOS LIMITED,14.25,14.70,13.25,14.07,14.70,14.25,,14.07,,,21131,297225.00,44,F1,1,,,,,
2026-06-30,2026-06-30,CM,BSE,STK,542655,INE161L01027,VIKASLIFE,B,,,,,VIKAS LIFECARE LIMITED,1.43,1.46,1.43,1.45,1.45,1.44,,1.44,,,383194,555480.00,8783,F1,1,,,,,
2026-06-30,2026-06-30,CM,BSE,STK,542665,INE136S01016,NEOGEN,B,,,,,Neogen Chemicals Limited,1910.60,2041.70,1910.60,2025.10,2026.00,1888.35,,2024.90,,,33304,66601461.00,3415,F1,1,,,,,
2026-06-30,2026-06-30,CM,BSE,STK,542666,INE05QJ01015,GKP,B,,,,,G. K. P. Printing & Packaging,6.06,6.12,5.62,5.99,6.06,6.03,,5.99,,,4121,24521.00,29,F1,1,,,,,
2026-06-30,2026-06-30,CM,BSE,STK,542668,INE06TD01010,EVANS,M,,,,,EVANS ELECTRIC LIMITED,69.96,69.96,65.10,65.10,65.10,67.10,,65.10,,,6000,406170.00,5,F1,1000,,,,,
2026-06-30,2026-06-30,CM,BSE,STK,542669,INE374E01021,BMW,X,,,,,BMW INDUSTRIES LIMITED,59.00,59.39,57.40,58.10,58.01,58.80,,58.10,,,76202,4429138.00,606,F1,1,,,,,
2026-06-30,2026-06-30,CM,BSE,STK,542670,INE757T01025,AEPL,B,,,,,Artemis Electricals and Projec,16.13,17.45,16.06,17.05,17.00,16.05,,17.00,,,24669,417514.00,66,F1,1,,,,,
2026-06-30,2026-06-30,CM,BSE,STK,542679,INE413F01016,DEL,X,,,,,Dhanashree Electronics Limited,160.95,160.95,156.05,159.90,159.90,161.00,,159.90,,,49,7812.00,6,F1,1,,,,,
2026-06-30,2026-06-30,CM,BSE,STK,542682,INE01K301012,HARISH,X,,,,,Harish Textile Engineers Limit,66.99,68.00,66.99,68.00,68.00,65.84,,68.00,,,750,50807.00,23,F1,1,,,,,
2026-06-30,2026-06-30,CM,BSE,STK,542684,INE050001010,PPL,B,,,,,Prakash Pipes Limited,310.15,334.50,310.15,323.10,324.70,306.00,,323.56,,,111102,35958818.00,2826,F1,1,,,,,
2026-06-30,2026-06-30,CM,BSE,STK,542685,INE03JI01017,DGCONTENT,B,,,,,Digicontent Limited,26.53,28.90,26.52,26.52,26.52,27.99,,27.10,,,556,15625.00,14,F1,1,,,,,
2026-06-30,2026-06-30,CM,BSE,STK,542721,INE02GA01012,ARL,B,,,,,Anand Rayons Limited,49.00,51.74,47.87,47.87,47.87,50.38,,47.87,,,31825,1543675.00,255,F1,1,,,,,
2026-06-30,2026-06-30,CM,BSE,STK,542725,INE04AK01028,SBC,B,,,,,SBC EXPORTS LIMITED,42.08,42.20,41.28,41.38,41.35,41.83,,41.38,,,196583,8176758.00,383,F1,1,,,,,
2026-06-30,2026-06-30,CM,BSE,STK,542726,INE933S01016,INDIAMART,A,,,,,IndiaMART InterMESH Limited,1930.85,1930.90,1892.10,1901.15,1901.15,1930.90,,1906.20,,,6364,12142953.00,962,F1,1,,,,,
2026-06-30,2026-06-30,CM,BSE,STK,542727,INE056001014,CPML,M,,,,,CITY PULSE MULTIVENTURES LIMIT,1850.05,1880.00,1580.00,1634.95,1580.00,1870.20,,1634.95,,,3500,5994505.00,59,F1,50,,,,,
2026-06-30,2026-06-30,CM,BSE,STK,542729,INE08KP01019,DCMNVL,T,,,,,DCM NOUVELLE LIMITED,147.60,154.90,147.55,154.90,154.90,154.95,,150.63,,,286,42441.00,13,F1,1,,,,,
2026-06-30,2026-06-30,CM,BSE,STK,542730,INF109KC15I8,BANKIETF,B,,,,,ICICI Prudential Mutual Fund,58.80,59.49,58.80,59.12,59.30,59.26,,59.17,,,20345,1203512.00,370,F1,1,,,,,
2026-06-30,2026-06-30,CM,BSE,STK,542747,INF204KB15D0,SNXT50BEES,A,,,,,NIPPON INDIA ETF SENSEX NEXT 5,90.60,91.00,90.16,90.45,90.47,90.49,,90.45,,,1187,107391.00,77,F1,1,,,,,
2026-06-30,2026-06-30,CM,BSE,STK,542752,INE00WC01027,AFFLE,A,,,,,AFFLE 3I LIMITED,1414.95,1428.00,1405.45,1412.80,1421.15,1398.85,,1418.90,,,12869,18199500.00,643,F1,1,,,,,
2026-06-30,2026-06-30,CM,BSE,STK,542758,INF109KC18U7,PVTBANIETF,B,,,,,ICICI Prudential Mutual Fund,28.36,28.44,28.17,28.25,28.28,28.38,,28.24,,,174549,4936891.00,933,F1,1,,,,,
2026-06-30,2026-06-30,CM,BSE,STK,542759,INE572J01011,SPANDANA,B,,,,,Spandana Sphoorty Financial Li,264.05,273.90,262.85,268.85,268.70,263.55,,268.60,,,20874,5605161.00,709,F1,1,,,,,
2026-06-30,2026-06-30,CM,BSE,STK,542760,INE00M201021,SWSOLAR,A,,,,,STERLING AND WILSON RENEWABLE,252.95,257.20,242.40,244.35,244.35,244.25,,244.40,,,677552,169483042.00,7748,F1,1,,,,,
2026-06-30,2026-06-30,CM,BSE,STK,542770,INE08E401029,ALPHALOGIC,T,,,,,Alphalogic Techsys Limited,44.65,45.99,43.04,45.45,45.47,44.65,,45.45,,,1542,70018.00,35,F1,1,,,,,
2026-06-30,2026-06-30,CM,BSE,STK,542772,INE466L01038,360ONE,A,,,,,360 ONE WAM LIMITED,1083.05,1107.25,1070.00,1074.35,1071.10,1089.95,,1074.60,,,428706,463435518.00,2039,F1,1,,,,,
2026-06-30,2026-06-30,CM,BSE,STK,542773,INE489L01022,IIFLCAPS,A,,,,,IIFL CAPITAL SERVICES LIMITED,338.10,339.15,334.45,337.95,337.95,337.80,,338.15,,,22965,7752529.00,228,F1,1,,,,,
2026-06-30,2026-06-30,CM,BSE,STK,542774,INE08KJ01020,MUFIN,B,,,,,MUFIN GREEN FINANCE LIMITED,128.15,135.00,126.50,134.05,134.05,127.50,,133.86,,,112734,14880779.00,719,F1,1,,,,,
2026-06-30,2026-06-30,CM,BSE,STK,542802,INE906Y01028,GALACTICO,B,,,,,Galactico Corporate Services L,2.06,2.08,1.99,2.04,2.04,2.02,,2.04,,,81348,163927.00,161,F1,1,,,,,
2026-06-30,2026-06-30,CM,BSE,STK,542803,INE560T01015,VEL,X,,,,,Vaxfab Enterprises Limited,61.89,61.89,60.20,60.59,60.50,61.64,,60.59,,,13860,836501.00,57,F1,1,,,,,
2026-06-30,2026-06-30,CM,BSE,STK,542812,INE09N301011,FLUOROCHEM,A,,,,,Gujarat Fluorochemicals Limite,3859.25,3991.90,3859.25,3962.10,3976.90,3864.75,,3963.90,,,7158,28323183.00,859,F1,1,,,,,
2026-06-30,2026-06-30,CM,BSE,STK,542830,INE335Y01020,IRCTC,A,,,,,Indian Railway Catering and To,504.70,508.90,501.50,503.10,503.10,504.75,,502.90,,,119632,60329958.00,7365,F1,1,,,,,
2026-06-30,2026-06-30,CM,BSE,STK,542852,INE430N01022,VISHWARAJ,B,,,,,Vishwaraj Sugar Industries Lim,5.26,5.60,5.26,5.51,5.50,5.48,,5.47,,,54803,301611.00,175,F1,1,,,,,
2026-06-30,2026-06-30,CM,BSE,STK,542857,INE08ZM01014,GREENPANEL,B,,,,,Greenpanel Industries Limited,191.60,194.50,189.65,190.80,192.15,192.85,,191.01,,,5697,1097031.00,163,F1,1,,,,,
2026-06-30,2026-06-30,CM,BSE,STK,542862,INE052001026,SHAHLON,X,,,,,Shahlon Silk Industries Limite,23.20,27.50,22.50,26.33,25.75,23.56,,26.33,,,81436,2111295.00,125,F1,1,,,,,
2026-06-30,2026-06-30,CM,BSE,STK,542863,INF209KB17D5,ABSLBANETF,B,,,,,Aditya Birla Sun Life Mutual F,58.53,59.35,58.53,58.86,58.86,59.13,,59.06,,,603,35665.00,54,F1,1,,,,,
2026-06-30,2026-06-30,CM,BSE,STK,542865,INE490Z01012,ANUROOP,B,,,,,Anuroop Packaging Limited,12.65,12.97,12.00,12.01,12.00,12.62,,12.01,,,6371,78028.00,45,F1,1,,,,,
2026-06-30,2026-06-30,CM,BSE,STK,542867,INE679A01013,CSBBANK,A,,,,,CSB Bank Limited,329.95,340.70,329.55,339.30,339.00,329.55,,339.80,,,26229,8806575.00,869,F1,1,,,,,
2026-06-30,2026-06-30,CM,BSE,STK,542904,INE551W01018,UJJIVANSFB,A,,,,,Ujjivan Small Finance Bank Lim,56.94,59.51,56.71,59.11,59.11,56.91,,59.05,,,7449237,434259988.00,6733,F1,1,,,,,
2026-06-30,2026-06-30,CM,BSE,STK,542905,INE05AN01011,HINDWAREAP,B,,,,,Hindware Home Innovation Limit,256.25,261.75,250.15,259.60,260.75,255.25,,260.11,,,33863,8679015.00,589,F1,1,,,,,
2026-06-30,2026-06-30,CM,BSE,STK,542907,INE689W01016,PRINCEPIPE,B,,,,,Prince Pipes and Fittings Limi,285.35,287.95,284.00,286.95,286.20,285.35,,287.15,,,15996,4571015.00,436,F1,1,,,,,
2026-06-30,2026-06-30,CM,BSE,STK,542909,INF754K01KO2,EBBETF0430,F,,,,,Edelweiss Mutual Fund,1598.16,1608.14,1598.16,1605.09,1605.24,1606.21,,1605.43,,,3116,4999317.00,34,F1,1,,,,,
2026-06-30,2026-06-30,CM,BSE,STK,542911,INE165G01010,ASSAMENT,X,,,,,Assam Entrade Limited,601.00,631.00,601.00,630.45,631.00,601.00,,630.45,,,40,25159.00,3,F1,1,,,,,
2026-06-30,2026-06-30,CM,BSE,STK,542918,INE063601012,GIANLIFE,Z,,,,,Gian Life Care Limited,5.19,5.19,4.85,5.00,5.00,5.08,,5.00,,,1025,5138.00,25,F1,1,,,,,
2026-06-30,2026-06-30,CM,BSE,STK,542919,INE025R01021,ARTEMISMED,B,,,,,Artemis Medicare Services Limi,262.40,266.65,262.40,264.95,264.95,262.60,,264.95,,,7770,2054272.00,246,F1,1,,,,,
2026-06-30,2026-06-30,CM,BSE,STK,542920,INE258G01013,SUMICHEM,A,,,,,SUMITOMO CHEMICAL INDIA LIMITE,421.35,424.00,412.90,421.40,419.95,419.10,,420.90,,,14563,6103777.00,662,F1,1,,,,,
2026-06-30,2026-06-30,CM,BSE,STK,542921,INF109KC11W8,MIDCAPIETF,B,,,,,ICICI Prudential Mutual Fund,23.47,23.62,23.39,23.55,23.58,23.48,,23.50,,,45847,1077836.00,324,F1,1,,,,,
2026-06-30,2026-06-30,CM,BSE,STK,542922,INF769K01FN2,NEXT50,B,,,,,Mirae Asset Mutual Fund,735.80,741.53,735.80,738.54,738.51,735.80,,738.46,,,1710,1262194.00,53,F1,1,,,,,
2026-06-30,2026-06-30,CM,BSE,STK,542934,INE07QQ01016,CBPL,M,,,,,Chandra Bhagat Pharma Limited,46.00,46.00,46.00,46.00,46.00,43.89,,46.00,,,1000,46000.00,1,F1,1000,,,,,
2026-06-30,2026-06-30,CM,BSE,STK,543064,INE03QK01018,COHANCE,A,,,,,Cohance Lifesciences Limited,455.00,464.20,451.20,455.20,452.65,450.10,,456.10,,,45966,20995329.00,1247,F1,1,,,,,
2026-06-30,2026-06-30,CM,BSE,STK,543066,INE018E01016,SBICARD,A,,,,,SBI CARDS AND PAYMENT SERVICES,602.35,607.80,590.80,593.45,593.45,602.10,,593.20,,,64921,38709250.00,3110,F1,1,,,,,
2026-06-30,2026-06-30,CM,BSE,STK,543071,INF204KB10R1,07AGG,F,,,,,Nippon India Mutual Fund,14.80,14.80,12.15,12.42,14.50,13.50,,12.42,,,1068,13064.00,12,F1,1,,,,,
2026-06-30,2026-06-30,CM,BSE,STK,543079,INF204KB16R8,07GPG,F,,,,,Nippon India Mutual Fund,4.40,4.40,3.62,4.06,4.06,4.02,,4.06,,,1023,3715.00,6,F1,1,,,,,
2026-06-30,2026-06-30,CM,BSE,STK,543083,INF204KB10P5,09MPD,F,,,,,Nippon India Mutual Fund,0.14,0.14,0.14,0.14,0.14,0.13,,0.14,,,1,0.00,1,F1,1,,,,,
2026-06-30,2026-06-30,CM,BSE,STK,543087,INF204KB14O0,09AGG,F,,,,,Nippon India Mutual Fund,191.45,191.45,191.45,191.45,191.45,174.07,,191.45,,,2,382.00,2,F1,1,,,,,
2026-06-30,2026-06-30,CM,BSE,STK,543110,INF789F1ARQ7,UTCRFS2RGR,F,,,,,UTI Mutual Fund,7.84,7.84,7.84,7.84,7.84,8.71,,7.84,,,51,399.00,2,F1,1,,,,,
2026-06-30,2026-06-30,CM,BSE,STK,543144,INF204KB11T5,08MPD,B,,,,,Nippon India Mutual Fund,5.72,5.72,4.68,5.15,5.15,5.20,,5.15,,,1131,5373.00,7,F1,1,,,,,
2026-06-30,2026-06-30,CM,BSE,STK,543150,INF204KB16S6,08GPG,B,,,,,Nippon India Mutual Fund,2.04,2.04,1.80,1.88,1.87,1.86,,1.88,,,13827,26318.00,33,F1,1,,,,,
2026-06-30,2026-06-30,CM,BSE,STK,543153,INF204KB18R4,08AGG,B,,,,,Nippon India Mutual Fund,29.70,29.70,26.64,26.85,26.64,29.60,,26.85,,,108,2923.00,4,F1,1,,,,,
2026-06-30,2026-06-30,CM,BSE,STK,543165,INF204KB17P0,10ARD,F,,,,,Nippon India Mutual Fund,102.25,102.25,101.00,101.00,101.00,102.25,,101.00,,,40,4065.00,3,F1,1,,,,,
2026-06-30,2026-06-30,CM,BSE,STK,543167,INF204KB19P6,10GPG,F,,,,,Nippon India Mutual Fund,2.23,2.23,1.84,1.84,1.84,2.04,,1.84,,,2452,4606.00,17,F1,1,,,,,
2026-06-30,2026-06-30,CM,BSE,STK,543171,INE0BDU01028,ROJL,B,,,,,RO Jewels Limited,1.65,1.75,1.65,1.74,1.74,1.65,,1.74,,,34403,59557.00,52,F1,1,,,,,
2026-06-30,2026-06-30,CM,BSE,STK,543172,INE0CQB01010,COSPOWER,MT,,,,,Cospower Engineering Limited,1900.00,1903.00,1898.95,1903.00,1903.00,1824.50,,1903.00,,,1250,2375362.00,10,F1,125,,,,,
2026-06-30,2026-06-30,CM,BSE,STK,543173,INF204KB14U7,11DPR,B,,,,,Nippon India Mutual Fund,15.80,15.80,12.95,13.07,14.94,14.38,,13.07,,,884,11480.00,24,F1,1,,,,,
2026-06-30,2026-06-30,CM,BSE,STK,543174,INF204KB10U5,11GPG,B,,,,,Nippon India Mutual Fund,1.90,1.90,1.75,1.80,1.80,1.78,,1.80,,,18821,33050.00,26,F1,1,,,,,
2026-06-30,2026-06-30,CM,BSE,STK,543175,INF204KB15U4,11MPD,B,,,,,Nippon India Mutual Fund,2.90,2.91,2.70,2.72,2.91,2.88,,2.72,,,3190,9075.00,11,F1,1,,,,,
2026-06-30,2026-06-30,CM,BSE,STK,543176,INF204KB16U2,11MPR,B,,,,,Nippon India Mutual Fund,57.77,57.94,52.52,52.54,52.52,57.49,,52.54,,,209,11557.00,8,F1,1,,,,,
2026-06-30,2026-06-30,CM,BSE,STK,543177,INF204KB11U3,11QPD,B,,,,,Nippon India Mutual Fund,7.51,7.51,6.21,6.33,6.54,6.83,,6.33,,,2408,15458.00,25,F1,1,,,,,
2026-06-30,2026-06-30,CM,BSE,STK,543178,INF204KB12U1,11QPR,B,,,,,Nippon India Mutual Fund,40.27,43.00,40.27,40.27,40.27,44.74,,40.27,,,241,9707.00,9,F1,1,,,,,
2026-06-30,2026-06-30,CM,BSE,STK,543181,INF204KB13T1,11AGG,B,,,,,Nippon India Mutual Fund,25.10,25.10,22.30,22.62,24.58,24.69,,22.62,,,1127,26190.00,28,F1,1,,,,,
2026-06-30,2026-06-30,CM,BSE,STK,543182,INF204KB18T0,11AMD,B,,,,,Nippon India Mutual Fund,37.48,37.48,30.83,31.07,31.15,34.25,,31.07,,,112,3506.00,10,F1,1,,,,,
2026-06-30,2026-06-30,CM,BSE,STK,543184,INF204KB14T9,11AQD,B,,,,,Nippon India Mutual Fund,32.31,32.31,27.00,29.91,30.99,29.38,,29.91,,,522,15188.00,12,F1,1,,,,,
2026-06-30,2026-06-30,CM,BSE,STK,543186,INF204KB13U9,11DPD,B,,,,,Nippon India Mutual Fund,4.02,4.02,3.30,3.34,3.47,3.66,,3.34,,,8698,29901.00,31,F1,1,,,,,
2026-06-30,2026-06-30,CM,BSE,STK,543187,INE07Y701011,POWERINDIA,A,,,,,HITACHI ENERGY INDIA LIMITED,34800.00,35186.55,34398.00,34948.35,34922.65,35048.95,,34920.00,,,7499,260974234.00,2901,F1,1,,,,,
2026-06-30,2026-06-30,CM,BSE,STK,543193,INE0B1K01014,DJML,B,,,,,DJ Mediaprint & Logistics Limi,115.50,117.95,113.25,116.75,115.30,116.35,,115.48,,,77471,9048121.00,963,F1,1,,,,,
2026-06-30,2026-06-30,CM,BSE,STK,543207,INE06MM01016,NATURAL,X,,,,,Natural Biocon (India) Limited,3.89,3.89,3.55,3.75,3.75,3.74,,3.75,,,30928,115475.00,73,F1,1,,,,,
2026-06-30,2026-06-30,CM,BSE,STK,543208,INE745R01024,REGIS,X,,,,,REGIS INDUSTRIES LIMITED,2.26,2.35,2.26,2.34,2.34,2.30,,2.34,,,94863,217885.00,104,F1,1,,,,,
2026-06-30,2026-06-30,CM,BSE,STK,543209,INE0CRS01012,BILLWIN,M,,,,,Billwin Industries Limited,19.91,21.76,19.91,21.56,21.76,23.99,,21.56,,,12000,253770.00,4,F1,3000,,,,,
2026-06-30,2026-06-30,CM,BSE,STK,543210,INE09EO01013,AARTISURF,B,,,,,Aarti Surfactants Limited,368.45,381.50,368.45,376.85,371.50,370.10,,378.45,,,805,303654.00,141,F1,1,,,,,
2026-06-30,2026-06-30,CM,BSE,STK,543211,INE0B9A01018,BONLON,B,,,,,BONLON INDUSTRIES LIMITED,41.00,42.78,40.51,41.13,41.10,42.47,,41.40,,,2763,114702.00,38,F1,1,,,,,
2026-06-30,2026-06-30,CM,BSE,STK,543212,INE02PY01013,BOROLTD,B,,,,,Borosil Limited,236.80,237.40,232.50,233.15,233.95,234.25,,233.23,,,3765,882764.00,138,F1,1,,,,,
2026-06-30,2026-06-30,CM,BSE,STK,543213,INE02A801020,ROSSARI,B,,,,,ROSSARI BIOTECH LIMITED,523.05,529.15,520.25,525.10,526.75,523.80,,525.35,,,3827,2013020.00,184,F1,1,,,,,
2026-06-30,2026-06-30,CM,BSE,STK,543214,INE07OG01012,NDRAUTO,B,,,,,NDR Auto Components Limited,814.50,830.75,808.55,819.65,817.55,814.50,,821.05,,,1176,964761.00,100,F1,1,,,,,
2026-06-30,2026-06-30,CM,BSE,STK,543216,INF754K01LE1,EBBETF0431,F,,,,,Edelweiss Mutual Fund,1426.46,1442.20,1426.46,1431.66,1431.66,1433.63,,1432.68,,,455,653057.00,26,F1,1,,,,,
2026-06-30,2026-06-30,CM,BSE,STK,543217,INE0CCU25019,MINDSPACE,IF,,,,,Mindspace Business Parks REIT,470.99,475.25,469.89,474.14,475.24,466.34,,473.40,,,8793,4157984.00,407,F1,1,,,,,
2026-06-30,2026-06-30,CM,BSE,STK,543218,INE05ST01028,SBGLP,B,,,,,SURATWWALA BUSINESS GROUP LIMI,25.23,25.26,23.60,24.92,24.99,25.22,,25.01,,,1330,33133.00,55,F1,1,,,,,
2026-06-30,2026-06-30,CM,BSE,STK,543219,INF109KC17V7,ALPL30IETF,B,,,,,ICICI Prudential Mutual Fund,27.17,27.46,27.02,27.21,27.46,27.18,,27.13,,,3369,91596.00,68,F1,1,,,,,
2026-06-30,2026-06-30,CM,BSE,STK,543220,INE027H01010,MAXHEALTH,A,,,,,Max Healthcare Institute Limit,1152.50,1152.90,1125.35,1129.30,1129.30,1150.75,,1129.25,,,110643,126253861.00,6594,F1,1,,,,,
2026-06-30,2026-06-30,CM,BSE,STK,543221,INF109KC16I6,ITIETF,B,,,,,ICICI Prudential Mutual Fund,29.77,30.09,29.09,29.20,29.37,30.06,,29.22,,,125389,3675553.00,442,F1,1,,,,,
2026-06-30,2026-06-30,CM,BSE,STK,543223,INE0CG601016,MAXIND,B,,,,,Max India Limited,163.40,163.40,158.00,158.15,158.00,161.25,,158.35,,,4966,789238.00,190,F1,1,,,,,
2026-06-30,2026-06-30,CM,BSE,STK,543224,INF179KC1HY0,HDFCNIFBAN,B,,,,,HDFC Mutual Fund,58.91,59.57,58.91,59.15,59.10,59.47,,59.29,,,8989,532038.00,56,F1,1,,,,,
2026-06-30,2026-06-30,CM,BSE,STK,543225,INE0BWS23018,ALTIUSINVIT,IF,,,,,Altius Telecom Infrastructure,168.60,169.50,168.60,169.50,169.50,169.57,,169.50,,,250000,42175000.00,4,F1,25000,,,,,
2026-06-30,2026-06-30,CM,BSE,STK,543226,INF789F1AUV1,BANKBETA,B,,,,,UTI Mutual Fund,59.32,59.85,59.32,59.55,59.61,59.92,,59.58,,,2018,120471.00,56,F1,1,,,,,
2026-06-30,2026-06-30,CM,BSE,STK,543227,INE419U01012,HAPPSTMNDS,A,,,,,Happiest Minds Technologies Li,340.05,343.40,335.30,340.90,340.90,337.70,,341.05,,,30911,10476524.00,1180,F1,1,,,,,
2026-06-30,2026-06-30,CM,BSE,STK,543228,INE450U01017,ROUTE,B,,,,,Route Mobile Limited,519.65,525.15,517.35,518.30,519.50,518.85,,519.00,,,5212,2715626.00,221,F1,1,,,,,
2026-06-30,2026-06-30,CM,BSE,STK,543229,INE412J01010,SAMRATFORG,X,,,,,Samrat Forgings Limited,236.20,237.00,236.20,236.20,236.20,248.60,,236.20,,,26,6150.00,6,F1,1,,,,,
2026-06-30,2026-06-30,CM,BSE,STK,543230,INE0ALI01010,ADVAIT,B,,,,,ADVAIT ENERGY TRANSITIONS LIMI,2258.00,2320.00,2254.95,2293.45,2309.95,2259.55,,2298.60,,,4555,10432469.00,671,F1,1,,,,,
2026-06-30,2026-06-30,CM,BSE,STK,543232,INE596I01020,CAMS,A,,,,,Computer Age Management Servic,781.25,801.70,781.25,796.40,796.40,788.20,,796.85,,,183449,145481432.00,1948,F1,1,,,,,
2026-06-30,2026-06-30,CM,BSE,STK,543233,INE03YM01018,CHEMCON,T,,,,,Chemcon Speciality Chemicals L,180.60,191.70,180.60,186.85,187.00,189.45,,186.21,,,2632,488946.00,71,F1,1,,,,,
2026-06-30,2026-06-30,CM,BSE,STK,543234,INE0BTM01013,SECMARK,B,,,,,Secmark Consultancy Limited,125.65,125.65,125.40,125.40,125.40,126.00,,125.31,,,180,22573.00,8,F1,1,,,,,
2026-06-30,2026-06-30,CM,BSE,STK,543235,INE732I01021,ANGELONE,A,,,,,ANGEL ONE LIMITED,329.10,333.45,328.30,330.65,329.60,328.75,,330.65,,,236896,78390130.00,2689,F1,1,,,,,
2026-06-30,2026-06-30,CM,BSE,STK,543236,INE09KD01013,ATAM,B,,,,,Atam Valves Limited,70.01,70.92,66.51,68.40,68.40,71.06,,68.07,,,2338,161042.00,73,F1,1,,,,,
2026-06-30,2026-06-30,CM,BSE,STK,543237,INE249Z01020,MAZDOCK,A,,,,,Mazagon Dock Shipbuilders Limi,2460.00,2538.00,2451.85,2495.95,2495.95,2447.00,,2496.60,,,115293,288054275.00,7542,F1,1,,,,,
2026-06-30,2026-06-30,CM,BSE,STK,543238,INE094J01016,UTIAMC,A,,,,,UTI Asset Management Company L,939.70,945.00,928.00,935.85,934.95,926.40,,935.10,,,9999,9354557.00,470,F1,1,,,,,
2026-06-30,2026-06-30,CM,BSE,STK,543239,INE0E2801015,GMPL,M,,,,,G M Polyplast Limited,70.00,70.00,70.00,70.00,70.00,68.90,,70.00,,,1400,98000.00,2,F1,700,,,,,
2026-06-30,2026-06-30,CM,BSE,STK,543240,INE060901027,LIKHITHA,T,,,,,Likhitha Infrastructure Limite,275.90,279.00,256.10,265.10,270.00,269.55,,265.54,,,25627,6981521.00,196,F1,1,,,,,
2026-06-30,2026-06-30,CM,BSE,STK,543241,INE244W01010,VGIL,T,,,,,Veer Global Infraconstruction,144.95,144.95,143.50,144.80,144.95,144.55,,144.80,,,1865,269192.00,25,F1,1,,,,,
2026-06-30,2026-06-30,CM,BSE,STK,543242,INE0AJG01018,HEMIPROP,B,,,,,Hemisphere Properties India Li,141.00,141.00,138.05,138.30,138.30,138.75,,138.65,,,25745,3583923.00,335,F1,1,,,,,
2026-06-30,2026-06-30,CM,BSE,STK,543243,INE063P01018,EQUITASBNK,A,,,,,Equitas Small Finance Bank Lim,75.58,76.00,73.86,75.50,75.50,74.64,,75.42,,,111126,8346642.00,811,F1,1,,,,,
2026-06-30,2026-06-30,CM,BSE,STK,543244,INE0BLY01023,SHINEFASH,MT,,,,,Shine Fashions (India) Limited,22.79,22.79,22.79,22.79,22.79,23.98,,22.79,,,4000,91160.00,1,F1,4000,,,,,
2026-06-30,2026-06-30,CM,BSE,STK,543245,INE068V01023,GLAND,A,,,,,Gland Pharma Limited,2385.00,2529.30,2385.00,2483.45,2472.00,2371.90,,2493.40,,,252659,626063604.00,7994,F1,1,,,,,
2026-06-30,2026-06-30,CM,BSE,STK,543246,INF769K01GS9,ESG,B,,,,,Mirae Asset Mutual Fund,40.90,40.95,40.81,40.82,40.93,41.00,,40.79,,,1326,54183.00,11,F1,1,,,,,
2026-06-30,2026-06-30,CM,BSE,STK,543248,INE07T201019,RBA,A,,,,,Restaurant Brands Asia Limited,80.64,80.64,78.90,79.16,78.90,79.47,,79.18,,,81338,6469538.00,351,F1,1,,,,,
2026-06-30,2026-06-30,CM,BSE,STK,543249,INE0EK901012,TARC,B,,,,,TARC LIMITED,123.95,127.50,123.10,126.35,126.05,124.00,,126.45,,,20013,2498567.00,250,F1,1,,,,,
2026-06-30,2026-06-30,CM,BSE,STK,543250,INF247L01AK4,MOGSEC,F,,,,,Motilal Oswal Mutual Fund,64.70,64.87,64.69,64.86,64.86,64.66,,64.86,,,110,7128.00,67,F1,1,,,,,
2026-06-30,2026-06-30,CM,BSE,STK,543251,INE09E501017,RVHL,B,,,,,Ravinder Heights Limited,45.48,46.00,43.87,44.33,44.20,47.03,,44.16,,,249,11198.00,27,F1,1,,,,,
2026-06-30,2026-06-30,CM,BSE,STK,543252,INE0DNW01011,FAIRCHEMOR,B,,,,,Fairchem Organics Limited,649.75,681.95,649.75,670.80,667.00,644.55,,670.30,,,2871,1921340.00,408,F1,1,,,,,
2026-06-30,2026-06-30,CM,BSE,STK,543253,INE495P01020,BECTORFOOD,A,,,,,Mrs. Bectors Food Specialities,181.85,182.10,178.00,179.70,179.15,179.85,,179.39,,,35913,6483264.00,680,F1,1,,,,,
2026-06-30,2026-06-30,CM,BSE,STK,543254,INE01BK01022,AWHCL,B,,,,,Antony Waste Handling Cell Lim,470.25,476.05,467.30,468.35,468.60,470.25,,468.50,,,3062,1436964.00,127,F1,1,,,,,
2026-06-30,2026-06-30,CM,BSE,STK,543255,INF732E01268,INFRABEES,B,,,,,Nippon India Mutual Fund,970.12,975.82,967.09,970.25,972.76,970.03,,969.20,,,1051,1019814.00,337,F1,1,,,,,
2026-06-30,2026-06-30,CM,BSE,STK,543256,INE018S01016,RFLL,X,,,,,RITA FINANCE AND LEASING LIMIT,11.98,12.48,11.95,12.09,12.48,11.98,,12.09,,,1562,18866.00,14,F1,1,,,,,
2026-06-30,2026-06-30,CM,BSE,STK,543257,INE053F01010,IRFC,A,,,,,Indian Railway Finance Corpora,90.72,91.43,90.19,90.51,90.51,90.63,,90.53,,,1773369,160616479.00,13744,F1,1,,,,,
2026-06-30,2026-06-30,CM,BSE,STK,543258,INE09VQ01012,INDIGOPNTS,B,,,,,Indigo Paints Limited,1037.80,1037.80,1012.25,1015.25,1013.00,1020.20,,1015.25,,,2313,2352499.00,162,F1,1,,,,,
2026-06-30,2026-06-30,CM,BSE,STK,543259,INE481N01025,HOMEFIRST,A,,,,,Home First Finance Company Ind,1169.20,1178.20,1134.60,1137.80,1137.30,1169.15,,1139.30,,,9800,11292552.00,731,F1,1,,,,,
2026-06-30,2026-06-30,CM,BSE,STK,543260,INE00IN01015,STOVEKRAFT,B,,,,,STOVE KRAFT LIMITED,794.90,794.90,764.35,775.35,777.20,778.20,,775.50,,,5043,3921453.00,344,F1,1,,,,,
2026-06-30,2026-06-30,CM,BSE,STK,543261,INE0FDU25010,BIRET,IF,,,,,Brookfield India Real Estate T,324.89,333.05,324.50,331.40,330.37,323.91,,331.05,,,13648,4481544.00,567,F1,1,,,,,
2026-06-30,2026-06-30,CM,BSE,STK,543262,INE0D7801012,MRP,M,,,,,MRP Agro Limited,90.00,90.01,90.00,90.00,90.00,89.49,,90.00,,,5000,450020.00,5,F1,1000,,,,,
2026-06-30,2026-06-30,CM,BSE,STK,543263,INE103C01036,SMCGLOBAL,B,,,,,SMC Global Securities Limited,71.00,71.00,69.63,70.27,70.45,70.87,,70.24,,,20585,1444871.00,124,F1,1,,,,,
2026-06-30,2026-06-30,CM,BSE,STK,543264,INE0DSF01015,NURECA,B,,,,,Nureca Limited,234.20,246.25,234.00,234.00,234.00,234.20,,237.40,,,385,90379.00,20,F1,1,,,,,
2026-06-30,2026-06-30,CM,BSE,STK,543265,INE0DD101019,RAILTEL,A,,,,,RailTel Corporation of India L,308.05,311.90,306.95,307.65,307.65,306.25,,307.90,,,58510,18074065.00,1407,F1,1,,,,,
2026-06-30,2026-06-30,CM,BSE,STK,543266,INE694N01015,HERANBA,B,,,,,Heranba Industries Limited,182.25,183.25,178.50,179.50,180.00,180.90,,179.49,,,2537,456599.00,114,F1,1,,,,,
2026-06-30,2026-06-30,CM,BSE,STK,543267,INE179G01029,DAVANGERE,B,,,,,Davangere Sugar Company Limite,3.62,3.62,3.56,3.58,3.58,3.60,,3.57,,,242042,867136.00,224,F1,1,,,,,
2026-06-30,2026-06-30,CM,BSE,STK,543268,INE03RS01027,DRCSYSTEMS,B,,,,,DRC Systems India Limited,14.30,14.72,14.16,14.44,14.50,13.96,,14.41,,,3038,43834.00,20,F1,1,,,,,
2026-06-30,2026-06-30,CM,BSE,STK,543270,INE864I01014,MTARTECH,T,,,,,MTAR Technologies Limited,7201.00,7900.00,7186.15,7617.80,7617.80,7564.35,,7620.50,,,23553,173611075.00,3287,F1,1,,,,,
2026-06-30,2026-06-30,CM,BSE,STK,543271,INE0BY001018,JUBLINGREA,A,,,,,Jubilant Ingrevia Limited,610.20,612.45,600.65,608.75,611.25,610.95,,608.20,,,11876,7194680.00,535,F1,1,,,,,
2026-06-30,2026-06-30,CM,BSE,STK,543272,INE07O001026,EASEMYTRIP,A,,,,,Easy Trip Planners Limited,7.05,7.12,6.87,6.90,6.90,7.03,,6.90,,,2889919,20143889.00,2544,F1,1,,,,,
2026-06-30,2026-06-30,CM,BSE,STK,543273,INE0CJD01029,KMEW,B,,,,,Knowledge Marine & Engineering,2260.95,2316.00,2235.00,2293.75,2310.75,2228.40,,2292.10,,,9964,22573432.00,1077,F1,1,,,,,
2026-06-30,2026-06-30,CM,BSE,STK,543275,INE930P01018,ANURAS,A,,,,,Anupam Rasayan India Limited,1274.90,1277.85,1257.85,1263.30,1266.40,1275.50,,1264.40,,,1548,1970912.00,128,F1,1,,,,,
2026-06-30,2026-06-30,CM,BSE,STK,543276,INE00LO01017,CRAFTSMAN,A,,,,,Craftsman Automation Limited,9352.05,9519.85,9255.00,9456.65,9437.75,9391.60,,9460.00,,,2280,21502565.00,417,F1,1,,,,,
2026-06-30,2026-06-30,CM,BSE,STK,543277,INE576O01020,LXCHEM,A,,,,,Laxmi Organic Industries Limit,153.90,156.55,153.90,154.90,154.40,154.30,,154.97,,,38330,5964083.00,510,F1,1,,,,,
2026-06-30,2026-06-30,CM,BSE,STK,543278,INE303R01014,KALYANKJIL,A,,,,,Kalyan Jewellers India Limited,380.90,391.45,376.55,387.00,387.00,377.75,,386.70,,,287032,111084496.00,4006,F1,1,,,,,
2026-06-30,2026-06-30,CM,BSE,STK,543279,INE428Q01011,SURYODAY,B,,,,,Suryoday Small Finance Bank Li,174.45,177.85,173.15,175.35,176.00,173.55,,175.61,,,15826,2773481.00,237,F1,1,,,,,
2026-06-30,2026-06-30,CM,BSE,STK,543280,INE418L01047,NAZARA,A,,,,,Nazara Technologies Limited,303.85,310.75,301.35,303.20,303.00,303.70,,303.10,,,47012,14335814.00,2427,F1,1,,,,,
2026-06-30,2026-06-30,CM,BSE,STK,543281,INE018401013,SUVIDHAA,B,,,,,Suvidhaa Infoserve Limited,2.78,2.87,2.63,2.70,2.70,2.72,,2.69,,,32028,88035.00,58,F1,1,,,,,
2026-06-30,2026-06-30,CM,BSE,STK,543283,INE382M01027,UFBL,B,,,,,UNITED FOODBRANDS LIMITED,623.65,657.55,623.65,644.20,623.65,656.45,,637.65,,,15512,9779950.00,443,F1,1,,,,,
2026-06-30,2026-06-30,CM,BSE,STK,543284,INE0CPR01018,EKI,B,,,,,EKI Energy Services Limited,85.03,86.99,85.00,85.09,85.09,85.15,,85.09,,,10557,902697.00,242,F1,1,,,,,
2026-06-30,2026-06-30,CM,BSE,STK,543285,INE0CQ101015,RCAN,M,,,,,Rajeshwari Cans Limited,18.97,18.99,18.40,18.44,18.44,18.11,,18.44,,,7200,134592.00,11,F1,400,,,,,
2026-06-30,2026-06-30,CM,BSE,STK,543286,INE0D9X01018,JETMALL,MT,,,,,Jetmall Spices and Masala Limi,75.29,75.29,74.00,75.00,75.00,71.71,,75.00,,,42000,3137220.00,6,F1,6000,,,,,
2026-06-30,2026-06-30,CM,BSE,STK,543287,INE670K01029,LODHA,A,,,,,Lodha Developers Limited,958.35,965.70,939.05,954.85,954.85,940.00,,955.25,,,69928,66496692.00,2695,F1,1,,,,,
2026-06-30,2026-06-30,CM,BSE,STK,543288,INE0FHS01024,DEEPINDS,B,,,,,Deep Industries Limited,463.40,464.00,453.55,454.80,454.80,460.95,,454.55,,,11499,5253199.00,254,F1,1,,,,,
2026-06-30,2026-06-30,CM,BSE,STK,543290,INE0GGX23010,PGINVIT,IF,,,,,POWERGRID Infrastructure Inves,93.98,93.98,93.49,93.83,93.84,93.78,,93.79,,,107805,10108433.00,782,F1,1,,,,,
2026-06-30,2026-06-30,CM,BSE,STK,543291,INF769K01HF4,MAFANG,B,,,,,Mirae Asset Mutual Fund,183.10,183.10,183.10,183.10,183.10,185.08,,183.10,,,1495,273734.00,31,F1,1,,,,,
2026-06-30,2026-06-30,CM,BSE,STK,543292,INF109KC1Q72,HEALTHIETF,B,,,,,ICICI Prudential Mutual Fund,165.84,166.89,164.73,166.01,166.80,165.97,,165.71,,,14351,2378959.00,458,F1,1,,,,,
2026-06-30,2026-06-30,CM,BSE,STK,543298,INE505Y01010,VINEETLAB,T,,,,,Vineet Laboratories Limited,33.10,33.50,32.75,33.50,33.50,33.47,,33.80,,,1462,48374.00,14,F1,1,,,,,
2026-06-30,2026-06-30,CM,BSE,STK,543299,INE810G01011,SHYAMMETL,A,,,,,Shyam Metalics and Energy Limi,955.15,958.60,943.55,954.75,954.75,947.00,,950.10,,,6675,6346307.00,305,F1,1,,,,,
2026-06-30,2026-06-30,CM,BSE,STK,543300,INE073K01018,SONACOMS,A,,,,,Sona BLW Precision Forgings Li,620.65,623.40,608.45,619.70,622.00,620.85,,619.90,,,188733,116381462.00,4389,F1,1,,,,,
2026-06-30,2026-06-30,CM,BSE,STK,543306,INE021O01019,DODLA,A,,,,,Dodla Dairy Limited,1138.50,1138.50,1111.70,1119.95,1119.95,1122.00,,1122.70,,,131,146491.00,27,F1,1,,,,,
2026-06-30,2026-06-30,CM,BSE,STK,543308,INE967H01025,KIMS,A,,,,,Krishna Institute of Medical S,806.65,834.00,806.65,813.95,821.40,805.50,,814.60,,,91243,75245708.00,3390,F1,1,,,,,
2026-06-30,2026-06-30,CM,BSE,STK,543309,INE0H8J01015,ADESHWAR,M,,,,,Adeshwar Meditex Limited,15.55,15.55,15.55,15.55,15.55,13.00,,15.55,,,6000,93300.00,1,F1,6000,,,,,
2026-06-30,2026-06-30,CM,BSE,STK,543311,INE0D6701023,IPL,B,,,,,India Pesticides Limited,160.55,164.50,160.55,162.00,163.00,161.35,,162.05,,,12018,1950953.00,185,F1,1,,,,,
2026-06-30,2026-06-30,CM,BSE,STK,543317,INE201P01022,GRINFRA,A,,,,,G R Infraprojects Limited,921.70,935.65,910.55,912.95,914.10,926.15,,915.95,,,2112,1944762.00,189,F1,1,,,,,
2026-06-30,2026-06-30,CM,BSE,STK,543318,INE227W01023,CLEAN,A,,,,,Clean Science and Technology L,766.65,773.10,759.00,761.10,761.10,768.65,,760.60,,,14582,11139400.00,739,F1,1,,,,,
2026-06-30,2026-06-30,CM,BSE,STK,543319,INE0C5901022,AAPLUSTRAD,M,,,,,AA Plus Tradelink Limited,1.10,1.10,1.09,1.10,1.10,1.05,,1.10,,,3520000,3871200.00,42,F1,80000,,,,,
2026-06-30,2026-06-30,CM,BSE,STK,543320,INE758T01015,ETERNAL,A,,,,,Eternal Limited,259.65,266.65,257.35,264.65,264.65,259.30,,264.60,,,1260105,330122115.00,6759,F1,1,,,,,
2026-06-30,2026-06-30,CM,BSE,STK,543321,INE0GK401011,TATVA,B,,,,,Tatva Chintan Pharma Chem Limi,1184.95,1215.90,1182.15,1194.50,1190.10,1186.40,,1194.30,,,1463,1749597.00,209,F1,1,,,,,
2026-06-30,2026-06-30,CM,BSE,STK,543322,INE03Q201024,ALIVUS,A,,,,,ALIVUS LIFE SCIENCES LIMITED,1134.75,1176.00,1121.80,1156.05,1153.40,1120.45,,1156.50,,,24984,28793760.00,1802,F1,1,,,,,
2026-06-30,2026-06-30,CM,BSE,STK,543323,INF769K01HI8,BFSI,B,,,,,Mirae Asset Mutual Fund,27.74,27.74,27.50,27.60,27.59,27.63,,27.56,,,17943,496775.00,639,F1,1,,,,,
2026-06-30,2026-06-30,CM,BSE,STK,543324,INE199P01028,GCSL,B,,,,,Gretex Corporate Services Limi,419.70,436.00,419.15,428.90,427.70,419.00,,430.75,,,15277,6561927.00,149,F1,1,,,,,
2026-06-30,2026-06-30,CM,BSE,STK,543325,INE645S01024,ROLEXRINGS,B,,,,,Rolex Rings Limited,148.60,149.95,148.35,149.45,149.40,147.65,,149.57,,,81345,12133491.00,731,F1,1,,,,,
2026-06-30,2026-06-30,CM,BSE,STK,543326,INF109KC19V3,FMCGIETF,B,,,,,ICICI Prudential Mutual Fund,53.87,53.87,52.00,52.40,52.40,52.56,,52.35,,,117239,6132531.00,243,F1,1,,,,,
2026-06-30,2026-06-30,CM,BSE,STK,543327,INE0GFE01026,EXXARO,B,,,,,Exxaro Tiles Limited,6.54,6.86,6.16,6.69,6.69,6.64,,6.69,,,45087,297705.00,121,F1,1,,,,,
2026-06-30,2026-06-30,CM,BSE,STK,543328,INE08LI01020,KRSNAA,B,,,,,Krsnaa Diagnostics Limited,540.00,550.45,534.45,543.80,547.00,540.15,,543.80,,,2457,1333852.00,194,F1,1,,,,,
2026-06-30,2026-06-30,CM,BSE,STK,543329,INE0H5O01029,WINDLAS,B,,,,,Windlas Biotech Limited,862.10,878.20,850.40,857.80,850.40,858.00,,859.25,,,1686,1458182.00,216,F1,1,,,,,
2026-06-30,2026-06-30,CM,BSE,STK,543330,INE872J01023,DEVYANI,A,,,,,Devyani International Limited,111.15,113.80,110.70,111.50,111.20,111.00,,111.37,,,178842,20037914.00,920,F1,1,,,,,
2026-06-30,2026-06-30,CM,BSE,STK,543331,INE0CT101020,MOL,B,,,,,Meghmani Organics Limited,48.25,49.65,48.25,48.59,48.75,48.18,,48.69,,,22748,1116749.00,185,F1,1,,,,,
2026-06-30,2026-06-30,CM,BSE,STK,543332,INE071N01016,EPIGRAL,A,,,,,Epigral Limited,1110.00,1110.70,1080.00,1086.40,1086.40,1113.10,,1084.20,,,2668,2927510.00,352,F1,1,,,,,
2026-06-30,2026-06-30,CM,BSE,STK,543333,INE290S01011,CARTRADE,A,,,,,CarTrade Tech Limited,2660.60,2703.65,2586.00,2692.70,2692.70,2657.65,,2693.00,,,21821,58219733.00,1622,F1,1,,,,,
2026-06-30,2026-06-30,CM,BSE,STK,543334,INE118D01016,NUVOCO,A,,,,,Nuvoco Vistas Corporation Limi,301.95,305.15,301.35,303.05,303.50,304.00,,303.05,,,6002,1819057.00,180,F1,1,,,,,
2026-06-30,2026-06-30,CM,BSE,STK,543335,INE852O01025,APTUS,A,,,,,Aptus Value Housing Finance In,270.30,281.00,267.70,279.05,279.05,267.00,,278.85,,,77284,21380648.00,1269,F1,1,,,,,
2026-06-30,2026-06-30,CM,BSE,STK,543336,INE488A01050,CHEMPLASTS,B,,,,,Chemplast Sanmar Limited,200.45,200.60,196.30,198.20,197.55,200.15,,198.05,,,5833,1156483.00,238,F1,1,,,,,
2026-06-30,2026-06-30,CM,BSE,STK,543341,INE647W01014,SHARPLINE,X,,,,,SHARPLINE BROADCAST LIMITED,10.18,11.00,10.18,10.99,10.99,10.18,,10.99,,,418,4401.00,7,F1,1,,,,,
2026-06-30,2026-06-30,CM,BSE,STK,543347,INF846K01Y96,AXISTECETF,B,,,,,Axis Mutual Fund,291.74,291.74,288.06,288.52,288.06,298.03,,289.66,,,31,9024.00,4,F1,1,,,,,
2026-06-30,2026-06-30,CM,BSE,STK,543349,INE00FF01025,ACUTAAS,A,,,,,ACUTAAS CHEMICALS LIMITED,3599.70,3599.70,3442.05,3525.80,3525.00,3548.30,,3526.20,,,13285,46427411.00,1414,F1,1,,,,,
2026-06-30,2026-06-30,CM,BSE,STK,543350,INE043W01024,VIJAYA,A,,,,,Vijaya Diagnostic Centre Limit,1312.00,1413.70,1298.00,1355.40,1352.00,1313.75,,1352.70,,,81822,112569586.00,4261,F1,1,,,,,
2026-06-30,2026-06-30,CM,BSE,STK,543351,INE0GOA01018,NBL,TS,,,,,Naapbooks Limited,146.00,146.00,141.20,141.20,141.20,148.56,,141.20,,,9600,1381740.00,8,F1,1200,,,,,
2026-06-30,2026-06-30,CM,BSE,STK,543358,INE953O01021,SANSERA,A,,,,,Sansera Engineering Limited,3146.40,3225.50,3146.40,3193.50,3182.00,3146.40,,3196.10,,,113537,361990843.00,2056,F1,1,,,,,
2026-06-30,2026-06-30,CM,BSE,STK,543363,INE0GAO01018,PREVEST,M,,,,,Prevest Denpro Limited,372.00,383.65,371.10,376.10,375.30,372.90,,376.10,,,4800,1798730.00,21,F1,200,,,,,
2026-06-30,2026-06-30,CM,BSE,STK,543364,INE0FW001016,MARKOLINES,B,,,,,Markolines Pavement Technologi,179.05,182.05,177.25,180.55,180.50,178.80,,180.58,,,64058,11503653.00,854,F1,1,,,,,
2026-06-30,2026-06-30,CM,BSE,STK,543365,INF769K01HP3,MASPTOP50,B,,,,,Mirae Asset Mutual Fund,75.75,75.75,75.75,75.75,75.75,76.21,,75.75,,,585,44313.00,10,F1,1,,,,,
2026-06-30,2026-06-30,CM,BSE,STK,543366,INE0DLM01024,SBLI,MT,,,,,SBL Infratech Limited,42.60,42.70,42.60,42.70,42.70,43.25,,42.70,,,3600,153480.00,2,F1,1200,,,,,
2026-06-30,2026-06-30,CM,BSE,STK,543367,INE045601023,PARAS,A,,,,,Paras Defence and Space Techno,1194.75,1299.00,1194.70,1289.25,1289.25,1183.80,,1289.05,,,398504,501669031.00,14921,F1,1,,,,,
2026-06-30,2026-06-30,CM,BSE,STK,543373,INE0HLJ01013,SVRL,MT,,,,,Shri Venkatesh Refineries Limi,275.75,289.00,274.00,288.90,289.00,275.75,,288.90,,,33000,9387750.00,37,F1,500,,,,,
2026-06-30,2026-06-30,CM,BSE,STK,543374,INE404A01024,ABSLAMC,A,,,,,Aditya Birla Sun Life AMC Limi,1136.15,1165.00,1122.70,1152.85,1165.00,1161.45,,1154.60,,,78220,88813419.00,3455,F1,1,,,,,
2026-06-30,2026-06-30,CM,BSE,STK,543376,INE0GD201014,SAMOR,B,,,,,Samor Reality Limited,102.50,102.50,92.95,99.50,99.50,97.70,,99.50,,,510,51228.00,10,F1,1,,,,,
2026-06-30,2026-06-30,CM,BSE,STK,543377,INE0CWK01019,ADISHAKTI,M,,,,,Adishakti Loha and Ispat Limit,13.46,13.46,12.00,12.71,12.75,12.80,,12.71,,,110000,1401700.00,10,F1,10000,,,,,
2026-06-30,2026-06-30,CM,BSE,STK,543378,INE0H8H01019,CWD,MS,,,,,CWD Limited,316.00,334.00,316.00,328.00,328.00,318.10,,328.00,,,30000,9804950.00,46,F1,500,,,,,
2026-06-30,2026-06-30,CM,BSE,STK,543383,INF109KC1V42,CONSUMIETF,B,,,,,ICICI Prudential Mutual Fund,118.29,119.61,118.29,119.14,119.14,119.23,,119.32,,,226,26950.00,9,F1,1,,,,,
2026-06-30,2026-06-30,CM,BSE,STK,543384,INE388Y01029,NYKAA,A,,,,,FSN E-Commerce Ventures Limite,304.95,312.90,301.65,310.85,310.85,302.25,,310.85,,,519258,160632196.00,4871,F1,1,,,,,
2026-06-30,2026-06-30,CM,BSE,STK,543386,INE02NC01014,FINOPB,B,,,,,Fino Payments Bank Limited,146.10,146.30,143.00,143.40,143.20,145.60,,143.29,,,16825,2431451.00,293,F1,1,,,,,
2026-06-30,2026-06-30,CM,BSE,STK,543387,INE284S01014,SJS,A,,,,,S.J.S. Enterprises Limited,2216.55,2260.00,2197.95,2216.90,2222.90,2208.75,,2218.00,,,4879,10883098.00,627,F1,1,,,,,
2026-06-30,2026-06-30,CM,BSE,STK,543388,INF740KA1QK2,EQUAL50ADD,B,,,,,DSP Mutual Fund,335.27,338.53,335.27,338.46,338.46,337.58,,337.63,,,328,110816.00,29,F1,1,,,,,
2026-06-30,2026-06-30,CM,BSE,STK,543389,INE0D0K01022,SIGACHI,T,,,,,Sigachi Industries Limited,23.93,23.93,23.93,23.93,23.93,24.41,,23.93,,,12529,299818.00,73,F1,1,,,,,
2026-06-30,2026-06-30,CM,BSE,STK,543390,INE417T01026,POLICYBZR,A,,,,,PB Fintech Limited,1632.35,1657.80,1611.00,1629.10,1630.00,1624.25,,1628.60,,,83795,136820598.00,2980,F1,1,,,,,
2026-06-30,2026-06-30,CM,BSE,STK,543391,INE07GA01011,SGFRL,M,,,,,Suyog Gurbaxani Funicular Rope,88.50,95.65,88.50,95.65,95.65,92.55,,95.65,,,13500,1225912.00,18,F1,750,,,,,
2026-06-30,2026-06-30,CM,BSE,STK,543396,INE982J01020,PAYTM,A,,,,,One 97 Communications Limited,1126.20,1159.00,1126.20,1142.85,1142.85,1133.50,,1141.50,,,133173,152262790.00,7059,F1,1,,,,,
2026-06-30,2026-06-30,CM,BSE,STK,543397,INE806T01020,SAPPHIRE,A,,,,,Sapphire Foods India Limited,180.40,183.10,178.60,181.05,180.00,180.30,,180.75,,,16139,2930701.00,642,F1,1,,,,,
2026-06-30,2026-06-30,CM,BSE,STK,543398,INE0I7C01011,LATENTVIEW,A,,,,,Latent View Analytics Limited,279.20,281.00,268.35,270.65,270.65,280.05,,270.80,,,77352,21093562.00,2124,F1,1,,,,,
2026-06-30,2026-06-30,CM,BSE,STK,543399,INE144Z01023,TARSONS,B,,,,,Tarsons Products Limited,261.00,274.30,260.65,268.00,270.00,261.85,,267.99,,,21534,5759781.00,674,F1,1,,,,,
2026-06-30,2026-06-30,CM,BSE,STK,543400,INE0JFE01012,OMNIPOTENT,M,,,,,Omnipotent Industries Limited,2.74,2.74,2.74,2.74,2.74,2.74,,2.74,,,2000,5480.00,1,F1,2000,,,,,
2026-06-30,2026-06-30,CM,BSE,STK,543401,INE0BJS01011,GOCOLORS,B,,,,,Go Fashion (India) Limited,383.65,404.55,381.00,392.60,390.70,385.45,,393.45,,,228263,89870139.00,2536,F1,1,,,,,
2026-06-30,2026-06-30,CM,BSE,STK,543411,INE106T01025,HITECH,B,,,,,HI-TECH PIPES LIMITED,90.13,91.19,87.75,88.04,88.04,90.49,,87.99,,,90096,8035931.00,919,F1,1,,,,,
2026-06-30,2026-06-30,CM,BSE,STK,543412,INE575P01011,STARHEALTH,A,,,,,Star Health and Allied Insuran,587.25,594.55,575.90,589.35,589.50,584.00,,588.95,,,26375,15457202.00,753,F1,1,,,,,
2026-06-30,2026-06-30,CM,BSE,STK,543413,INE011K01018,TEGA,A,,,,,Tega Industries Limited,1688.00,1705.70,1688.00,1694.85,1694.00,1704.50,,1696.80,,,655,1109713.00,106,F1,1,,,,,
2026-06-30,2026-06-30,CM,BSE,STK,543414,INF769K01HS7,MAHKTECH,B,,,,,Mirae Asset Mutual Fund,21.36,21.36,21.36,21.36,21.36,21.78,,21.36,,,6432,137387.00,27,F1,1,,,,,
2026-06-30,2026-06-30,CM,BSE,STK,543415,INE463V01026,ANANDRATHI,A,,,,,Anand Rathi Wealth Limited,2007.80,2031.65,1958.00,1975.05,1982.45,1987.80,,1976.60,,,18725,37171753.00,874,F1,1,,,,,
2026-06-30,2026-06-30,CM,BSE,STK,543416,INE761Y01019,ZODIAC,T,,,,,Zodiac Energy Limited,279.15,279.15,272.10,275.65,277.15,273.80,,275.80,,,762,210929.00,28,F1,1,,,,,
2026-06-30,2026-06-30,CM,BSE,STK,543417,INE0CLI01024,RATEGAIN,A,,,,,RateGain Travel Technologies L,873.50,900.55,856.65,899.05,898.00,864.20,,899.15,,,14367,12765552.00,687,F1,1,,,,,
2026-06-30,2026-06-30,CM,BSE,STK,543418,INF754K01OB1,BBETF0432,F,,,,,Edelweiss Mutual Fund,1350.00,1353.63,1343.17,1348.11,1347.00,1351.74,,1351.24,,,158,212838.00,21,F1,1,,,,,
2026-06-30,2026-06-30,CM,BSE,STK,543419,INE217L01019,SHRIRAMPPS,B,,,,,Shriram Properties Limited,87.41,88.50,87.17,88.01,88.20,87.26,,88.05,,,16179,1420435.00,163,F1,1,,,,,
2026-06-30,2026-06-30,CM,BSE,STK,543420,INE982V01025,JETFREIGHT,B,,,,,Jet Freight Logistics Limited,22.40,22.40,21.50,21.75,21.88,21.44,,21.65,,,4400,96415.00,40,F1,1,,,,,
2026-06-30,2026-06-30,CM,BSE,STK,543425,INE0BV301023,MAPMYINDIA,A,,,,,C.E. Info Systems Limited,827.25,834.35,808.00,810.40,810.40,818.75,,809.75,,,14041,11430681.00,1067,F1,1,,,,,
2026-06-30,2026-06-30,CM,BSE,STK,543426,INE317I01021,METROBRAND,A,,,,,Metro Brands Limited,1023.70,1032.00,1000.05,1004.50,1007.00,1023.70,,1004.80,,,1714,1736364.00,150,F1,1,,,,,
2026-06-30,2026-06-30,CM,BSE,STK,543427,INE804L01022,MEDPLUS,A,,,,,Medplus Health Services Limite,805.20,838.00,798.35,811.05,813.10,801.00,,810.75,,,9174,7509423.00,507,F1,1,,,,,
2026-06-30,2026-06-30,CM,BSE,STK,543428,INE0IX101010,DATAPATTNS,A,,,,,Data Patterns (India) Limited,4490.00,4535.60,4433.60,4507.85,4507.85,4471.10,,4502.10,,,37553,168409033.00,3158,F1,1,,,,,
2026-06-30,2026-06-30,CM,BSE,STK,543433,INE0GSL01024,HPAL,B,,,,,HP Adhesives Limited,35.66,35.66,35.00,35.42,35.42,35.07,,35.17,,,589,20828.00,20,F1,1,,,,,
2026-06-30,2026-06-30,CM,BSE,STK,543434,INE07RO01027,SUPRIYA,A,,,,,Supriya Lifescience Limited,984.00,1040.75,966.60,1017.30,1020.00,971.10,,1018.00,,,45606,45830374.00,2280,F1,1,,,,,
2026-06-30,2026-06-30,CM,BSE,STK,543437,INF247L01AU3,MONQ50,B,,,,,Motilal Oswal Mutual Fund,144.38,144.38,144.38,144.38,144.38,144.36,,144.38,,,1264,182496.00,15,F1,1,,,,,
2026-06-30,2026-06-30,CM,BSE,STK,543438,INF740KA1QL0,MIDQ50ADD,B,,,,,DSP Mutual Fund,246.94,246.94,245.17,246.00,246.00,246.45,,246.56,,,388,95387.00,15,F1,1,,,,,
2026-06-30,2026-06-30,CM,BSE,STK,543440,INF740KA1CL0,NIFTYADD,B,,,,,DSP Mutual Fund,251.94,252.36,250.66,250.91,250.66,251.25,,251.57,,,1045,262372.00,21,F1,1,,,,,
2026-06-30,2026-06-30,CM,BSE,STK,543441,INE925R01014,CMSINFO,A,,,,,CMS Info Systems Limited,292.80,293.10,279.60,280.85,280.85,294.30,,280.60,,,130857,37815613.00,1952,F1,1,,,,,
2026-06-30,2026-06-30,CM,BSE,STK,543442,INE977Y01011,BCONCEPTS,B,,,,,Brand Concepts Limited,180.30,185.00,176.95,181.45,180.00,180.30,,181.24,,,2364,426531.00,131,F1,1,,,,,
2026-06-30,2026-06-30,CM,BSE,STK,543449,INE02WG01024,WEL,B,,,,,WONDER ELECTRICALS LIMITED,100.00,107.62,100.00,102.08,102.24,99.17,,102.14,,,53692,5561988.00,502,F1,1,,,,,
2026-06-30,2026-06-30,CM,BSE,STK,543450,INF109KC10V2,AUTOIETF,B,,,,,ICICI Prudential Mutual Fund,27.10,27.52,26.96,27.28,27.52,27.30,,27.37,,,11745,319937.00,362,F1,1,,,,,
2026-06-30,2026-06-30,CM,BSE,STK,543452,INF109KC1Y56,SILVERIETF,E,,,,,ICICI Prudential Mutual Fund,217.01,223.35,215.01,222.34,222.00,216.84,,222.26,,,1027167,226940573.00,9634,F1,1,,,,,
2026-06-30,2026-06-30,CM,BSE,STK,543453,INE0KA601012,ALKOSIGN,M,,,,,ALKOSIGN LIMITED,58.45,60.00,58.45,60.00,60.00,54.50,,60.00,,,22500,1332821.00,14,F1,1125,,,,,
2026-06-30,2026-06-30,CM,BSE,STK,543454,INF769K01IB1,MAKEINDIA,B,,,,,Mirae Asset Mutual Fund,160.00,161.97,160.00,161.67,161.67,160.80,,161.33,,,3967,636585.00,24,F1,1,,,,,
2026-06-30,2026-06-30,CM,BSE,STK,543458,INE699H01024,AWL,A,,,,,AWL AGRI BUSINESS LIMITED,183.40,184.25,179.85,183.50,183.50,182.35,,183.60,,,139275,25321534.00,1543,F1,1,,,,,
2026-06-30,2026-06-30,CM,BSE,STK,543461,INE0JNA01014,SSTL,M,,,,,Safa Systems & Technologies Li,20.05,21.25,19.10,19.10,19.10,20.00,,19.10,,,20000,402000.00,4,F1,5000,,,,,
2026-06-30,2026-06-30,CM,BSE,STK,543462,INE060X01034,DEVIT,B,,,,,DEV INFORMATION TECHNOLOGY LIM,25.48,30.23,25.48,28.55,28.54,25.76,,28.52,,,47863,1388860.00,375,F1,1,,,,,
2026-06-30,2026-06-30,CM,BSE,STK,543463,INE825V01034,MANYAVAR,A,,,,,Vedant Fashions Limited,413.80,413.80,405.90,407.65,408.30,411.25,,408.30,,,2465,1007961.00,143,F1,1,,,,,
2026-06-30,2026-06-30,CM,BSE,STK,543464,INE0JSJ01014,SPITZE,M,,,,,Maruti Interior Products Limit,64.99,64.99,59.50,60.01,60.01,62.84,,60.01,,,13000,792580.00,13,F1,1000,,,,,
2026-06-30,2026-06-30,CM,BSE,STK,543465,INF247L01BK2,MOMOMENTUM,B,,,,,Motilal Oswal Mutual Fund,63.28,63.28,62.20,62.64,62.50,63.50,,62.52,,,5944,371543.00,78,F1,1,,,,,
2026-06-30,2026-06-30,CM,BSE,STK,543471,INF209KB19F6,SILVER,E,,,,,Aditya Birla Sun Life Mutual F,222.84,223.36,215.23,222.18,222.70,217.41,,222.03,,,100935,22263418.00,3375,F1,1,,,,,
2026-06-30,2026-06-30,CM,BSE,STK,543472,INF209KB11D8,TECH,B,,,,,Aditya Birla Sun Life Mutual F,29.35,30.58,28.70,30.52,30.58,29.72,,29.19,,,12481,374439.00,78,F1,1,,,,,
2026-06-30,2026-06-30,CM,BSE,STK,543473,INF209KB10C2,HEALTHY,B,,,,,Aditya Birla Sun Life Mutual F,16.58,16.72,16.42,16.63,16.63,16.60,,16.61,,,85757,1425486.00,175,F1,1,,,,,
2026-06-30,2026-06-30,CM,BSE,STK,543474,INF209KB19D1,BSLNIFTY,B,,,,,Aditya Birla Sun Life Mutual F,28.75,28.75,27.82,28.00,28.10,28.05,,28.04,,,8693,243130.00,340,F1,1,,,,,
2026-06-30,2026-06-30,CM,BSE,STK,543480,INF109KC14A8,GSEC5IETF,F,,,,,ICICI Prudential Mutual Fund,66.07,66.20,65.61,66.00,66.20,65.82,,66.15,,,13653,898655.00,26,F1,1,,,,,
2026-06-30,2026-06-30,CM,BSE,STK,543481,INF769K01IC9,MIDCAPETF,B,,,,,Mirae Asset Mutual Fund,23.19,23.55,23.11,23.32,23.30,23.19,,23.28,,,170535,3964141.00,358,F1,1,,,,,
2026-06-30,2026-06-30,CM,BSE,STK,543482,INE0KCE01017,EUREKAFORB,A,,,,,Eureka Forbes Limited,446.05,459.80,444.85,457.60,458.00,443.20,,458.45,,,5445,2452048.00,231,F1,1,,,,,
2026-06-30,2026-06-30,CM,BSE,STK,543489,INE079J01017,GATEWAY,B,,,,,Gateway Distriparks Limited,57.30,59.51,57.05,57.78,57.78,56.95,,57.85,,,85686,5015676.00,787,F1,1,,,,,
2026-06-30,2026-06-30,CM,BSE,STK,543490,INE0CU601026,GMRP&UI,A,,,,,GMR Power and Urban Infra Limi,99.50,99.60,98.95,99.10,99.30,99.05,,99.08,,,66249,6567759.00,503,F1,1,,,,,
2026-06-30,2026-06-30,CM,BSE,STK,543497,INE0KQ001017,BCCL,M,,,,,Bhatia Colour Chem Limited,51.00,51.00,46.55,46.70,46.56,49.00,,46.70,,,12400,595256.00,24,F1,400,,,,,
2026-06-30,2026-06-30,CM,BSE,STK,543498,INE0FS801015,MSUMI,A,,,,,Motherson Sumi Wiring India Li,40.32,40.43,39.48,40.13,40.13,39.89,,40.12,,,981807,39221720.00,3850,F1,1,,,,,
2026-06-30,2026-06-30,CM,BSE,STK,543499,INE0K1401020,ACHYUT,T,,,,,Achyut Healthcare Limited,7.42,7.94,7.20,7.73,7.73,7.57,,7.73,,,518115,3883901.00,794,F1,1,,,,,
2026-06-30,2026-06-30,CM,BSE,STK,543500,INE0JVD01011,EVOQ,MT,,,,,Evoq Remedies Limited,2.39,2.53,2.35,2.53,2.53,2.41,,2.53,,,148000,364160.00,25,F1,4000,,,,,
2026-06-30,2026-06-30,CM,BSE,STK,543501,INF247L01BL0,MOLOWVOL,B,,,,,Motilal Oswal Mutual Fund,37.20,37.74,36.66,36.72,36.72,36.75,,36.64,,,22,809.00,6,F1,1,,,,,
2026-06-30,2026-06-30,CM,BSE,STK,543512,INE652Z01025,AVROIND,B,,,,,Avro India Limited,10.50,10.60,9.56,10.29,10.32,10.22,,10.34,,,65906,680016.00,285,F1,1,,,,,
2026-06-30,2026-06-30,CM,BSE,STK,543513,INE0GIU01018,UMAEXPORTS,T,,,,,Uma Exports Limited,22.77,22.77,22.00,22.30,22.30,22.77,,22.26,,,3835,85682.00,38,F1,1,,,,,
2026-06-30,2026-06-30,CM,BSE,STK,543514,INE0IQ001011,VERANDA,B,,,,,Veranda Learning Solutions Lim,236.00,239.45,234.55,239.00,239.25,233.50,,238.98,,,4304,1025170.00,145,F1,1,,,,,
2026-06-30,2026-06-30,CM,BSE,STK,543515,INE0KPY01017,SEML,MT,,,,,Sunrise Efficient Marketing Li,53.40,56.50,53.35,54.45,55.55,56.15,,54.45,,,6375,348112.00,14,F1,375,,,,,
2026-06-30,2026-06-30,CM,BSE,STK,543516,INE0K5F01014,DHYAANITR,M,,,,,DHYAANI TRADEVENTTURES LIMITED,5.30,5.43,5.25,5.42,5.43,5.30,,5.42,,,58800,315336.00,12,F1,2800,,,,,
2026-06-30,2026-06-30,CM,BSE,STK,543517,INE00EV01017,HARIOMPIPE,B,,,,,Hariom Pipe Industries Limited,392.75,404.25,385.00,403.10,404.00,389.90,,402.85,,,19960,7858904.00,469,F1,1,,,,,
2026-06-30,2026-06-30,CM,BSE,STK,543518,INE0KSN01014,EIGHTY,MT,,,,,Eighty Jewellers Limited,39.90,39.90,39.90,39.90,39.90,38.00,,39.90,,,9000,359100.00,3,F1,3000,,,,,
2026-06-30,2026-06-30,CM,BSE,STK,543520,INE0J2K01014,GLHRL,M,,,,,Global Longlife Hospital and R,11.30,11.83,11.30,11.83,11.83,11.29,,11.83,,,3000,34960.00,3,F1,1000,,,,,
2026-06-30,2026-06-30,CM,BSE,STK,543522,INE0E5R01017,NVENTURES,M,,,,,Nanavati Ventures Limited,109.00,109.00,109.00,109.00,109.00,106.70,,109.00,,,9000,981000.00,1,F1,750,,,,,
2026-06-30,2026-06-30,CM,BSE,STK,543523,INE278Y01022,CAMPUS,A,,,,,Campus Activewear Limited,232.85,236.10,232.30,235.40,235.45,232.35,,235.25,,,12732,2980748.00,451,F1,1,,,,,
2026-06-30,2026-06-30,CM,BSE,STK,543524,INE961O01016,RAINBOW,A,,,,,Rainbow Children's Medicare Li,1408.10,1430.00,1397.00,1412.75,1418.55,1408.05,,1414.20,,,227521,320042011.00,891,F1,1,,,,,
2026-06-30,2026-06-30,CM,BSE,STK,543525,INE625X01026,SILVERTUC,B,,,,,Silver Touch Technologies Limi,177.95,186.95,177.25,185.15,185.15,178.05,,185.50,,,71001,12761490.00,499,F1,1,,,,,
2026-06-30,2026-06-30,CM,BSE,STK,543526,INE0J1Y01017,LICI,A,,,,,LIFE INSURANCE CORPORATION OF,432.05,436.10,428.55,431.80,431.80,431.10,,431.65,,,144410,62455396.00,2648,F1,1,,,,,
2026-06-30,2026-06-30,CM,BSE,STK,543527,INE00F201020,PRUDENT,A,,,,,Prudent Corporate Advisory Ser,2984.30,3005.35,2939.40,2982.15,3005.35,2962.55,,2993.80,,,1073,3178735.00,331,F1,1,,,,,
2026-06-30,2026-06-30,CM,BSE,STK,543528,INE0JA001018,VENUSPIPES,B,,,,,Venus Pipes & Tubes Limited,1718.45,1749.00,1690.05,1728.75,1734.85,1701.85,,1730.40,,,5855,10122056.00,535,F1,1,,,,,
2026-06-30,2026-06-30,CM,BSE,STK,543529,INE148O01028,DELHIVERY,A,,,,,Delhivery Limited,464.60,474.20,463.50,471.95,471.00,463.80,,472.05,,,116632,54640262.00,3279,F1,1,,,,,
2026-06-30,2026-06-30,CM,BSE,STK,543530,INE088F01024,PARADEEP,A,,,,,Paradeep Phosphates Limited,134.30,136.70,133.85,136.05,136.00,134.55,,136.03,,,352174,47699355.00,2094,F1,1,,,,,
2026-06-30,2026-06-30,CM,BSE,STK,543531,INE05CY01014,TIERRA,X,,,,,Tierra Agrotech Limited,43.99,43.99,41.00,42.68,42.88,40.70,,42.68,,,6620,284396.00,35,F1,1,,,,,
2026-06-30,2026-06-30,CM,BSE,STK,543532,INE04TZ01018,ETHOSLTD,A,,,,,ETHOS LIMITED,2484.65,2484.65,2421.85,2457.65,2445.20,2435.85,,2449.20,,,499,1215218.00,83,F1,1,,,,,
2026-06-30,2026-06-30,CM,BSE,STK,543533,INE01QM01018,EMUDHRA,B,,,,,eMudhra Limited,451.45,451.45,439.15,446.00,445.10,441.80,,446.00,,,2141,945770.00,124,F1,1,,,,,
2026-06-30,2026-06-30,CM,BSE,STK,543534,INE0BWX01014,AETHER,A,,,,,Aether Industries Limited,1340.90,1365.00,1324.50,1357.95,1356.00,1343.15,,1359.00,,,21752,29325362.00,1385,F1,1,,,,,
2026-06-30,2026-06-30,CM,BSE,STK,543535,INE082W01014,WEWIN,T,,,,,We Win Limited,47.89,47.89,47.89,47.89,47.89,48.13,,47.95,,,44,2107.00,1,F1,1,,,,,
2026-06-30,2026-06-30,CM,BSE,STK,543536,INE0KXN01014,SILVERPRL,M,,,,,Silver Pearl Hospitality & Lux,4.42,4.42,4.42,4.42,4.42,5.05,,4.42,,,24000,106080.00,3,F1,8000,,,,,
2026-06-30,2026-06-30,CM,BSE,STK,543538,INE0K6L01010,GOEL,MT,,,,,Goel Food Products Limited,13.54,13.54,13.54,13.54,13.54,13.55,,13.54,,,2000,27080.00,1,F1,2000,,,,,
2026-06-30,2026-06-30,CM,BSE,STK,543539,INE0L0L01012,MODIS,B,,,,,MODI'S NAVNIRMAN LIMITED,336.00,338.00,334.00,335.65,334.00,336.65,,335.45,,,190,63809.00,20,F1,1,,,,,
2026-06-30,2026-06-30,CM,BSE,STK,543540,INE0GTX01019,PGCRL,M,,,,,Pearl Green Clubs and Resorts,129.70,129.70,119.00,123.35,129.70,129.75,,123.35,,,18000,2223750.00,23,F1,600,,,,,
2026-06-30,2026-06-30,CM,BSE,STK,543542,INE0L1C01019,KESAR,M,,,,,KESAR INDIA LIMITED,1248.10,1249.90,1219.30,1246.35,1246.45,1246.05,,1246.35,,,18600,23184895.00,97,F1,100,,,,,
2026-06-30,2026-06-30,CM,BSE,STK,543543,INE0IZQ01016,BRRL,M,,,,,B-RIGHT REALESTATE LIMITED,945.00,945.00,900.00,924.00,923.00,939.20,,924.00,,,1800,1654800.00,9,F1,200,,,,,
2026-06-30,2026-06-30,CM,BSE,STK,543544,INE0KR801019,JAYANT,MT,,,,,JAYANT INFRATECH LIMITED,71.99,74.00,70.00,70.00,70.00,70.98,,70.00,,,21750,1539982.00,22,F1,750,,,,,
2026-06-30,2026-06-30,CM,BSE,STK,543545,INE0ID001024,VEERKRUPA,M,,,,,Veerkrupa Jewellers Limited,0.57,0.57,0.57,0.57,0.57,0.57,,0.57,,,33400,19038.00,1,F1,16700,,,,,
2026-06-30,2026-06-30,CM,BSE,STK,543546,INE0L3501015,HEALTHYLIFE,MT,,,,,HEALTHY LIFE AGRITEC LIMITED,7.04,7.54,7.00,7.52,7.54,7.36,,7.52,,,100000,715500.00,36,F1,2000,,,,,
2026-06-30,2026-06-30,CM,BSE,STK,543547,INE0HR601026,DDEVPLSTIK,B,,,,,DDEV PLASTIKS INDUSTRIES LIMIT,269.75,275.10,267.85,271.80,270.85,269.75,,271.64,,,4678,1264103.00,195,F1,1,,,,,
2026-06-30,2026-06-30,CM,BSE,STK,543563,INF247L01BB1,MOHEALTH,B,,,,,Motilal Oswal Mutual Fund,49.69,50.10,49.47,49.82,50.10,49.69,,50.03,,,6311,315287.00,102,F1,1,,,,,
2026-06-30,2026-06-30,CM,BSE,STK,543568,INF109KC17C7,MOM30IETF,B,,,,,ICICI Prudential Mutual Fund,31.90,31.90,31.22,31.50,31.55,31.93,,31.47,,,30042,951480.00,293,F1,1,,,,,
2026-06-30,2026-06-30,CM,BSE,STK,543569,INF179KC1HR4,HDFCNIF100,B,,,,,HDFC Mutual Fund,25.75,25.86,25.75,25.81,25.81,25.70,,25.75,,,1829,47142.00,26,F1,1,,,,,
2026-06-30,2026-06-30,CM,BSE,STK,543570,INF179KC1HS2,HDFCNEXT50,B,,,,,HDFC Mutual Fund,73.90,73.90,72.36,72.91,72.86,72.91,,72.95,,,14589,1062177.00,100,F1,1,,,,,
2026-06-30,2026-06-30,CM,BSE,STK,543571,INF109KC16E5,INFRAIETF,B,,,,,ICICI Prudential Mutual Fund,96.69,97.13,96.19,96.34,96.85,96.75,,96.40,,,8301,800806.00,169,F1,1,,,,,
2026-06-30,2026-06-30,CM,BSE,STK,543572,INF740KA1RE3,SILVERADD,E,,,,,DSP Mutual Fund,207.09,215.62,207.09,214.31,215.00,209.99,,214.48,,,40499,8565645.00,768,F1,1,,,,,
2026-06-30,2026-06-30,CM,BSE,STK,543573,INE0DYJ01015,SYRMA,A,,,,,Syrma SGS Technology Limited,1370.50,1413.70,1370.50,1396.05,1400.00,1368.20,,1396.30,,,77109,107798793.00,2129,F1,1,,,,,
2026-06-30,2026-06-30,CM,BSE,STK,543574,INF209KB15K4,NIFTYQLITY,B,,,,,Aditya Birla Sun Life Mutual F,20.68,20.68,20.36,20.45,20.45,20.56,,20.42,,,264633,5411988.00,176,F1,1,,,,,
2026-06-30,2026-06-30,CM,BSE,STK,543575,INF209KB14K7,MOMENTUM,B,,,,,Aditya Birla Sun Life Mutual F,31.19,31.46,31.13,31.30,31.46,31.89,,31.27,,,6453,201870.00,71,F1,1,,,,,
2026-06-30,2026-06-30,CM,BSE,STK,543576,INF247L01BE5,MOVALUE,B,,,,,Motilal Oswal Mutual Fund,114.63,114.85,114.00,114.59,114.55,114.34,,114.58,,,6226,713297.00,145,F1,1,,,,,
2026-06-30,2026-06-30,CM,BSE,STK,543578,INE0M3901015,OLATECH,M,,,,,Olatech Solutions Limited,81.01,84.50,81.00,84.23,84.50,81.00,,84.23,,,15725,1314101.00,16,F1,925,,,,,
2026-06-30,2026-06-30,CM,BSE,STK,543590,INE0KKN01029,RHETAN,B,,,,,Rhetan TMT Limited,26.85,27.04,26.07,26.29,26.29,26.34,,26.32,,,154984,4101235.00,272,F1,1,,,,,
2026-06-30,2026-06-30,CM,BSE,STK,543591,INE0JS101016,DREAMFOLKS,B,,,,,DREAMFOLKS SERVICES LIMITED,66.89,68.65,66.52,68.11,68.11,66.37,,67.94,,,3563,240469.00,162,F1,1,,,,,
2026-06-30,2026-06-30,CM,BSE,STK,543592,INF179KC1DI2,HDFCSILVER,E,,,,,HDFC Mutual Fund,206.36,214.30,206.36,213.32,213.50,208.12,,213.25,,,187772,39608304.00,3136,F1,1,,,,,
2026-06-30,2026-06-30,CM,BSE,STK,543593,INE0I3401014,DBOL,T,,,,,Dhampur Bio Organics Limited,116.00,116.00,110.25,111.10,111.10,113.70,,111.50,,,3475,392909.00,41,F1,1,,,,,
2026-06-30,2026-06-30,CM,BSE,STK,543594,INE0MC401013,DPL,M,,,,,DIPNA PHARMACHEM LIMITED,7.02,7.21,6.80,6.94,6.94,7.02,,6.94,,,60000,415590.00,19,F1,3000,,,,,
2026-06-30,2026-06-30,CM,BSE,STK,543596,INE668A01016,TMB,A,,,,,Tamilnad Mercantile Bank Limit,738.35,741.05,728.45,733.25,730.25,737.85,,733.45,,,4933,3618595.00,433,F1,1,,,,,
2026-06-30,2026-06-30,CM,BSE,STK,543597,INE0I0T01010,VOEPL,M,,,,,Virtuoso Optoelectronics Limit,405.00,439.45,400.05,429.00,438.50,405.00,,429.00,,,54250,22524775.00,159,F1,250,,,,,
2026-06-30,2026-06-30,CM,BSE,STK,543599,INE0D6I01023,KSOLVES,B,,,,,Ksolves India Limited,282.95,286.90,282.00,285.75,286.00,284.00,,286.25,,,1748,497166.00,89,F1,1,,,,,
2026-06-30,2026-06-30,CM,BSE,STK,543600,INE0JUS01029,HARSHA,B,,,,,Harsha Engineers International,417.40,433.00,413.45,420.10,418.00,409.65,,419.75,,,18507,7842965.00,822,F1,1,,,,,
2026-06-30,2026-06-30,CM,BSE,STK,543605,INF179KC1DL6,HDFCQUAL,B,,,,,HDFC Mutual Fund,55.73,56.17,55.73,55.95,56.00,56.59,,55.95,,,1391,77819.00,13,F1,1,,,,,
2026-06-30,2026-06-30,CM,BSE,STK,543606,INE0M8901010,CONTAINE,MT,,,,,CONTAINE TECHNOLOGIES LIMITED,20.18,21.99,20.17,21.99,21.99,21.11,,21.99,,,5000,102720.00,5,F1,1000,,,,,
2026-06-30,2026-06-30,CM,BSE,STK,543607,INF179KC1DJ0,HDFCGROWTH,B,,,,,HDFC Mutual Fund,110.70,112.74,110.40,111.06,111.18,111.65,,110.83,,,514,56958.00,47,F1,1,,,,,
2026-06-30,2026-06-30,CM,BSE,STK,543608,INF179KC1DK8,HDFCVALUE,B,,,,,HDFC Mutual Fund,125.92,125.98,125.70,125.70,125.70,125.70,,125.58,,,80,10075.00,5,F1,1,,,,,
2026-06-30,2026-06-30,CM,BSE,STK,543614,INE0LQS01015,TIPSFILMS,B,,,,,Tips Films Limited,337.05,344.95,337.05,344.95,344.95,327.35,,335.15,,,90,30482.00,5,F1,1,,,,,
2026-06-30,2026-06-30,CM,BSE,STK,543615,INE0MNV01014,SRSOLTD,MT,,,,,SILICON RENTAL SOLUTIONS LIMIT,89.75,90.00,85.73,90.00,90.00,85.72,,90.00,,,20000,1784960.00,21,F1,800,,,,,
2026-06-30,2026-06-30,CM,BSE,STK,543616,INE0MKA01014,TLL,M,,,,,Trident Lifeline Limited,272.00,275.00,257.50,270.90,275.00,262.65,,270.90,,,41400,10959810.00,61,F1,600,,,,,
2026-06-30,2026-06-30,CM,BSE,STK,543618,INE0M4L01013,CARGOTRANS,M,,,,,Cargotrans Maritime Limited,100.00,103.00,100.00,103.00,103.00,99.90,,103.00,,,3000,304500.00,4,F1,750,,,,,
2026-06-30,2026-06-30,CM,BSE,STK,543619,INE0N0J01014,CNCRD,M,,,,,Concord Control Systems Limite,2750.15,2760.00,2700.00,2725.80,2730.00,2750.15,,2725.80,,,3600,9825447.00,64,F1,50,,,,,
2026-06-30,2026-06-30,CM,BSE,STK,543620,INE0LGX01024,INA,B,,,,,INSOLATION ENERGY LIMITED,114.45,118.00,114.00,116.20,114.55,113.85,,116.20,,,161634,18764565.00,1101,F1,1,,,,,
2026-06-30,2026-06-30,CM,BSE,STK,543622,INE0MSK01016,STML,M,,,,,STEELMAN TELECOM LIMITED,70.00,70.00,65.00,65.00,65.00,65.00,,65.00,,,7200,494400.00,4,F1,1200,,,,,
2026-06-30,2026-06-30,CM,BSE,STK,543623,INE0NC801013,VEDANTASSET,MT,,,,,VEDANT ASSET LIMITED,77.74,77.74,77.74,77.74,77.74,74.04,,77.74,,,1500,116610.00,1,F1,1500,,,,,
2026-06-30,2026-06-30,CM,BSE,STK,543626,INE02YR01019,EMIL,A,,,,,Electronics Mart India Limited,116.60,122.95,116.45,121.85,122.95,116.40,,121.74,,,106717,12894850.00,1684,F1,1,,,,,
2026-06-30,2026-06-30,CM,BSE,STK,543627,INF179KC1HU8,HDFCLOWVOL,B,,,,,HDFC Mutual Fund,20.16,20.45,20.16,20.45,20.45,20.50,,20.22,,,298,6040.00,12,F1,1,,,,,
2026-06-30,2026-06-30,CM,BSE,STK,543628,INF179KC1HV6,HDFCMOMENT,B,,,,,HDFC Mutual Fund,31.21,31.41,31.06,31.29,31.29,31.58,,31.22,,,9304,289619.00,107,F1,1,,,,,
2026-06-30,2026-06-30,CM,BSE,STK,543635,INE0DK501011,PPLPHARMA,A,,,,,PIRAMAL PHARMA LIMITED,167.05,169.80,166.35,168.20,168.20,166.65,,168.09,,,173610,29209538.00,1498,F1,1,,,,,
2026-06-30,2026-06-30,CM,BSE,STK,543636,INE0A1101019,DCI,T,,,,,Dc Infotech and Communication,265.00,272.30,265.00,266.25,266.25,269.90,,266.85,,,423,113883.00,17,F1,1,,,,,
2026-06-30,2026-06-30,CM,BSE,STK,543637,INE0N1L01018,PACE,MT,,,,,PACE E-COMMERCE VENTURES LIMIT,16.39,16.42,16.39,16.42,16.42,16.42,,16.42,,,37200,610644.00,10,F1,1200,,,,,
2026-06-30,2026-06-30,CM,BSE,STK,543638,INE0HMF01019,TRACXN,B,,,,,Tracxn Technologies Limited,29.01,30.51,29.01,30.38,30.38,29.75,,30.35,,,2281,68773.00,46,F1,1,,,,,
2026-06-30,2026-06-30,CM,BSE,STK,543643,INE117Z01011,NARMADA,B,,,,,Narmada Agrobase Limited,39.96,41.85,38.26,40.11,40.11,39.92,,40.09,,,190405,7674242.00,1459,F1,1,,,,,
2026-06-30,2026-06-30,CM,BSE,STK,543644,INE344S01016,INFOBEAN,B,,,,,InfoBeans Technologies Limited,156.55,158.90,153.80,157.80,158.00,157.55,,157.82,,,30288,4717402.00,549,F1,1,,,,,
2026-06-30,2026-06-30,CM,BSE,STK,543645,INE05X901010,HPIL,B,,,,,HINDPRAKASH INDUSTRIES LIMITED,124.55,124.55,124.55,124.55,124.55,127.05,,126.09,,,10,1245.00,1,F1,1,,,,,
2026-06-30,2026-06-30,CM,BSE,STK,543650,INE0KL801015,DCXINDIA,B,,,,,DCX Systems Limited,195.40,202.50,194.25,198.65,198.45,194.20,,198.72,,,114536,22924783.00,1449,F1,1,,,,,
2026-06-30,2026-06-30,CM,BSE,STK,543652,INE139R01012,FUSION,B,,,,,FUSION FINANCE LIMITED,189.50,195.85,187.25,190.25,189.75,185.60,,190.20,,,40767,7837522.00,549,F1,1,,,,,
2026-06-30,2026-06-30,CM,BSE,STK,543653,INE00E101023,BIKAJI,A,,,,,Bikaji Foods International Lim,642.20,651.90,637.85,650.85,651.90,641.70,,650.75,,,5526,3569825.00,281,F1,1,,,,,
2026-06-30,2026-06-30,CM,BSE,STK,543654,INE474Q01031,MEDANTA,A,,,,,Global Health Limited,1314.75,1328.00,1309.45,1314.60,1316.00,1303.40,,1313.80,,,7243,9556106.00,405,F1,1,,,,,
2026-06-30,2026-06-30,CM,BSE,STK,543656,INE0MXP01015,TECHNOPACK,M,,,,,Technopack Polymers Limited,13.50,13.50,13.50,13.50,13.50,13.50,,13.50,,,4000,54000.00,1,F1,4000,,,,,
2026-06-30,2026-06-30,CM,BSE,STK,543657,INE128X01021,ACI,A,,,,,Archean Chemical Industries Li,521.00,524.80,515.35,522.95,523.55,521.30,,522.30,,,3710,1927927.00,248,F1,1,,,,,
2026-06-30,2026-06-30,CM,BSE,STK,543663,INE128S01021,FIVESTAR,A,,,,,Five-Star Business Finance Ltd,488.90,512.20,486.10,504.45,504.45,487.35,,505.05,,,72813,36663984.00,2277,F1,1,,,,,
2026-06-30,2026-06-30,CM,BSE,STK,543664,INE918Z01012,KAYNES,A,,,,,KAYNES TECHNOLOGY INDIA LIMITE,3183.70,3197.25,3110.15,3122.15,3122.15,3152.10,,3121.90,,,77576,244379053.00,8222,F1,1,,,,,
2026-06-30,2026-06-30,CM,BSE,STK,543665,INF179KC1IA8,HDFCNIFIT,B,,,,,HDFC Mutual Fund,28.71,28.71,28.01,28.12,28.13,28.83,,28.11,,,4953,139861.00,36,F1,1,,,,,
2026-06-30,2026-06-30,CM,BSE,STK,543666,INF179KC1HZ7,HDFCPVTBAN,B,,,,,HDFC Mutual Fund,27.89,28.72,27.89,28.50,28.50,28.61,,28.36,,,3658,104037.00,40,F1,1,,,,,
2026-06-30,2026-06-30,CM,BSE,STK,543667,INE510W01014,INOXGREEN,A,,,,,INOX GREEN ENERGY SERVICES LIM,199.60,203.80,195.40,198.80,198.80,199.80,,198.61,,,93612,18767631.00,1807,F1,1,,,,,
2026-06-30,2026-06-30,CM,BSE,STK,543668,INE01EE01011,BBTCL,B,,,,,B&B Triplewall Containers Limi,222.00,223.00,219.00,219.60,219.60,222.00,,221.42,,,211,46589.00,18,F1,1,,,,,
2026-06-30,2026-06-30,CM,BSE,STK,543669,INE263M01029,RUSTOMJEE,B,,,,,Keystone Realtors Limited,431.80,444.05,407.45,415.40,415.40,423.45,,418.20,,,62022,26719178.00,2504,F1,1,,,,,
2026-06-30,2026-06-30,CM,BSE,STK,543670,INE01KI01027,VINNY,B,,,,,VINNY OVERSEAS LIMITED,1.16,1.16,1.12,1.13,1.13,1.15,,1.13,,,52350,59560.00,57,F1,1,,,,,
2026-06-30,2026-06-30,CM,BSE,STK,543671,INE0D0U01013,AAATECH,B,,,,,AAA TECHNOLOGIES LIMITED,94.01,97.27,94.01,97.24,97.24,94.00,,97.75,,,492,47289.00,60,F1,1,,,,,
2026-06-30,2026-06-30,CM,BSE,STK,543677,INF109KC17L8,FINIETF,B,,,,,ICICI Prudential Mutual Fund,32.58,32.58,32.07,32.31,32.15,32.27,,32.31,,,8230,265776.00,129,F1,1,,,,,
2026-06-30,2026-06-30,CM,BSE,STK,543686,INE792Z01011,SIRCA,B,,,,,Sirca Paints India Limited,406.85,407.95,401.00,402.00,402.00,406.10,,402.40,,,5905,2382088.00,115,F1,1,,,,,
2026-06-30,2026-06-30,CM,BSE,STK,543687,INE00OQ01016,DHARMAJ,B,,,,,Dharmaj Crop Guard Limited,263.20,269.40,259.10,266.70,266.70,261.00,,265.25,,,1723,452782.00,62,F1,1,,,,,
2026-06-30,2026-06-30,CM,BSE,STK,543688,INE324X01026,SARVESHWAR,T,,,,,Sarveshwar Foods Limited,3.71,3.82,3.66,3.69,3.69,3.75,,3.68,,,236730,883449.00,356,F1,1,,,,,
2026-06-30,2026-06-30,CM,BSE,STK,543689,INE244O01017,UNIPARTS,B,,,,,Uniparts India Limited,670.00,674.90,664.10,673.05,674.90,666.05,,673.55,,,3754,2514287.00,274,F1,1,,,,,
2026-06-30,2026-06-30,CM,BSE,STK,543699,INF754K01QX0,EBBETF0433,F,,,,,Edelweiss Mutual Fund,1307.00,1310.40,1304.35,1309.55,1310.40,1308.99,,1309.46,,,298,390176.00,49,F1,1,,,,,
2026-06-30,2026-06-30,CM,BSE,STK,543700,INF109KC18O0,GSEC10IETF,F,,,,,ICICI Prudential Mutual Fund,263.34,263.34,263.00,263.00,263.00,264.35,,261.51,,,31,8163.00,2,F1,1,,,,,
2026-06-30,2026-06-30,CM,BSE,STK,543709,INE0NT601018,GARGI,M,,,,,PNGS GARGI FASHION JEWELLERY L,823.75,850.00,816.75,829.30,827.00,803.50,,829.30,,,8875,7357062.00,55,F1,125,,,,,
2026-06-30,2026-06-30,CM,BSE,STK,543710,INF109KC19O8,COMMOIETF,B,,,,,ICICI Prudential Mutual Fund,99.82,100.03,99.35,99.87,99.88,100.07,,99.88,,,4026,401674.00,132,F1,1,,,,,
2026-06-30,2026-06-30,CM,BSE,STK,543711,INE142Q01026,SULA,A,,,,,Sula Vineyards Limited,154.00,154.40,152.80,153.05,153.70,153.05,,153.23,,,27164,4170362.00,419,F1,1,,,,,
2026-06-30,2026-06-30,CM,BSE,STK,543713,INE0MQD01015,DRONACHRYA,M,,,,,Droneacharya Aerial Innovation,40.32,40.90,40.00,40.72,40.90,40.32,,40.72,,,39000,1570760.00,27,F1,1000,,,,,
2026-06-30,2026-06-30,CM,BSE,STK,543714,INE559R01029,LANDMARK,B,,,,,LANDMARK CARS LIMITED,435.15,441.05,430.25,437.00,433.00,435.15,,437.60,,,1911,830247.00,150,F1,1,,,,,
2026-06-30,2026-06-30,CM,BSE,STK,543720,INE138Y01010,KFINTECH,A,,,,,KFin Technologies Limited,879.35,892.75,873.65,880.10,878.10,869.30,,879.80,,,42857,37898370.00,2105,F1,1,,,,,
2026-06-30,2026-06-30,CM,BSE,STK,543725,INE050401020,ELIN,B,,,,,Elin Electronics Limited,98.70,103.20,98.40,102.80,102.50,98.60,,102.21,,,5683,576932.00,162,F1,1,,,,,
2026-06-30,2026-06-30,CM,BSE,STK,543732,INE855R01021,RADIANTCMS,B,,,,,Radiant Cash Management Servic,40.00,40.00,38.47,38.55,39.00,39.36,,38.61,,,6542,255286.00,179,F1,1,,,,,
2026-06-30,2026-06-30,CM,BSE,STK,543737,INE09BN01011,AVEER,X,,,,,Aveer Foods Limited,550.00,552.05,540.00,551.65,551.65,550.00,,551.65,,,545,298011.00,8,F1,1,,,,,
2026-06-30,2026-06-30,CM,BSE,STK,543738,INF740KA1RX3,BANKADD,B,,,,,DSP Mutual Fund,59.00,59.00,58.50,58.51,58.50,59.39,,58.96,,,126,7375.00,4,F1,1,,,,,
2026-06-30,2026-06-30,CM,BSE,STK,543743,INE035801013,AERONEU,B,,,,,Aeroflex Neu Limited,101.21,105.00,100.92,101.99,100.92,98.49,,103.93,,,5567,572270.00,170,F1,1,,,,,
2026-06-30,2026-06-30,CM,BSE,STK,543745,INE0MID01012,SVS,M,,,,,SVS VENTURES LIMITED,5.75,5.75,5.75,5.75,5.75,5.75,,5.75,,,12000,69000.00,2,F1,6000,,,,,
2026-06-30,2026-06-30,CM,BSE,STK,543746,INE0BSU01018,LOGICA,M,,,,,LOGICA INFOWAY LIMITED,164.95,165.00,151.00,156.30,155.00,164.55,,156.30,,,21600,3471570.00,32,F1,600,,,,,
2026-06-30,2026-06-30,CM,BSE,STK,543747,INE0BTI01037,KAMOPAINTS,B,,,,,Kamdhenu Ventures Limited,4.90,5.25,4.89,5.06,5.10,4.99,,5.05,,,54721,275598.00,198,F1,1,,,,,
2026-06-30,2026-06-30,CM,BSE,STK,543748,INE0LRU01027,AARTIPHARM,A,,,,,Aarti Pharmalabs Limited,676.00,694.00,676.00,681.15,679.85,675.00,,680.05,,,12731,8748279.00,627,F1,1,,,,,
2026-06-30,2026-06-30,CM,BSE,STK,543766,INE094B01013,ASHIKA,B,,,,,Ashika Credit Capital Ltd.,373.80,388.60,373.80,382.50,380.10,371.90,,381.85,,,53869,20455719.00,591,F1,1,,,,,
2026-06-30,2026-06-30,CM,BSE,STK,543767,INE0EEJ01023,BTML,B,,,,,BODHI TREE MULTIMEDIA LIMITED,6.02,6.23,5.89,6.05,6.05,6.10,,6.09,,,8688,52052.00,44,F1,1,,,,,
2026-06-30,2026-06-30,CM,BSE,STK,543768,INE0NNS01018,NSLNISP,A,,,,,NMDC Steel Limited,43.12,43.49,42.53,42.89,42.80,43.10,,42.85,,,138098,5941650.00,804,F1,1,,,,,
2026-06-30,2026-06-30,CM,BSE,STK,543774,INF179KC1EZ4,HDFCBSE500,B,,,,,HDFC Mutual Fund,36.80,36.98,36.31,36.53,36.53,36.82,,37.04,,,2558,94458.00,38,F1,1,,,,,
2026-06-30,2026-06-30,CM,BSE,STK,543775,INF179KC1FB2,HDFCSML250,B,,,,,HDFC Mutual Fund,172.76,178.98,172.76,178.58,178.56,177.19,,178.66,,,46589,8297474.00,628,F1,1,,,,,
2026-06-30,2026-06-30,CM,BSE,STK,543776,INF179KC1HT0,HDFCMID150,B,,,,,HDFC Mutual Fund,23.29,23.29,22.91,23.02,23.12,23.29,,23.09,,,21894,504233.00,382,F1,1,,,,,
2026-06-30,2026-06-30,CM,BSE,STK,543781,INF769K01JP9,GOLDETF,E,,,,,Mirae Asset Mutual Fund,133.31,136.83,133.31,136.36,136.32,136.73,,136.34,,,82554,11217736.00,1681,F1,1,,,,,
2026-06-30,2026-06-30,CM,BSE,STK,543782,INE0O4601016,SEALMATIC,M,,,,,Sealmatic India Limited,383.00,383.00,370.00,371.40,370.00,383.00,,371.40,,,6840,2549475.00,29,F1,180,,,,,
2026-06-30,2026-06-30,CM,BSE,STK,543787,INE0OLH01013,ROBU,M,,,,,Macfos Limited,1131.00,1195.00,1131.00,1179.15,1180.00,1141.10,,1179.15,,,11715,13750959.00,69,F1,165,,,,,
2026-06-30,2026-06-30,CM,BSE,STK,543798,INE0NPA01011,PATRON,MT,,,,,Patron Exim Limited,2.26,2.26,2.15,2.15,2.15,2.24,,2.15,,,48000,103720.00,10,F1,4000,,,,,
2026-06-30,2026-06-30,CM,BSE,STK,543799,INE0JZS01010,SVJ,M,,,,,S. V. J. Enterprises Limited,246.40,255.65,222.00,237.60,233.25,246.40,,237.60,,,50500,11604312.00,95,F1,250,,,,,
2026-06-30,2026-06-30,CM,BSE,STK,543805,INE0NYN01016,RESGEN,M,,,,,RESGEN LIMITED,46.00,51.00,46.00,50.80,50.75,49.80,,50.80,,,26250,1287217.00,29,F1,750,,,,,
2026-06-30,2026-06-30,CM,BSE,STK,543806,INE0O6A01019,ITCONS,MT,,,,,ITCONS E-Solutions Limited,283.75,298.00,273.20,291.30,291.30,284.45,,291.30,,,33800,9759180.00,65,F1,200,,,,,
2026-06-30,2026-06-30,CM,BSE,STK,543811,INE645W01026,AIRAN,B,,,,,AIRAN LIMITED,16.49,16.49,16.15,16.27,16.30,16.21,,16.34,,,4152,67648.00,39,F1,1,,,,,
2026-06-30,2026-06-30,CM,BSE,STK,543812,INE753U01022,DIVGIITTS,B,,,,,DIVGI TORQTRANSFER SYSTEMS LIM,883.00,1017.05,883.00,990.40,990.40,869.50,,987.65,,,180682,177579373.00,6825,F1,1,,,,,
2026-06-30,2026-06-30,CM,BSE,STK,543819,INF109KC10S8,PSUBNKIETF,B,,,,,ICICI Prudential Mutual Fund,87.07,87.27,86.13,86.39,86.45,86.97,,86.39,,,3715,321919.00,89,F1,1,,,,,
2026-06-30,2026-06-30,CM,BSE,STK,543828,INE00TV01023,SUDARSHAN,MT,,,,,SUDARSHAN PHARMA INDUSTRIES LI,39.34,39.35,37.50,37.51,37.50,38.67,,37.51,,,68000,2645760.00,12,F1,4000,,,,,
2026-06-30,2026-06-30,CM,BSE,STK,543829,INE0JSX01015,GSLSU,B,,,,,Global Surfaces Limited,43.29,43.30,41.92,42.00,42.01,43.29,,42.13,,,3388,144469.00,92,F1,1,,,,,
2026-06-30,2026-06-30,CM,BSE,STK,543831,INE0OMI01019,BRIGHT,M,,,,,Bright Outdoor Media Limited,374.00,375.00,374.00,374.80,374.05,374.85,,374.80,,,7500,2810643.00,19,F1,375,,,,,
2026-06-30,2026-06-30,CM,BSE,STK,543848,INE0NIJ01025,DEVLAB,M,,,,,Dev Labtech Venture Limited,17.23,20.50,17.23,20.49,20.49,21.52,,20.49,,,24000,478400.00,4,F1,4000,,,,,
2026-06-30,2026-06-30,CM,BSE,STK,543853,INF846K010Q0,AXSENSEX,B,,,,,Axis Mutual Fund,77.83,79.90,77.83,79.16,79.16,79.64,,79.38,,,749,59809.00,9,F1,1,,,,,
2026-06-30,2026-06-30,CM,BSE,STK,543858,INF769K01JU9,LOWVOL,B,,,,,Mirae Asset Mutual Fund,204.22,204.22,202.18,202.40,202.40,203.66,,201.91,,,1976,399509.00,3,F1,1,,,,,
2026-06-30,2026-06-30,CM,BSE,STK,543860,INE825B01010,JAFINANCE,X,,,,,J.A. Finance Limited,84.00,84.00,84.00,84.00,84.00,84.00,,84.00,,,455,38220.00,3,F1,1,,,,,
2026-06-30,2026-06-30,CM,BSE,STK,543861,INE0N0Y01013,USK,B,,,,,Udayshivakumar infra limited,22.95,23.83,22.62,23.79,23.79,22.95,,23.17,,,858,20346.00,9,F1,1,,,,,
2026-06-30,2026-06-30,CM,BSE,STK,543874,INE0O1T01010,MAIDEN,M,,,,,Maiden Forgings Limited,78.50,78.50,77.00,77.00,77.00,79.75,,77.00,,,5000,389750.00,5,F1,1000,,,,,
2026-06-30,2026-06-30,CM,BSE,STK,543875,INF769K01KF8,GSEC10YEAR,F,,,,,Mirae Asset Mutual Fund,30.49,30.49,30.05,30.27,30.05,30.49,,30.43,,,40,1210.00,2,F1,1,,,,,
2026-06-30,2026-06-30,CM,BSE,STK,543895,INE0O8901016,EXHICON,M,,,,,Exhicon Events Media Solutions,431.00,431.00,416.20,425.00,425.00,431.55,,425.00,,,7000,2951237.00,25,F1,250,,,,,
2026-06-30,2026-06-30,CM,BSE,STK,543896,INE0LCL01028,AVALON,A,,,,,Avalon Technologies Limited,1799.95,1837.35,1789.10,1801.80,1800.10,1783.85,,1801.90,,,37012,66829934.00,1059,F1,1,,,,,
2026-06-30,2026-06-30,CM,BSE,STK,543897,INE0P7001013,SANCODE,MT,,,,,Sancode Technologies Limited,308.95,308.95,308.95,308.95,308.95,302.90,,308.95,,,500,154475.00,1,F1,500,,,,,
2026-06-30,2026-06-30,CM,BSE,STK,543898,INE0N7W01012,BLAL,B,,,,,BEML Land Assets Limited,180.55,182.60,178.60,182.05,178.70,180.45,,180.57,,,1166,211002.00,135,F1,1,,,,,
2026-06-30,2026-06-30,CM,BSE,STK,543900,INF789F1AYK6,SILVERBETA,E,,,,,UTI Mutual Fund,210.68,216.26,208.11,215.25,215.42,210.49,,215.04,,,86491,18463228.00,1510,F1,1,,,,,
2026-06-30,2026-06-30,CM,BSE,STK,543901,INE508K01013,RHL,B,,,,,ROBUST HOTELS LIMITED,176.45,176.45,176.45,176.45,176.45,177.30,,175.52,,,30,5293.00,1,F1,1,,,,,
2026-06-30,2026-06-30,CM,BSE,STK,543902,INE0NTC01019,RETINA,M,,,,,Retina Paints Limited,49.85,49.85,46.00,46.65,46.00,54.30,,46.65,,,18000,851440.00,9,F1,2000,,,,,
2026-06-30,2026-06-30,CM,BSE,STK,543903,INF740KA1SW3,GOLDADD,E,,,,,DSP Mutual Fund,135.00,136.73,134.62,136.07,135.08,136.93,,136.17,,,12130,1649624.00,218,F1,1,,,,,
2026-06-30,2026-06-30,CM,BSE,STK,543904,INE634S01028,MANKIND,A,,,,,Mankind Pharma Limited,2485.30,2552.85,2471.75,2546.50,2550.00,2485.30,,2545.70,,,53151,134980558.00,5596,F1,1,,,,,
2026-06-30,2026-06-30,CM,BSE,STK,543910,INE680Z01018,AVG,B,,,,,AVG Logistics Limited,185.00,205.50,184.65,202.60,201.75,178.95,,202.68,,,28877,5756082.00,1119,F1,1,,,,,
2026-06-30,2026-06-30,CM,BSE,STK,543911,INE0ALR01029,ATALREAL,B,,,,,Atal Realtech Limited,28.17,28.63,27.63,28.16,27.90,28.36,,28.19,,,118563,3347419.00,345,F1,1,,,,,
2026-06-30,2026-06-30,CM,BSE,STK,543912,INE557Z01018,PIGL,B,,,,,Power & Instrumentation (Gujar,111.95,115.00,110.75,114.25,113.65,112.80,,113.85,,,2040,228830.00,69,F1,1,,,,,
2026-06-30,2026-06-30,CM,BSE,STK,543913,INE0NDH25011,NXST,IF,,,,,Nexus Select Trust,165.00,165.00,163.00,163.18,163.23,163.35,,163.24,,,10005,1634778.00,314,F1,1,,,,,
2026-06-30,2026-06-30,CM,BSE,STK,543914,INE210F01016,SWATIPRO,X,,,,,Swati Projects Limited,33.97,33.97,30.46,31.38,31.38,31.58,,31.38,,,12788,396926.00,104,F1,1,,,,,
2026-06-30,2026-06-30,CM,BSE,STK,543915,INE07S101038,PAVNAIND,T,,,,,Pavna Industries Limited,17.80,18.22,17.51,17.61,17.61,18.00,,17.73,,,670,11886.00,12,F1,1,,,,,
2026-06-30,2026-06-30,CM,BSE,STK,543916,INE0GYI01028,HSIL,MT,,,,,Hemant Surgical Industries Lim,365.00,374.95,359.25,365.00,360.00,359.25,,365.00,,,4400,1625100.00,11,F1,400,,,,,
2026-06-30,2026-06-30,CM,BSE,STK,543917,INE0A0S01028,SIGMA,B,,,,,SIGMA SOLVE LIMITED,38.90,39.10,37.89,38.91,39.10,38.48,,38.91,,,5430,209627.00,168,F1,1,,,,,
2026-06-30,2026-06-30,CM,BSE,STK,543918,INE0PA801013,GHCLTEXTIL,B,,,,,GHCL Textiles Limited,93.05,101.60,93.05,99.63,99.35,94.95,,99.63,,,37532,3729128.00,423,F1,1,,,,,
2026-06-30,2026-06-30,CM,BSE,STK,543919,INE964W01021,MKPL,B,,,,,M.K.Proteins Limited,4.99,4.99,4.70,4.72,4.71,4.75,,4.71,,,11204,53327.00,71,F1,1,,,,,
2026-06-30,2026-06-30,CM,BSE,STK,543920,INE0NJ001013,CFF,M,,,,,CFF FLUID CONTROL LIMITED,862.05,899.00,862.00,883.50,883.50,851.35,,883.50,,,116600,103532350.00,511,F1,200,,,,,
2026-06-30,2026-06-30,CM,BSE,STK,543921,INE0NXA01015,COMRADE,M,,,,,Comrade Appliances Limited,20.54,21.07,20.54,20.58,20.60,21.62,,20.58,,,49000,1009280.00,24,F1,1000,,,,,
2026-06-30,2026-06-30,CM,BSE,STK,543922,INF769K01KG6,SILVERAG,E,,,,,Mirae Asset Mutual Fund,209.91,218.00,209.91,216.45,216.99,211.90,,216.58,,,10084,2172738.00,340,F1,1,,,,,
2026-06-30,2026-06-30,CM,BSE,STK,543923,INE0LOJ01019,IKIO,B,,,,,IKIO Technologies Limited,154.15,155.40,151.20,151.55,151.95,152.00,,151.85,,,2896,439687.00,127,F1,1,,,,,
2026-06-30,2026-06-30,CM,BSE,STK,543924,INE0N5O01013,SONALIS,M,,,,,Sonalis Consumer Products Limi,44.43,44.43,44.00,44.12,44.12,46.00,,44.12,,,16000,705860.00,8,F1,2000,,,,,
2026-06-30,2026-06-30,CM,BSE,STK,543925,INE0M5S23019,MIT,IF,,,,,Maple Infrastructure Trust,140.82,140.82,140.82,140.82,140.82,142.47,,140.82,,,300000,42246000.00,6,F1,25000,,,,,
2026-06-30,2026-06-30,CM,BSE,STK,543926,INE0OJ401014,BIZOTIC,MT,,,,,Bizotic Commercial Limited,712.00,712.00,711.50,711.50,711.50,712.00,,711.50,,,1000,711700.00,3,F1,200,,,,,
2026-06-30,2026-06-30,CM,BSE,STK,543927,INE04Z101016,ASIAN,X,,,,,Asian Warehousing Limited,36.00,36.00,33.55,35.59,35.59,35.50,,35.59,,,589,20040.00,10,F1,1,,,,,
2026-06-30,2026-06-30,CM,BSE,STK,543928,INE0ORA01015,COSMICCRF,MT,,,,,Cosmic CRF Limited,1109.95,1109.95,1066.05,1072.00,1076.00,1061.40,,1072.00,,,1600,1734000.00,14,F1,100,,,,,
2026-06-30,2026-06-30,CM,BSE,STK,543929,INE0ECP01024,HMAAGRO,B,,,,,HMA Agro Industries Limited,21.50,22.02,21.24,21.48,21.48,21.94,,21.86,,,50680,1091489.00,114,F1,1,,,,,
2026-06-30,2026-06-30,CM,BSE,STK,543930,INE568Z01015,URAVIDEF,B,,,,,Uravi Defence and Technology L,116.05,123.30,111.00,116.05,116.05,116.00,,116.69,,,352197,40846329.00,489,F1,1,,,,,
2026-06-30,2026-06-30,CM,BSE,STK,543931,INE0Q0M01015,VEEFIN,M,,,,,VEEFIN SOLUTIONS LIMITED,319.00,330.90,317.30,324.35,325.00,325.00,,324.35,,,15600,5042080.00,65,F1,200,,,,,
2026-06-30,2026-06-30,CM,BSE,STK,543932,INE349Y01013,IDEAFORGE,T,,,,,IDEAFORGE TECHNOLOGY LIMITED,814.65,831.00,809.95,814.15,816.50,807.55,,815.60,,,15294,12504849.00,570,F1,1,,,,,
2026-06-30,2026-06-30,CM,BSE,STK,543933,INE055S01018,CYIENTDLM,B,,,,,Cyient DLM Limited,458.30,471.95,455.65,460.55,463.15,463.20,,460.30,,,11625,5387231.00,470,F1,1,,,,,
2026-06-30,2026-06-30,CM,BSE,STK,543934,INE01BT01015,MACIND,X,,,,,Machhar Industries Limited,341.00,341.00,309.00,309.00,309.00,325.00,,309.00,,,937,289724.00,8,F1,1,,,,,
2026-06-30,2026-06-30,CM,BSE,STK,543935,INF740KA1SX1,ITADD,B,,,,,DSP Mutual Fund,28.17,28.30,27.83,27.99,28.30,28.71,,27.95,,,6255,175325.00,69,F1,1,,,,,
2026-06-30,2026-06-30,CM,BSE,STK,543936,INE602W01027,SENCO,A,,,,,Senco Gold Limited,326.10,334.95,324.15,330.60,330.25,327.30,,330.20,,,22665,7466673.00,739,F1,1,,,,,
2026-06-30,2026-06-30,CM,BSE,STK,543939,INE0P3N01018,KAKA,M,,,,,Kaka Industries Limited,209.45,214.00,209.00,211.05,212.45,205.55,,211.05,,,24000,5075000.00,28,F1,500,,,,,
2026-06-30,2026-06-30,CM,BSE,STK,543940,INE758E01017,JIOFIN,A,,,,,Jio Financial Services Limited,237.20,238.35,235.30,236.50,236.50,236.70,,236.44,,,402953,95491213.00,4114,F1,1,,,,,
2026-06-30,2026-06-30,CM,BSE,STK,543941,INE0NEV01011,AHASOLAR,M,,,,,AHASOLAR TECHNOLOGIES LIMITED,74.30,74.30,63.00,68.51,68.01,76.00,,68.51,,,8800,581104.00,18,F1,400,,,,,
2026-06-30,2026-06-30,CM,BSE,STK,543942,INE735W01017,UTKARSHBNK,B,,,,,UTKARSH SMALL FINANCE BANK LIM,14.26,14.54,14.22,14.29,14.35,14.28,,14.29,,,111444,1596892.00,247,F1,1,,,,,
2026-06-30,2026-06-30,CM,BSE,STK,543943,INE0DN001027,ASARFI,M,,,,,ASARFI HOSPITAL LIMITED,228.55,228.55,222.05,225.25,228.00,228.55,,225.25,,,16000,3610850.00,15,F1,1000,,,,,
2026-06-30,2026-06-30,CM,BSE,STK,543944,INF769K01KR3,BANKETF,B,,,,,Mirae Asset Mutual Fund,588.00,588.98,587.14,587.14,587.14,588.00,,586.87,,,66,38847.00,6,F1,1,,,,,
2026-06-30,2026-06-30,CM,BSE,STK,543945,INE0NT901020,NETWEB,A,,,,,NETWEB TECHNOLOGIES INDIA LIMI,4480.10,4587.85,4452.85,4539.60,4539.60,4456.25,,4538.30,,,188045,850505368.00,14575,F1,1,,,,,
2026-06-30,2026-06-30,CM,BSE,STK,543946,INF769K01KS1,LIQUID,F,,,,,Mirae Asset Mutual Fund,1000.00,1000.01,1000.00,1000.00,1000.00,1000.00,,999.99,,,71539,71539001.00,42,F1,1,,,,,
2026-06-30,2026-06-30,CM,BSE,STK,543948,INF740KA1SY9,PSUBANKADD,B,,,,,DSP Mutual Fund,86.64,86.93,86.00,86.08,86.00,87.06,,86.00,,,1089,93964.00,118,F1,1,,,,,
2026-06-30,2026-06-30,CM,BSE,STK,543949,INF740KA1TA7,PVTBANKADD,B,,,,,DSP Mutual Fund,28.90,28.90,28.38,28.39,28.38,28.52,,28.42,,,743,21190.00,18,F1,1,,,,,
2026-06-30,2026-06-30,CM,BSE,STK,543950,INE0JO301016,YATHARTH,A,,,,,YATHARTH HOSPITAL & TRAUMA CAR,855.45,875.00,849.00,857.60,856.00,848.70,,858.55,,,18886,16255483.00,1260,F1,1,,,,,
2026-06-30,2026-06-30,CM,BSE,STK,543952,INE342G01023,NIITMTS,A,,,,,NIIT Learning Systems Limited,228.00,237.00,225.50,236.05,235.80,227.10,,236.04,,,6495,1499292.00,304,F1,1,,,,,
2026-06-30,2026-06-30,CM,BSE,STK,543953,INE0OWC01011,KHAZANCHI,M,,,,,Khazanchi Jewellers Limited,627.75,627.75,608.05,614.65,615.50,623.45,,614.65,,,23750,14777925.00,77,F1,250,,,,,
2026-06-30,2026-06-30,CM,BSE,STK,543954,INE0NN701020,ATL,B,,,,,Allcargo Terminals Limited,24.50,24.94,23.72,23.89,23.73,23.94,,23.84,,,14439,345635.00,113,F1,1,,,,,
2026-06-30,2026-06-30,CM,BSE,STK,543955,INE0O3901029,TREL,B,,,,,Transindia Real Estate Limited,26.40,26.68,25.90,26.32,26.49,26.31,,26.35,,,6013,157803.00,62,F1,1,,,,,
2026-06-30,2026-06-30,CM,BSE,STK,543956,INF109KC18V5,QUAL30IETF,B,,,,,ICICI Prudential Mutual Fund,20.40,20.73,20.18,20.29,20.29,20.44,,20.23,,,583902,11823302.00,312,F1,1,,,,,
2026-06-30,2026-06-30,CM,BSE,STK,543957,INE0LXT01019,REDTAPE,B,,,,,REDTAPE Limited,136.35,136.60,133.65,136.05,135.85,134.95,,136.16,,,22251,3001884.00,393,F1,1,,,,,
2026-06-30,2026-06-30,CM,BSE,STK,543958,INE03HW01020,VLEGOV,T,,,,,VL E-Governance & IT Solutions,12.25,12.47,11.72,11.86,11.88,12.32,,11.86,,,46351,552562.00,178,F1,1,,,,,
2026-06-30,2026-06-30,CM,BSE,STK,543959,INE423Y01016,SBFC,A,,,,,SBFC Finance Limited,91.92,91.92,90.70,90.81,90.99,90.96,,90.77,,,116846,10661019.00,878,F1,1,,,,,
2026-06-30,2026-06-30,CM,BSE,STK,543960,INE338H01029,CONCORDBIO,A,,,,,Concord Biotech Limited,1263.05,1294.65,1263.05,1277.85,1285.00,1262.20,,1279.60,,,11194,14327154.00,993,F1,1,,,,,
2026-06-30,2026-06-30,CM,BSE,STK,543962,INE864X01013,DPWIRES,B,,,,,D.P. WIRES LIMITED,209.40,209.40,196.80,199.10,202.40,200.75,,199.25,,,2983,595344.00,228,F1,1,,,,,
2026-06-30,2026-06-30,CM,BSE,STK,543963,INE013V01011,SHELTER,M,,,,,SHELTER PHARMA LIMITED,29.75,30.00,29.50,29.90,29.80,28.50,,29.90,,,18000,536370.00,6,F1,3000,,,,,
2026-06-30,2026-06-30,CM,BSE,STK,543965,INE395N01027,TVSSCS,A,,,,,TVS Supply Chain Solutions Lim,130.90,135.80,130.90,134.45,134.30,131.75,,134.46,,,22355,2998780.00,332,F1,1,,,,,
2026-06-30,2026-06-30,CM,BSE,STK,543969,INE0MIS01010,PYRAMID,B,,,,,Pyramid Technoplast Limited,166.70,172.00,166.30,172.00,172.00,166.70,,172.06,,,1909,322170.00,29,F1,1,,,,,
2026-06-30,2026-06-30,CM,BSE,STK,543970,INE0OJZ01019,SHOORA,MT,,,,,Shoora Designs Limited,94.65,94.65,94.65,94.65,94.65,92.80,,94.65,,,3000,283950.00,2,F1,1500,,,,,
2026-06-30,2026-06-30,CM,BSE,STK,543971,INE0Q8P01029,BONDADA,M,,,,,Bondada Engineering Limited,324.65,333.00,285.00,311.65,311.65,324.60,,311.65,,,875600,279948190.00,1451,F1,200,,,,,
2026-06-30,2026-06-30,CM,BSE,STK,543972,INE024001021,AEROFLEX,B,,,,,Aeroflex Industries Limited,470.10,478.90,467.15,471.50,475.00,469.40,,471.60,,,63411,29933038.00,1259,F1,1,,,,,
2026-06-30,2026-06-30,CM,BSE,STK,543974,INE0AE001013,VPRPL,T,,,,,VISHNU PRAKASH R PUNGLIA LIMIT,27.99,27.99,27.99,27.99,27.99,28.56,,27.99,,,7644,213955.00,77,F1,1,,,,,
2026-06-30,2026-06-30,CM,BSE,STK,543975,INF789F1AYX9,MIDCAPBETA,B,,,,,UTI Mutual Fund,230.00,230.00,230.00,230.00,230.00,228.91,,229.57,,,3675,845250.00,11,F1,1,,,,,
2026-06-30,2026-06-30,CM,BSE,STK,543976,INE489B01031,SHRAAITECH,X,,,,,Shradha AI Technologies Limite,25.23,26.44,25.23,25.93,26.18,26.10,,25.93,,,16008,415268.00,168,F1,1,,,,,
2026-06-30,2026-06-30,CM,BSE,STK,543977,INE0N2P01017,RISHABH,B,,,,,Rishabh Instruments Limited,582.70,585.25,569.90,573.55,575.00,581.00,,572.10,,,1700,979105.00,122,F1,1,,,,,
2026-06-30,2026-06-30,CM,BSE,STK,543978,INE05CZ01011,RATNAVEER,B,,,,,Ratnaveer Precision Engineerin,180.15,187.35,179.75,181.05,181.05,180.85,,181.20,,,161364,29583050.00,982,F1,1,,,,,
2026-06-30,2026-06-30,CM,BSE,STK,543980,INE682M01012,JLHL,A,,,,,Jupiter Life Line Hospitals Li,1406.95,1452.35,1389.00,1421.95,1431.65,1385.10,,1420.90,,,5562,7948412.00,920,F1,1,,,,,
2026-06-30,2026-06-30,CM,BSE,STK,543981,INE777K01022,RRKABEL,A,,,,,R R KABEL LIMITED,2523.85,2523.85,2320.00,2396.25,2410.05,2501.65,,2395.20,,,70975,169093694.00,4232,F1,1,,,,,
2026-06-30,2026-06-30,CM,BSE,STK,543982,INE0OYE01013,QUESTFLOW,MT,,,,,QUEST FLOW CONTROLS LIMITED,204.00,206.80,194.75,203.80,203.80,204.95,,203.80,,,10800,2151500.00,36,F1,200,,,,,
2026-06-30,2026-06-30,CM,BSE,STK,543983,INE0OV601013,EMSLIMITED,B,,,,,EMS LIMITED,405.55,421.70,404.60,411.95,412.95,412.55,,411.30,,,37906,15621549.00,798,F1,1,,,,,
2026-06-30,2026-06-30,CM,BSE,STK,543984,INE08U801020,SAMHI,A,,,,,Samhi Hotels Limited,178.40,178.40,172.55,174.80,174.25,176.30,,174.76,,,32776,5717250.00,391,F1,1,,,,,
2026-06-30,2026-06-30,CM,BSE,STK,543985,INE07K301024,ZAGGLE,A,,,,,ZAGGLE PREPAID OCEAN SERVICES,202.55,208.00,200.40,207.05,207.05,198.65,,206.82,,,54315,11125821.00,966,F1,1,,,,,
2026-06-30,2026-06-30,CM,BSE,STK,543986,INE980Y01015,SOUTHWEST,B,,,,,South West Pinnacle Exploratio,216.85,222.30,212.55,216.30,215.55,216.85,,216.25,,,25580,5534474.00,442,F1,1,,,,,
2026-06-30,2026-06-30,CM,BSE,STK,543988,INE531F01023,NUVAMA,A,,,,,Nuvama Wealth Management Limit,1789.95,1824.50,1778.00,1806.85,1806.85,1771.85,,1806.40,,,43879,79168468.00,3619,F1,1,,,,,
2026-06-30,2026-06-30,CM,BSE,STK,543989,INE438K01021,KALAMANDIR,B,,,,,Sai Silks (Kalamandir) Limited,111.50,111.80,109.00,109.25,109.85,111.10,,109.46,,,28042,3090869.00,290,F1,1,,,,,
2026-06-30,2026-06-30,CM,BSE,STK,543990,INE903U01023,SIGNATURE,A,,,,,SIGNATUREGLOBAL (INDIA) LIMITE,738.00,743.55,732.10,739.10,738.00,741.55,,739.10,,,17071,12578414.00,412,F1,1,,,,,
2026-06-30,2026-06-30,CM,BSE,STK,543991,INE0P4P01011,TECHKGREEN,M,,,,,TECHKNOWGREEN SOLUTIONS LIMITE,144.00,144.00,142.00,142.00,142.00,144.00,,142.00,,,3600,513680.00,8,F1,400,,,,,
2026-06-30,2026-06-30,CM,BSE,STK,543992,INE0JR601024,YATRA,B,,,,,YATRA ONLINE LIMITED,113.20,113.95,110.90,112.45,112.25,110.00,,112.61,,,98607,11105450.00,627,F1,1,,,,,
2026-06-30,2026-06-30,CM,BSE,STK,543993,INE372M01010,ARCL,X,,,,,ARCL Organics Ltd,185.00,189.50,180.00,186.00,186.00,185.65,,186.00,,,389,70461.00,37,F1,1,,,,,
2026-06-30,2026-06-30,CM,BSE,STK,543994,INE880J01026,JSWINFRA,A,,,,,JSW Infrastructure Limited,321.50,328.55,318.70,322.00,324.00,320.85,,322.15,,,144024,46481192.00,2334,F1,1,,,,,
2026-06-30,2026-06-30,CM,BSE,STK,543995,INE0KNT01012,MVGJL,B,,,,,MANOJ VAIBHAV GEMS 'N' JEWELLE,142.90,146.70,142.00,145.35,145.50,143.10,,145.54,,,5697,826985.00,317,F1,1,,,,,
2026-06-30,2026-06-30,CM,BSE,STK,543996,INE851I01011,UDS,B,,,,,Updater Services Limited,187.40,188.50,182.45,187.40,185.75,185.05,,187.93,,,8237,1533678.00,198,F1,1,,,,,
2026-06-30,2026-06-30,CM,BSE,STK,543997,INE0MIO01019,ORGANICREC,M,,,,,ORGANIC RECYCLING SYSTEMS LIMI,235.40,237.50,230.50,230.80,230.75,235.45,,230.80,,,50400,11816130.00,83,F1,600,,,,,
2026-06-30,2026-06-30,CM,BSE,STK,543998,INE0JWS01017,VALIANTLAB,T,,,,,Valiant Laboratories Limited,68.00,68.00,65.00,67.99,67.99,66.64,,65.00,,,1497,99566.00,9,F1,1,,,,,
2026-06-30,2026-06-30,CM,BSE,STK,543999,INF769K01KT9,SENSEXETF,A,,,,,Mirae Asset Mutual Fund,78.33,79.22,78.28,78.93,78.93,79.14,,79.14,,,5347,420991.00,91,F1,1,,,,,
2026-06-30,2026-06-30,CM,BSE,STK,544000,INE0M7501019,CCAL,MT,,,,,CITY CROPS AGRO LIMITED,28.11,28.11,25.51,25.51,25.51,26.78,,25.51,,,84000,2345640.00,10,F1,6000,,,,,
2026-06-30,2026-06-30,CM,BSE,STK,544001,INE0Q1S01010,SUNITATOOL,MT,,,,,Sunita Tools Limited,675.55,698.15,675.55,698.15,698.15,684.50,,698.15,,,14500,10111875.00,29,F1,125,,,,,
2026-06-30,2026-06-30,CM,BSE,STK,544003,INE0INJ01017,PLAZACABLE,T,,,,,Plaza Wires Limited,47.00,47.00,44.60,44.79,46.20,46.06,,45.39,,,4795,217587.00,53,F1,1,,,,,
2026-06-30,2026-06-30,CM,BSE,STK,544004,INE07U701015,IRMENERGY,B,,,,,IRM ENERGY LIMITED,263.75,264.20,261.65,263.35,263.35,262.80,,262.35,,,4512,1187329.00,290,F1,1,,,,,
2026-06-30,2026-06-30,CM,BSE,STK,544006,INF769K01KV5,ITETF,B,,,,,Mirae Asset Mutual Fund,28.45,29.05,27.76,28.00,27.92,28.60,,28.04,,,121865,3418228.00,658,F1,1,,,,,
2026-06-30,2026-06-30,CM,BSE,STK,544007,INF769K01KU7,ALPHAETF,B,,,,,Mirae Asset Mutual Fund,26.32,26.32,26.00,26.25,26.27,26.17,,26.20,,,15205,396657.00,195,F1,1,,,,,
2026-06-30,2026-06-30,CM,BSE,STK,544008,INE03EI01018,MAXESTATES,B,,,,,Max Estates Limited,423.85,429.75,422.50,429.75,429.75,423.40,,428.50,,,422,179417.00,49,F1,1,,,,,
2026-06-30,2026-06-30,CM,BSE,STK,544009,INE0KBH01020,BLUEJET,A,,,,,Blue Jet Healthcare Limited,518.30,527.80,518.15,524.50,522.05,516.50,,525.15,,,14148,7386649.00,448,F1,1,,,,,
2026-06-30,2026-06-30,CM,BSE,STK,544010,INF200KA13Z8,LIQUIDSBI,F,,,,,SBI Mutual Fund,1000.01,1000.01,999.99,999.99,999.99,1000.01,,1000.01,,,18,18000.00,2,F1,1,,,,,
2026-06-30,2026-06-30,CM,BSE,STK,544012,INE0LMW01024,CELLO,A,,,,,Cello World Limited,373.90,374.45,369.50,370.05,371.25,373.85,,370.10,,,5677,2111227.00,375,F1,1,,,,,
2026-06-30,2026-06-30,CM,BSE,STK,544014,INE0J5401028,HONASA,A,,,,,Honasa Consumer Limited,445.25,464.35,441.15,458.40,457.75,446.30,,457.90,,,153093,69262523.00,2381,F1,1,,,,,
2026-06-30,2026-06-30,CM,BSE,STK,544015,INE0QI101019,MISHDESIGN,M,,,,,Mish Designs Limited,31.36,32.00,31.36,32.00,32.00,33.00,,32.00,,,1000,31680.00,2,F1,500,,,,,
2026-06-30,2026-06-30,CM,BSE,STK,544020,INE818W01011,ESAFSFB,B,,,,,ESAF Small Finance Bank Ltd,32.97,33.55,32.41,33.50,33.30,32.50,,33.50,,,33616,1114310.00,379,F1,1,,,,,
2026-06-30,2026-06-30,CM,BSE,STK,544021,INE004A01022,PROTEAN,A,,,,,Protean eGov Technologies Limi,597.95,600.00,585.20,592.40,592.40,591.00,,591.40,,,11225,6662446.00,605,F1,1,,,,,
2026-06-30,2026-06-30,CM,BSE,STK,544022,INE491J01022,ASKAUTOLTD,B,,,,,ASK Automotive Limited,461.00,461.80,445.35,449.15,450.85,460.90,,449.25,,,5941,2692977.00,439,F1,1,,,,,
2026-06-30,2026-06-30,CM,BSE,STK,544023,INE0N6U01018,KALYANI,MT,,,,,Kalyani Cast-Tech Limited,678.00,690.00,666.10,682.40,685.00,677.85,,682.40,,,8750,5954350.00,29,F1,250,,,,,
2026-06-30,2026-06-30,CM,BSE,STK,544025,INE0PP401015,ARROWHEAD,M,,,,,Arrowhead Seperation Engineeri,70.00,70.00,70.00,70.00,70.00,70.00,,70.00,,,600,42000.00,1,F1,600,,,,,
2026-06-30,2026-06-30,CM,BSE,STK,544026,INE202E01016,IREDA,A,,,,,Indian Renewable Energy Develo,127.95,130.55,127.05,128.65,128.65,127.40,,128.69,,,369319,47614913.00,18298,F1,1,,,,,
2026-06-30,2026-06-30,CM,BSE,STK,544027,INE007N01010,FEDFINA,B,,,,,Fedbank Financial Services Lim,144.00,149.50,144.00,148.30,148.75,146.95,,148.70,,,96943,14233390.00,838,F1,1,,,,,
2026-06-30,2026-06-30,CM,BSE,STK,544028,INE142M01025,TATATECH,A,,,,,Tata Technologies Limited,715.45,719.25,682.35,684.55,684.55,715.45,,684.15,,,178081,123720092.00,8511,F1,1,,,,,
2026-06-30,2026-06-30,CM,BSE,STK,544029,INE717W01049,GANDHAR,B,,,,,Gandhar Oil Refinery (India) L,180.80,184.35,178.15,183.40,184.00,179.15,,183.45,,,77918,14080601.00,599,F1,1,,,,,
2026-06-30,2026-06-30,CM,BSE,STK,544030,INE00Y201027,FLAIR,B,,,,,Flair Writing Industries Limit,265.00,265.00,258.35,260.25,258.35,264.65,,260.00,,,17320,4546038.00,1404,F1,1,,,,,
2026-06-30,2026-06-30,CM,BSE,STK,544035,INE0RDR01012,SPL,M,,,,,Swashthik Plascon Limited,22.00,23.00,21.50,23.00,23.00,22.20,,23.00,,,24000,527520.00,14,F1,1600,,,,,
2026-06-30,2026-06-30,CM,BSE,STK,544037,INE0P9J01013,AMIC,M,,,,,Amic Forging Limited,1868.00,1883.00,1770.00,1783.35,1773.00,1843.60,,1783.35,,,40600,74149585.00,318,F1,100,,,,,
2026-06-30,2026-06-30,CM,BSE,STK,544042,INE0KQN01018,BAJEL,B,,,,,Bajel Projects Limited,194.00,196.00,192.00,193.25,196.00,192.40,,193.02,,,6757,1304914.00,264,F1,1,,,,,
2026-06-30,2026-06-30,CM,BSE,STK,544043,INF251K01SU9,BBNPPGOLD,E,,,,,BARODA BNP PARIBAS MUTUAL FUND,134.76,138.12,134.76,136.00,136.00,135.32,,135.60,,,874,118778.00,17,F1,1,,,,,
2026-06-30,2026-06-30,CM,BSE,STK,544044,INE922K01024,INDIASHLTR,A,,,,,India Shelter Finance Corporat,765.40,788.00,765.25,768.00,766.85,767.50,,769.35,,,3179,2458386.00,196,F1,1,,,,,
2026-06-30,2026-06-30,CM,BSE,STK,544045,INE321T01012,DOMS,A,,,,,DOMS Industries Limited,2236.05,2346.00,2236.00,2311.60,2314.60,2226.70,,2309.70,,,10538,24283562.00,1592,F1,1,,,,,
2026-06-30,2026-06-30,CM,BSE,STK,544046,INE616N01034,INOXINDIA,A,,,,,INOX India Limited,1907.40,1976.65,1860.00,1960.75,1961.40,1868.05,,1958.60,,,38033,74256276.00,2547,F1,1,,,,,
2026-06-30,2026-06-30,CM,BSE,STK,544047,INE0QSK01017,SIYARAM,MT,,,,,Siyaram Recycling Industries L,36.29,37.49,36.16,36.98,37.49,36.29,,36.98,,,55500,2044575.00,29,F1,1500,,,,,
2026-06-30,2026-06-30,CM,BSE,STK,544053,INE0FRK01020,MOTISONS,B,,,,,Motisons Jewellers Limited,14.10,14.22,13.75,14.09,14.09,13.97,,14.05,,,1423846,19909303.00,939,F1,1,,,,,
2026-06-30,2026-06-30,CM,BSE,STK,544054,INE843S01025,SURAJEST,B,,,,,Suraj Estate Developers Limite,189.25,207.00,188.55,198.55,198.15,188.00,,198.43,,,16212,3193545.00,812,F1,1,,,,,
2026-06-30,2026-06-30,CM,BSE,STK,544055,INE046W01019,MUTHOOTMF,B,,,,,Muthoot Microfin Limited,207.05,216.00,207.05,213.90,215.45,207.65,,214.35,,,23972,5116055.00,669,F1,1,,,,,
2026-06-30,2026-06-30,CM,BSE,STK,544057,INE330T01021,HAPPYFORGE,B,,,,,Happy Forgings Limited,1530.00,1549.55,1528.70,1536.45,1539.50,1524.95,,1537.80,,,2465,3793973.00,383,F1,1,,,,,
2026-06-30,2026-06-30,CM,BSE,STK,544058,INE220Q01020,MUFTI,B,,,,,Credo Brands Marketing Limited,86.16,87.05,85.05,85.22,85.22,86.87,,85.16,,,7754,664589.00,133,F1,1,,,,,
2026-06-30,2026-06-30,CM,BSE,STK,544060,INE0PEQ01016,RBZJEWEL,B,,,,,RBZ Jewellers Limited,132.90,145.95,132.90,137.85,136.80,133.70,,138.13,,,33413,4684432.00,1289,F1,1,,,,,
2026-06-30,2026-06-30,CM,BSE,STK,544061,INE02IJ01035,AZAD,A,,,,,Azad Engineering Limited,1987.05,2062.90,1987.05,2054.90,2046.00,1985.80,,2055.30,,,54024,109414074.00,2536,F1,1,,,,,
2026-06-30,2026-06-30,CM,BSE,STK,544066,INE0Q3R01026,SUNCLAY,B,,,,,SUNDARAM-CLAYTON LIMITED,1407.70,1407.70,1354.15,1365.35,1369.70,1380.05,,1357.70,,,402,559971.00,78,F1,1,,,,,
2026-06-30,2026-06-30,CM,BSE,STK,544067,INE0DUT01020,INNOVACAP,B,,,,,INNOVA CAPTAB LIMITED,1010.00,1031.80,973.95,977.30,975.95,995.45,,978.40,,,4921,4934727.00,372,F1,1,,,,,
2026-06-30,2026-06-30,CM,BSE,STK,544072,INE0QFT01015,AIKPIPES,MT,,,,,AIK Pipes and Polymers Limited,21.65,21.65,20.77,20.77,20.77,21.73,,20.77,,,2400,51256.00,3,F1,800,,,,,
2026-06-30,2026-06-30,CM,BSE,STK,544073,INE0A6N01026,MCPL,MT,,,,,Manoj Ceramic Limited,102.00,110.00,102.00,106.49,110.00,105.55,,106.49,,,23000,2368450.00,13,F1,1000,,,,,
2026-06-30,2026-06-30,CM,BSE,STK,544074,INE0RNZ01014,SBVCL,M,,,,,Shri Balaji Valve Components L,110.50,110.50,110.00,110.00,110.00,110.50,,110.00,,,1200,132300.00,2,F1,600,,,,,
2026-06-30,2026-06-30,CM,BSE,STK,544079,INE0PSC01024,DIGIDRIVE,B,,,,,DIGIDRIVE DISTRIBUTORS LIMITED,18.75,19.00,18.34,18.90,18.90,18.10,,18.92,,,2247,41623.00,9,F1,1,,,,,
2026-06-30,2026-06-30,CM,BSE,STK,544080,INE0MGS01014,SHILINDORE,X,,,,,Sayaji Hotels (Indore) Limited,1240.00,1302.00,1240.00,1302.00,1302.00,1240.00,,1302.00,,,43342,56431023.00,22,F1,1,,,,,
2026-06-30,2026-06-30,CM,BSE,STK,544081,INE980O01024,JYOTICNC,A,,,,,Jyoti CNC Automation Limited,789.00,790.95,765.00,772.85,774.00,785.95,,775.00,,,87921,68193027.00,3092,F1,1,,,,,
2026-06-30,2026-06-30,CM,BSE,STK,544082,INE0GEN01012,SWANAGRO,M,,,,,New Swan Multitech Limited,48.70,48.70,44.75,45.00,45.00,47.90,,45.00,,,8000,368300.00,4,F1,2000,,,,,
2026-06-30,2026-06-30,CM,BSE,STK,544088,INE456Z01021,MEDIASSIST,A,,,,,Medi Assist Healthcare Service,359.95,367.70,359.95,365.60,365.60,362.90,,365.55,,,3987,1449627.00,382,F1,1,,,,,
2026-06-30,2026-06-30,CM,BSE,STK,544089,INF0R8F01034,LIQUIDCASE,F,,,,,Zerodha Mutual Fund,114.77,114.78,114.76,114.77,114.77,114.76,,114.76,,,584218,67051512.00,514,F1,1,,,,,
2026-06-30,2026-06-30,CM,BSE,STK,544090,INE07G501017,SHPLPUNE,X,,,,,Sayaji Hotels (Pune) Limited,809.00,910.00,790.05,831.85,831.85,807.80,,831.85,,,4563,3757605.00,75,F1,1,,,,,
2026-06-30,2026-06-30,CM,BSE,STK,544091,INE0Q1R01012,QLL,M,,,,,Qualitek Labs Limited,467.70,483.00,456.10,478.75,480.00,450.80,,478.75,,,29200,13639480.00,64,F1,400,,,,,
2026-06-30,2026-06-30,CM,BSE,STK,544092,INF0QA701722,NIFTYBETF,B,,,,,Bajaj Finserv Mutual Fund,246.19,246.19,245.03,245.03,245.03,245.74,,245.31,,,201,49252.00,2,F1,1,,,,,
2026-06-30,2026-06-30,CM,BSE,STK,544093,INF0QA701714,BANKBETF,B,,,,,Bajaj Finserv Mutual Fund,57.93,58.79,57.93,58.79,58.79,58.53,,58.54,,,1473,86232.00,14,F1,1,,,,,
2026-06-30,2026-06-30,CM,BSE,STK,544095,INE0G5901015,EPACK,A,,,,,EPACK Durable Limited,232.00,237.00,227.50,232.50,233.60,232.00,,232.69,,,36603,8448424.00,674,F1,1,,,,,
2026-06-30,2026-06-30,CM,BSE,STK,544100,INE02H701025,NOVAAGRI,T,,,,,Nova Agritech Limited,23.85,25.47,23.85,24.32,24.16,24.57,,24.35,,,4556,110793.00,65,F1,1,,,,,
2026-06-30,2026-06-30,CM,BSE,STK,544101,INE0Q6L01014,BRISK,M,,,,,Brisk Technovision Limited,99.50,103.05,99.50,102.61,102.95,99.20,,102.61,,,4000,407952.00,5,F1,800,,,,,
2026-06-30,2026-06-30,CM,BSE,STK,544102,INF789F1AZD8,ITBETA,B,,,,,UTI Mutual Fund,283.00,283.00,277.24,277.24,277.24,284.41,,276.24,,,294,82056.00,34,F1,1,,,,,
2026-06-30,2026-06-30,CM,BSE,STK,544104,INF789F1AZF3,GILT10BETA,F,,,,,UTI Mutual Fund,26.84,26.84,26.81,26.81,26.81,26.62,,26.31,,,23,616.00,3,F1,1,,,,,
2026-06-30,2026-06-30,CM,BSE,STK,544105,INE0OLZ01015,HARSHDEEP,M,,,,,HARSHDEEP HORTICO LIMITED,86.00,86.00,85.01,85.01,85.01,85.01,,85.01,,,10500,894105.00,6,F1,1500,,,,,
2026-06-30,2026-06-30,CM,BSE,STK,544106,INE0R5Z01015,MCFL,M,,,,,Mayank Cattle Food Limited,215.30,218.95,211.00,211.75,211.00,215.70,,211.75,,,31800,6826050.00,42,F1,600,,,,,
2026-06-30,2026-06-30,CM,BSE,STK,544107,INE0NLT01010,BLSE,B,,,,,BLS E-Services Limited,235.95,236.90,230.05,232.95,232.85,233.60,,233.24,,,16315,3805137.00,311,F1,1,,,,,
2026-06-30,2026-06-30,CM,BSE,STK,544108,INE0QZF01012,GPSL,M,,,,,Gabriel Pet Straps Limited,114.65,114.65,107.55,108.05,108.50,109.20,,108.05,,,2400,267210.00,4,F1,600,,,,,
2026-06-30,2026-06-30,CM,BSE,STK,544109,INF740KA1UF4,HEALTHADD,B,,,,,DSP Mutual Fund,163.00,165.48,162.50,163.50,163.50,162.93,,162.96,,,801,130947.00,22,F1,1,,,,,
2026-06-30,2026-06-30,CM,BSE,STK,544110,INF179KC1HW4,HDFCPSUBK,B,,,,,HDFC Mutual Fund,86.03,87.16,86.03,86.21,86.70,86.84,,86.21,,,3194,275631.00,70,F1,1,,,,,
2026-06-30,2026-06-30,CM,BSE,STK,544111,INE988S01028,PARKHOTELS,B,,,,,Apeejay Surrendra Park Hotels,119.60,121.10,119.45,120.00,119.80,119.35,,119.95,,,6561,788583.00,148,F1,1,,,,,
2026-06-30,2026-06-30,CM,BSE,STK,544112,INE0QXV01014,JGTL,X,,,,,JASCH GAUGING TECHNOLOGIES LIM,500.00,514.75,493.15,499.60,514.75,493.15,,499.60,,,301,149831.00,22,F1,1,,,,,
2026-06-30,2026-06-30,CM,BSE,STK,544117,INE0KGZ01021,SIGNPOST,B,,,,,Signpost India Limited,248.35,286.00,244.90,273.25,273.25,246.95,,273.35,,,375648,104218465.00,6314,F1,1,,,,,
2026-06-30,2026-06-30,CM,BSE,STK,544118,INE953L01027,JSFB,A,,,,,JANA SMALL FINANCE BANK LIMITE,464.65,472.40,463.90,468.80,467.30,466.85,,468.75,,,5792,2713838.00,166,F1,1,,,,,
2026-06-30,2026-06-30,CM,BSE,STK,544119,INE0J1F01024,RPTECH,B,,,,,Rashi Peripherals Limited,760.05,784.85,744.80,772.40,771.65,753.90,,773.65,,,68225,51920663.00,1418,F1,1,,,,,
2026-06-30,2026-06-30,CM,BSE,STK,544120,INE646H01017,CAPITALSFB,B,,,,,Capital Small Finance Bank Ltd,280.00,282.40,271.95,276.60,280.15,281.15,,277.65,,,3662,1011783.00,109,F1,1,,,,,
2026-06-30,2026-06-30,CM,BSE,STK,544121,INE0OYK01010,RUDRAGAS,M,,,,,Rudra Gas Enterprise Limited,71.21,71.49,70.00,71.49,71.49,73.00,,71.49,,,11000,780430.00,9,F1,1000,,,,,
2026-06-30,2026-06-30,CM,BSE,STK,544122,INE010601016,ENTERO,B,,,,,Entero Healthcare Solutions Li,1197.20,1204.20,1185.60,1188.85,1185.60,1200.35,,1190.00,,,3348,4003148.00,231,F1,1,,,,,
2026-06-30,2026-06-30,CM,BSE,STK,544123,INF767K01RN1,LICNMID100,B,,,,,LIC Mutual Fund,62.00,62.39,61.90,62.10,62.39,62.14,,61.96,,,500,31000.00,20,F1,1,,,,,
2026-06-30,2026-06-30,CM,BSE,STK,544124,INE0QTF01015,VSTL,B,,,,,VIBHOR STEEL TUBES LIMITED,113.70,116.85,113.70,114.05,114.05,114.05,,114.87,,,224,25704.00,11,F1,1,,,,,
2026-06-30,2026-06-30,CM,BSE,STK,544129,INE696F01016,JUNIPER,B,,,,,Juniper Hotels Limited,192.75,196.25,191.90,193.80,194.20,193.60,,194.00,,,5107,988264.00,219,F1,1,,,,,
2026-06-30,2026-06-30,CM,BSE,STK,544130,INF769K01LC3,SMALLCAP,B,,,,,Mirae Asset Mutual Fund,45.90,46.44,45.74,46.38,46.40,46.24,,46.37,,,255511,11826656.00,473,F1,1,,,,,
2026-06-30,2026-06-30,CM,BSE,STK,544131,INE486R01017,GPTHEALTH,B,,,,,GPT Healthcare Limited,146.90,149.75,145.30,148.15,149.75,147.25,,148.44,,,10808,1597108.00,247,F1,1,,,,,
2026-06-30,2026-06-30,CM,BSE,STK,544132,INF0R8F01042,GOLDCASE,E,,,,,Zerodha Mutual Fund,21.59,22.15,21.59,22.05,22.05,22.15,,22.05,,,569534,12499558.00,2093,F1,1,,,,,
2026-06-30,2026-06-30,CM,BSE,STK,544133,INE777F01014,EXICOM,B,,,,,EXICOM TELE-SYSTEMS LIMITED,159.95,172.00,157.25,170.80,170.80,156.05,,170.83,,,369947,61845284.00,2753,F1,1,,,,,
2026-06-30,2026-06-30,CM,BSE,STK,544134,INE0PT501018,PLATIND,B,,,,,Platinum Industries Limited,223.00,225.90,220.25,225.75,225.90,222.35,,225.06,,,5533,1227186.00,159,F1,1,,,,,
2026-06-30,2026-06-30,CM,BSE,STK,544135,INE0CG401037,MUKKA,B,,,,,Mukka Proteins Limited,23.45,24.09,23.45,23.80,23.80,23.59,,23.82,,,18934,446782.00,600,F1,1,,,,,
2026-06-30,2026-06-30,CM,BSE,STK,544136,INE0NQ801033,RKSWAMY,B,,,,,R K Swamy Limited,98.07,102.75,96.95,102.00,102.40,98.03,,101.70,,,3992,401955.00,147,F1,1,,,,,
2026-06-30,2026-06-30,CM,BSE,STK,544137,INE0NHL23019,INDUSINVIT,IF,,,,,Indus Infra Trust,125.35,126.55,125.35,126.31,126.40,125.52,,126.12,,,2869,361917.00,133,F1,1,,,,,
2026-06-30,2026-06-30,CM,BSE,STK,544138,INE0MB501011,JGCHEM,B,,,,,J.G.Chemicals Limited,424.85,429.50,417.05,424.65,426.05,422.75,,425.85,,,977,411557.00,82,F1,1,,,,,
2026-06-30,2026-06-30,CM,BSE,STK,544139,INE0M8R01011,KOURA,M,,,,,KOURA FINE DIAMOND JEWELRY LIM,31.91,31.91,31.91,31.91,31.91,33.01,,31.91,,,2000,63820.00,1,F1,2000,,,,,
2026-06-30,2026-06-30,CM,BSE,STK,544140,INE0L9R01028,GOPAL,B,,,,,Gopal Snacks Limited,280.00,280.00,274.00,274.85,276.95,276.25,,274.85,,,11861,3282043.00,283,F1,1,,,,,
2026-06-30,2026-06-30,CM,BSE,STK,544141,INE510U01018,PESB,MT,,,,,Pune E - Stock Broking Limited,276.30,276.30,276.30,276.30,276.30,270.95,,276.30,,,800,221040.00,1,F1,800,,,,,
2026-06-30,2026-06-30,CM,BSE,STK,544142,INE0PB301013,SCILAL,B,,,,,Shipping Corporation of India,43.90,44.21,43.57,43.95,43.85,44.02,,43.92,,,29017,1272373.00,250,F1,1,,,,,
2026-06-30,2026-06-30,CM,BSE,STK,544143,INE0QQG01019,ROYAL,M,,,,,Royal Sense Limited,95.00,95.00,94.00,94.35,95.00,99.00,,94.35,,,2000,189000.00,4,F1,500,,,,,
2026-06-30,2026-06-30,CM,BSE,STK,544144,INE772T01024,PVSL,B,,,,,Popular Vehicles and Services,90.50,92.31,89.48,91.52,91.74,90.23,,91.64,,,2674,242057.00,299,F1,1,,,,,
2026-06-30,2026-06-30,CM,BSE,STK,544149,INE0QN801017,KRYSTAL,B,,,,,KRYSTAL INTEGRATED SERVICES LI,600.25,600.25,600.25,600.25,600.25,600.25,,600.05,,,5,3001.00,1,F1,1,,,,,
2026-06-30,2026-06-30,CM,BSE,STK,544150,INE0QVH01025,KPGEL,M,,,,,KP GREEN ENGINEERING LIMITED,367.00,378.00,362.00,371.80,367.80,366.45,,371.80,,,88500,32785587.00,123,F1,250,,,,,
2026-06-30,2026-06-30,CM,BSE,STK,544151,INE0AH901011,CHATHA,M,,,,,CHATHA FOODS LIMITED,86.90,87.00,86.80,86.80,86.80,87.21,,86.80,,,5000,434700.00,3,F1,1000,,,,,
2026-06-30,2026-06-30,CM,BSE,STK,544157,INE0OMZ01013,VRUDDHI,M,,,,,Vruddhi Engineering Works Limi,216.00,216.00,216.00,216.00,216.00,216.00,,216.00,,,500,108000.00,1,F1,500,,,,,
2026-06-30,2026-06-30,CM,BSE,STK,544158,INE0R6Z01013,SRM,B,,,,,SRM CONTRACTORS LIMITED,509.60,541.00,509.60,512.60,515.40,509.10,,513.10,,,34424,18024409.00,1055,F1,1,,,,,
2026-06-30,2026-06-30,CM,BSE,STK,544159,INF740KA1UM0,LIQUIDADD,F,,,,,DSP BSE Liquid Rate ETF,1133.40,1133.42,1133.40,1133.42,1133.41,1133.25,,1133.40,,,31583,35796718.00,25,F1,1,,,,,
2026-06-30,2026-06-30,CM,BSE,STK,544160,INE0MSS01019,JAYKAILASH,MT,,,,,Jay Kailash Namkeen Limited,27.89,27.89,27.89,27.89,27.89,29.35,,27.89,,,8000,223120.00,5,F1,1600,,,,,
2026-06-30,2026-06-30,CM,BSE,STK,544161,INE266Y01019,DPABHUSHAN,B,,,,,D P ABHUSHAN LIMITED,951.00,957.00,934.00,939.15,934.00,952.15,,935.65,,,194,183418.00,47,F1,1,,,,,
2026-06-30,2026-06-30,CM,BSE,STK,544162,INE343G01021,BHARTIHEXA,A,,,,,Bharti Hexacom Limited,1459.65,1493.10,1459.60,1481.25,1484.50,1441.20,,1482.80,,,16397,24269009.00,1544,F1,1,,,,,
2026-06-30,2026-06-30,CM,BSE,STK,544163,INE0S0701019,GVL,M,,,,,Greenhitech Ventures Limited,52.75,54.99,52.75,54.99,54.99,57.00,,54.99,,,5000,270470.00,5,F1,1000,,,,,
2026-06-30,2026-06-30,CM,BSE,STK,544164,INE0Q9W01015,FAALCON,M,,,,,Faalcon Concepts Limited,34.88,34.88,34.88,34.88,34.88,31.00,,34.88,,,2000,69760.00,1,F1,2000,,,,,
2026-06-30,2026-06-30,CM,BSE,STK,544165,INE0SGR01013,SHIVAM,M,,,,,SHIVAM CHEMICALS LIMITED,112.45,112.45,108.04,110.00,110.00,109.00,,110.00,,,7500,822795.00,5,F1,1500,,,,,
2026-06-30,2026-06-30,CM,BSE,STK,544166,INE0SDC01012,EMMFORCE,M,,,,,EMMFORCE AUTOTECH LIMITED,155.00,158.85,154.00,154.35,154.00,153.60,,154.35,,,26400,4118460.00,22,F1,1200,,,,,
2026-06-30,2026-06-30,CM,BSE,STK,544167,INE0OAF01028,JNKINDIA,B,,,,,JNK India Limited,488.95,506.75,487.85,505.25,505.25,492.10,,504.70,,,58384,29142784.00,1463,F1,1,,,,,
2026-06-30,2026-06-30,CM,BSE,STK,544169,INE0QSB01016,AMKAY,M,,,,,Amkay Products Limited,52.35,54.95,52.35,54.95,54.95,52.35,,54.95,,,4000,214600.00,2,F1,2000,,,,,
2026-06-30,2026-06-30,CM,BSE,STK,544170,INE0QXT01018,DKUAL,M,,,,,Dolphin Kitchen Utensils and A,9.16,9.28,9.02,9.24,9.24,9.49,,9.24,,,32000,292040.00,14,F1,2000,,,,,
2026-06-30,2026-06-30,CM,BSE,STK,544171,INE0RGM01016,STAL,M,,,,,Storage Technologies and Autom,31.84,31.84,31.84,31.84,31.84,32.00,,31.84,,,1600,50944.00,2,F1,800,,,,,
2026-06-30,2026-06-30,CM,BSE,STK,544172,INE065X01017,INDGN,A,,,,,Indegene Limited,522.65,527.50,515.00,525.65,524.05,516.75,,525.40,,,8401,4386675.00,415,F1,1,,,,,
2026-06-30,2026-06-30,CM,BSE,STK,544173,INE0QOQ01013,FTL,MT,,,,,Finelistings Technologies Limi,18.40,18.40,18.40,18.40,18.40,19.36,,18.40,,,2000,36800.00,2,F1,1000,,,,,
2026-06-30,2026-06-30,CM,BSE,STK,544174,INE673O01025,TBOTEK,A,,,,,TBO TEK LIMITED,1439.60,1445.00,1411.00,1427.55,1425.85,1439.60,,1429.70,,,1781,2534282.00,147,F1,1,,,,,
2026-06-30,2026-06-30,CM,BSE,STK,544175,INE0SMU01015,TGIF,M,,,,,TGIF AGRIBUSINESS LIMITED,104.00,104.00,104.00,104.00,104.00,98.00,,104.00,,,1200,124800.00,1,F1,1200,,,,,
2026-06-30,2026-06-30,CM,BSE,STK,544176,INE883F01010,AADHARHFC,A,,,,,Aadhar Housing Finance Limited,524.80,524.80,513.75,515.40,514.25,518.30,,515.60,,,116420,60192242.00,306,F1,1,,,,,
2026-06-30,2026-06-30,CM,BSE,STK,544177,INE0SCB01016,AZTEC,M,,,,,Aztec Fluids & Machinery Limit,102.50,115.00,102.50,107.85,107.85,99.70,,107.85,,,118000,12725670.00,63,F1,1000,,,,,
2026-06-30,2026-06-30,CM,BSE,STK,544178,INE0R4W01015,PIOTEX,M,,,,,PIOTEX INDUSTRIES LIMITED,30.95,30.95,30.01,30.01,30.01,31.00,,30.01,,,2400,73152.00,2,F1,1200,,,,,
2026-06-30,2026-06-30,CM,BSE,STK,544179,INE03JT01014,GODIGIT,A,,,,,Go Digit General Insurance Lim,319.60,328.00,314.55,323.25,323.25,319.20,,322.75,,,27485,8859565.00,897,F1,1,,,,,
2026-06-30,2026-06-30,CM,BSE,STK,544180,INF769K01LJ8,MIDSMALL,B,,,,,Mirae Asset Mutual Fund,50.50,50.93,50.38,50.85,50.86,50.73,,50.78,,,8181,415139.00,134,F1,1,,,,,
2026-06-30,2026-06-30,CM,BSE,STK,544181,INE108V01019,AWFIS,A,,,,,Awfis Space Solutions Limited,290.05,303.85,290.05,302.45,303.65,294.40,,302.40,,,13912,4135087.00,327,F1,1,,,,,
2026-06-30,2026-06-30,CM,BSE,STK,544182,INF0QA701854,LIQUIDBETF,F,,,,,Bajaj Finserv Mutual Fund,1088.08,1088.08,1088.06,1088.06,1088.06,1087.77,,1088.07,,,69,75077.00,33,F1,1,,,,,
2026-06-30,2026-06-30,CM,BSE,STK,544183,INE0RIQ01013,ASSOCIATED,M,,,,,Associated Coaters Limited,109.00,109.00,109.00,109.00,109.00,97.90,,109.00,,,500,54500.00,1,F1,500,,,,,
2026-06-30,2026-06-30,CM,BSE,STK,544184,INE02L001032,BOROSCI,B,,,,,Borosil Scientific Limited,176.35,179.85,171.95,174.35,173.70,174.20,,173.58,,,60433,10569467.00,1048,F1,1,,,,,
2026-06-30,2026-06-30,CM,BSE,STK,544185,INE257C01014,ADTECH,X,,,,,ADTECH SYSTEMS LIMITED,59.90,70.00,59.80,61.52,61.50,59.00,,61.52,,,8912,547852.00,80,F1,1,,,,,
2026-06-30,2026-06-30,CM,BSE,STK,544186,INE0TT901016,TOTEM,X,,,,,Forbes Precision Tools and Mac,147.50,151.95,146.00,146.85,148.65,148.95,,146.85,,,8829,1300767.00,137,F1,1,,,,,
2026-06-30,2026-06-30,CM,BSE,STK,544187,INE0ATZ01017,KRONOX,B,,,,,KRONOX LAB SCIENCES LIMITED,151.60,153.90,149.35,150.50,149.75,153.10,,149.96,,,4649,701906.00,235,F1,1,,,,,
2026-06-30,2026-06-30,CM,BSE,STK,544189,INE0QUV01010,SATTRIX,M,,,,,SATTRIX INFORMATION SECURITY L,351.00,393.00,330.10,381.95,381.95,360.00,,381.95,,,12500,4364150.00,23,F1,500,,,,,
2026-06-30,2026-06-30,CM,BSE,STK,544190,INE0R7D01018,3CIT,M,,,,,3C IT Solutions and Telecoms (,16.50,16.50,16.50,16.50,16.50,16.50,,16.50,,,2000,33000.00,1,F1,2000,,,,,
2026-06-30,2026-06-30,CM,BSE,STK,544191,INE0CYK01015,PURPLEFIN,X,,,,,Purple Finance Limited,63.40,65.11,63.10,64.88,65.11,64.23,,64.88,,,21158,1355058.00,105,F1,1,,,,,
2026-06-30,2026-06-30,CM,BSE,STK,544192,INE0HV901016,IXIGO,A,,,,,Le Travenues Technology Limite,194.75,198.00,191.65,196.75,196.90,192.85,,196.66,,,55616,10864650.00,632,F1,1,,,,,
2026-06-30,2026-06-30,CM,BSE,STK,544193,INF0R8F01059,MID150CASE,B,,,,,Zerodha Mutual Fund,11.25,11.50,11.25,11.45,11.43,11.37,,11.43,,,54273,618410.00,258,F1,1,,,,,
2026-06-30,2026-06-30,CM,BSE,STK,544194,INF0R8F01067,TOP100CASE,B,,,,,Zerodha Mutual Fund,10.22,10.52,10.22,10.43,10.49,10.49,,10.45,,,59456,623888.00,151,F1,1,,,,,
2026-06-30,2026-06-30,CM,BSE,STK,544196,INF251K01TL6,BBNPNBETF,B,,,,,BARODA BNP PARIBAS MUTUAL FUND,58.00,58.19,58.00,58.19,58.19,58.00,,58.20,,,78,4535.00,4,F1,1,,,,,
2026-06-30,2026-06-30,CM,BSE,STK,544197,INE03DD01011,RETAIL,B,,,,,JHS SVENDGAARD RETAIL VENTURES,18.40,18.40,16.03,16.26,16.03,17.60,,16.72,,,861,14918.00,41,F1,1,,,,,
2026-06-30,2026-06-30,CM,BSE,STK,544198,INE841L01016,DEEDEV,T,,,,,DEE DEVELOPMENT ENGINEERS LIMI,679.00,680.00,636.80,647.15,647.00,666.45,,643.70,,,9789,6396727.00,251,F1,1,,,,,
2026-06-30,2026-06-30,CM,BSE,STK,544199,INE0RUJ01013,GEMENVIRO,M,,,,,GEM Enviro Management Limited,40.48,40.48,39.99,39.99,39.99,39.50,,39.99,,,2400,96376.00,3,F1,800,,,,,
2026-06-30,2026-06-30,CM,BSE,STK,544200,INE916Y01027,AFIL,T,,,,,Akme Fintrade (India) Limited,10.63,10.82,10.27,10.75,10.82,10.37,,10.74,,,122578,1297921.00,71,F1,1,,,,,
2026-06-30,2026-06-30,CM,BSE,STK,544201,INE0S6R01027,DFPL,MT,,,,,DINDIGUL FARM PRODUCT LIMITED,15.22,16.80,15.22,16.80,16.80,16.00,,16.80,,,24000,398200.00,12,F1,2000,,,,,
2026-06-30,2026-06-30,CM,BSE,STK,544202,INE01A001028,STANLEY,B,,,,,STANLEY LIFESTYLES LIMITED,153.15,155.00,149.00,150.85,150.95,150.50,,151.08,,,18693,2831500.00,651,F1,1,,,,,
2026-06-30,2026-06-30,CM,BSE,STK,544203,INE552Z01027,ABDL,A,,,,,Allied Blenders and Distillers,664.90,674.35,650.15,667.55,667.55,660.30,,667.85,,,63140,41846005.00,2124,F1,1,,,,,
2026-06-30,2026-06-30,CM,BSE,STK,544204,INE0S2V01010,VRAJ,B,,,,,VRAJ IRON AND STEEL LIMITED,120.10,121.45,116.20,116.35,116.35,117.00,,116.79,,,1319,155282.00,46,F1,1,,,,,
2026-06-30,2026-06-30,CM,BSE,STK,544205,INE0PO601011,NPL,XT,,,,,National Peroxide Limited,568.00,590.00,561.50,574.05,575.00,575.95,,574.05,,,483,278235.00,41,F1,1,,,,,
2026-06-30,2026-06-30,CM,BSE,STK,544206,INF200KB1217,SBISILVER,E,,,,,SBI Mutual Fund,216.20,219.34,211.16,217.99,218.83,213.21,,218.48,,,150185,32524595.00,3700,F1,1,,,,,
2026-06-30,2026-06-30,CM,BSE,STK,544207,INE375Y01018,RELIABLE,B,,,,,Reliable Data Services Limited,148.00,148.45,145.65,145.85,146.05,148.20,,146.85,,,377,55548.00,47,F1,1,,,,,
2026-06-30,2026-06-30,CM,BSE,STK,544209,INE0B9K01025,BANSALWIRE,B,,,,,Bansal Wire Industries Limited,334.30,349.60,334.30,340.15,339.05,334.30,,340.35,,,51085,17495232.00,1138,F1,1,,,,,
2026-06-30,2026-06-30,CM,BSE,STK,544210,INE168P01015,EMCURE,A,,,,,Emcure Pharmaceuticals Limited,1855.05,1860.00,1831.50,1835.90,1845.90,1848.25,,1836.00,,,12780,23526040.00,545,F1,1,,,,,
2026-06-30,2026-06-30,CM,BSE,STK,544211,INF209KC1134,ABGSEC,F,,,,,Aditya Birla Sun Life Mutual F,113.50,113.50,113.50,113.50,113.50,114.79,,113.50,,,2,227.00,2,F1,1,,,,,
2026-06-30,2026-06-30,CM,BSE,STK,544212,INF769K01LQ3,EVINDIA,B,,,,,Mirae Asset Mutual Fund,31.93,31.93,30.92,31.24,31.24,31.16,,31.22,,,39256,1220874.00,261,F1,1,,,,,
2026-06-30,2026-06-30,CM,BSE,STK,544213,INE0T3401029,ACLD,M,,,,,AELEA COMMODITIES LIMITED,152.05,155.90,149.60,154.25,154.10,155.00,,154.25,,,16800,2577180.00,25,F1,600,,,,,
2026-06-30,2026-06-30,CM,BSE,STK,544214,INE0UK501010,THREEMPAPE,M,,,,,THREE M PAPER BOARDS LIMITED,24.07,26.75,24.07,26.75,26.75,27.00,,26.75,,,4000,101640.00,2,F1,2000,,,,,
2026-06-30,2026-06-30,CM,BSE,STK,544215,INF200KB1282,SBINEQWETF,B,,,,,SBI Mutual Fund,33.00,33.01,32.64,32.97,32.97,32.85,,32.82,,,336,11060.00,19,F1,1,,,,,
2026-06-30,2026-06-30,CM,BSE,STK,544216,INF109KC18W3,OILIETF,B,,,,,ICICI Prudential Mutual Fund,11.30,11.30,11.14,11.21,11.19,11.18,,11.21,,,16630,185982.00,473,F1,1,,,,,
2026-06-30,2026-06-30,CM,BSE,STK,544217,INE08NE01025,SANSTAR,B,,,,,SANSTAR LIMITED,120.70,125.15,120.65,121.40,121.05,121.35,,121.47,,,39226,4826372.00,374,F1,1,,,,,
2026-06-30,2026-06-30,CM,BSE,STK,544218,INF209KB19Z4,ABSLPSE,B,,,,,Aditya Birla Sun Life Mutual F,10.44,10.44,10.26,10.39,10.31,10.34,,10.34,,,244,2523.00,21,F1,1,,,,,
2026-06-30,2026-06-30,CM,BSE,STK,544219,INE0MNP01016,VVIPIL,M,,,,,VVIP Infratech Limited,150.35,150.35,143.00,143.65,144.95,147.00,,143.65,,,7200,1050000.00,12,F1,600,,,,,
2026-06-30,2026-06-30,CM,BSE,STK,544220,INE0QMR01015,CTLLAB,M,,,,,Clinitech Laboratory Limited,44.69,44.69,42.00,42.00,42.00,45.60,,42.00,,,4800,210216.00,3,F1,1200,,,,,
2026-06-30,2026-06-30,CM,BSE,STK,544222,INE09XN01023,AKUMS,B,,,,,Akums Drugs and Pharmaceutical,631.25,642.20,621.40,623.10,623.85,624.30,,623.15,,,12364,7763683.00,510,F1,1,,,,,
2026-06-30,2026-06-30,CM,BSE,STK,544223,INE0AG901020,CEIGALL,B,,,,,Ceigall India Limited,399.90,405.00,390.00,391.75,390.65,397.70,,391.85,,,37922,15074555.00,1096,F1,1,,,,,
2026-06-30,2026-06-30,CM,BSE,STK,544224,INE0OXY01013,AFCOM,M,,,,,Afcom Holdings Limited,1220.35,1239.95,1142.90,1210.80,1217.00,1231.55,,1210.80,,,81600,98301012.00,475,F1,120,,,,,
2026-06-30,2026-06-30,CM,BSE,STK,544225,INE0LXG01040,OLAELEC,A,,,,,Ola Electric Mobility Limited,40.51,44.95,40.50,43.79,43.79,40.42,,43.76,,,26398356,1150259400.00,42127,F1,1,,,,,
2026-06-30,2026-06-30,CM,BSE,STK,544226,INE02RE01045,FIRSTCRY,A,,,,,Brainbees Solutions Limited,222.25,226.50,221.00,223.40,223.40,221.25,,223.29,,,65164,14546210.00,658,F1,1,,,,,
2026-06-30,2026-06-30,CM,BSE,STK,544227,INE00U401027,UNIECOM,B,,,,,UNICOMMERCE ESOLUTIONS LIMITED,87.01,89.06,86.96,87.37,88.05,87.55,,87.60,,,15718,1377325.00,242,F1,1,,,,,
2026-06-30,2026-06-30,CM,BSE,STK,544229,INF109KC19W1,METALIETF,B,,,,,ICICI Prudential Mutual Fund,12.26,12.71,12.26,12.57,12.62,12.58,,12.56,,,184329,2316340.00,610,F1,1,,,,,
2026-06-30,2026-06-30,CM,BSE,STK,544230,INE0PQ101010,SSDL,B,,,,,SARASWATI SAREE DEPOT LIMITED,57.00,57.74,56.56,56.91,56.85,57.00,,57.12,,,1405,80231.00,89,F1,1,,,,,
2026-06-30,2026-06-30,CM,BSE,STK,544231,INE0SFZ01018,BROACH,M,,,,,BROACH LIFECARE HOSPITAL LIMIT,13.41,13.41,13.35,13.41,13.41,15.98,,13.41,,,18000,241020.00,3,F1,6000,,,,,
2026-06-30,2026-06-30,CM,BSE,STK,544232,INE00M901018,INTERARCH,B,,,,,Interarch Building Solutions L,1915.45,1942.00,1890.45,1930.90,1920.85,1905.95,,1929.00,,,1120,2141765.00,138,F1,1,,,,,
2026-06-30,2026-06-30,CM,BSE,STK,544233,INE0US801024,MFML,B,,,,,Mahalaxmi Fabric Mills Limited,22.20,22.39,20.85,22.00,22.00,22.55,,21.24,,,4891,105856.00,26,F1,1,,,,,
2026-06-30,2026-06-30,CM,BSE,STK,544234,INE0URU01010,GLOBALE,T,,,,,Globale Tessile Limited,12.61,12.61,12.61,12.61,12.61,12.07,,12.61,,,1,12.00,1,F1,1,,,,,
2026-06-30,2026-06-30,CM,BSE,STK,544235,INE0PPK01015,ORIENTTECH,B,,,,,Orient Technologies Limited,248.90,249.85,244.85,246.85,246.10,244.95,,246.85,,,2612,645163.00,133,F1,1,,,,,
2026-06-30,2026-06-30,CM,BSE,STK,544236,INE0SK201011,RAL,MT,,,,,Resourceful Automobile Limited,54.49,54.60,54.40,54.60,54.60,52.00,,54.60,,,4800,261708.00,4,F1,1200,,,,,
2026-06-30,2026-06-30,CM,BSE,STK,544238,INE0BS701011,PREMIERENE,A,,,,,Premier Energies Limited,1029.10,1055.10,1029.10,1050.55,1050.55,1029.65,,1051.00,,,98009,102253511.00,3644,F1,1,,,,,
2026-06-30,2026-06-30,CM,BSE,STK,544239,INE06HJ01020,ECOSMOBLTY,T,,,,,ECOS (India) Mobility & Hospit,128.10,132.80,128.10,130.90,130.65,133.00,,130.46,,,3197,413199.00,82,F1,1,,,,,
2026-06-30,2026-06-30,CM,BSE,STK,544240,INE02ID01020,RAYMONDLSL,A,,,,,Raymond Lifestyle Limited,782.90,795.75,782.15,785.25,786.05,785.75,,785.50,,,4566,3598092.00,220,F1,1,,,,,
2026-06-30,2026-06-30,CM,BSE,STK,544241,INF769K01LX9,MULTICAP,B,,,,,Mirae Asset Mutual Fund,16.43,16.50,16.37,16.44,16.44,16.39,,16.43,,,2168,35629.00,267,F1,1,,,,,
2026-06-30,2026-06-30,CM,BSE,STK,544242,INE0SG001011,TRAVELS,MT,,,,,Travels & rentals Limited,10.00,10.00,9.98,10.00,10.00,9.98,,10.00,,,9000,89940.00,3,F1,3000,,,,,
2026-06-30,2026-06-30,CM,BSE,STK,544243,INE01FR01028,STYLEBAAZA,T,,,,,Baazar Style Retail Limited,252.60,279.10,252.60,279.10,279.10,265.85,,279.20,,,42413,10733179.00,99,F1,1,,,,,
2026-06-30,2026-06-30,CM,BSE,STK,544244,INE0RE001014,GALAPREC,B,,,,,Gala Precision Engineering Lim,1097.00,1140.00,1085.40,1108.95,1108.95,1067.55,,1107.45,,,8291,9202849.00,841,F1,1,,,,,
2026-06-30,2026-06-30,CM,BSE,STK,544246,INE0DAB01012,RVTH,B,,,,,Revathi Equipment India Limite,759.95,759.95,745.00,754.85,754.90,745.00,,759.25,,,17,12738.00,8,F1,1,,,,,
2026-06-30,2026-06-30,CM,BSE,STK,544247,INF740KA1UR9,TOP10ADD,B,,,,,DSP Mutual Fund,87.61,87.80,86.50,86.60,86.75,87.48,,86.70,,,2253,195478.00,81,F1,1,,,,,
2026-06-30,2026-06-30,CM,BSE,STK,544248,INE0UYT01018,MACHLTD,M,,,,,MACH TRAVEL SOLUTIONS LIMITED,139.95,139.95,138.95,139.80,139.80,135.00,,139.80,,,1800,251220.00,3,F1,600,,,,,
2026-06-30,2026-06-30,CM,BSE,STK,544249,INE0S2G01011,BALAJEE,B,,,,,SHREE TIRUPATI BALAJEE AGRO TR,29.05,29.48,28.50,28.94,28.63,28.91,,28.90,,,4781,138353.00,52,F1,1,,,,,
2026-06-30,2026-06-30,CM,BSE,STK,544250,INE0UOS01011,SANOFICONR,A,,,,,Sanofi Consumer Healthcare Ind,4578.90,4625.10,4550.00,4602.70,4625.10,4602.80,,4597.10,,,165,756607.00,70,F1,1,,,,,
2026-06-30,2026-06-30,CM,BSE,STK,544252,INE377Y01014,BAJAJHFL,A,,,,,Bajaj Housing Finance Limited,86.85,88.00,86.24,87.52,87.52,86.80,,87.50,,,604536,52718138.00,4480,F1,1,,,,,
2026-06-30,2026-06-30,CM,BSE,STK,544253,INE0O6601022,KROSS,B,,,,,Kross Limited,187.00,189.70,182.55,183.75,184.10,187.00,,183.73,,,14967,2772555.00,377,F1,1,,,,,
2026-06-30,2026-06-30,CM,BSE,STK,544254,INE0RWQ01014,TOLINS,B,,,,,Tolins Tyres Limited,105.10,105.10,103.40,103.60,103.95,104.20,,103.63,,,873,90938.00,48,F1,1,,,,,
2026-06-30,2026-06-30,CM,BSE,STK,544256,INE953R01016,PNGJL,B,,,,,P N GADGIL JEWELLERS LIMITED,537.95,538.55,528.00,536.85,537.60,529.60,,536.10,,,7886,4211258.00,278,F1,1,,,,,
2026-06-30,2026-06-30,CM,BSE,STK,544257,INE0Q3401017,SAFE,M,,,,,Sodhani Academy of Fintech Ena,148.55,152.50,148.55,150.55,152.50,162.00,,150.55,,,1000,150525.00,2,F1,500,,,,,
2026-06-30,2026-06-30,CM,BSE,STK,544258,INE0CJF01024,WCIL,B,,,,,Western Carriers (India) Limit,100.27,102.71,99.99,100.63,101.27,100.20,,100.35,,,1608,161666.00,51,F1,1,,,,,
2026-06-30,2026-06-30,CM,BSE,STK,544259,INE0PZB01013,PFL,M,,,,,POPULAR FOUNDATIONS LIMITED,28.00,29.00,28.00,28.00,28.00,28.24,,28.00,,,12000,339000.00,4,F1,3000,,,,,
2026-06-30,2026-06-30,CM,BSE,STK,544260,INE850M01015,NORTHARC,A,,,,,Northern Arc Capital Ltd.,293.25,303.80,292.80,298.35,298.35,292.75,,298.10,,,33722,10063952.00,423,F1,1,,,,,
2026-06-30,2026-06-30,CM,BSE,STK,544261,INE0QRL01017,ARKADE,B,,,,,ARKADE DEVELOPERS LIMITED,124.05,125.00,122.90,124.05,124.00,123.40,,124.12,,,16564,2050849.00,280,F1,1,,,,,
2026-06-30,2026-06-30,CM,BSE,STK,544262,INE939X01013,MANBA,B,,,,,Manba Finance Limited,133.00,138.80,131.00,137.75,138.40,132.35,,137.39,,,24116,3259622.00,594,F1,1,,,,,
2026-06-30,2026-06-30,CM,BSE,STK,544263,INE0Q3J01015,KRN,T,,,,,KRN HEAT EXCHANGER AND REFRIGE,1249.80,1280.00,1230.05,1257.40,1256.25,1244.80,,1252.70,,,11748,14811109.00,390,F1,1,,,,,
2026-06-30,2026-06-30,CM,BSE,STK,544264,INE184O01015,DIFFNKG,B,,,,,Diffusion Engineers Limited,419.50,436.00,414.40,424.25,425.00,415.45,,424.20,,,31260,13233259.00,948,F1,1,,,,,
2026-06-30,2026-06-30,CM,BSE,STK,544266,INF769K01LZ4,BANKPSU,B,,,,,Mirae Asset Mutual Fund,86.50,86.50,85.74,85.76,85.80,86.53,,85.67,,,34,2924.00,6,F1,1,,,,,
2026-06-30,2026-06-30,CM,BSE,STK,544267,INE0U6201010,SUBAM,M,,,,,SUBAM PAPERS LIMITED,224.00,224.90,219.20,223.25,223.00,222.00,,223.25,,,23200,5158800.00,13,F1,800,,,,,
2026-06-30,2026-06-30,CM,BSE,STK,544268,INF769K01LY7,METAL,B,,,,,Mirae Asset Mutual Fund,12.35,12.77,12.35,12.62,12.67,12.67,,12.63,,,248202,3126945.00,929,F1,1,,,,,
2026-06-30,2026-06-30,CM,BSE,STK,544271,INE0JVO01026,GARUDA,B,,,,,Garuda Construction and Engine,175.55,180.00,175.55,178.20,178.00,176.50,,178.48,,,24806,4425740.00,383,F1,1,,,,,
2026-06-30,2026-06-30,CM,BSE,STK,544272,INE0YRO01015,SHIVTEXCHEM,MT,,,,,SHIV TEXCHEM LIMITED,127.95,133.30,121.75,124.50,123.00,127.95,,124.50,,,10800,1369600.00,26,F1,400,,,,,
2026-06-30,2026-06-30,CM,BSE,STK,544273,INE0APB01032,MGEL,T,,,,,MANGALAM GLOBAL ENTERPRISE LIM,16.00,16.50,15.80,15.97,16.09,16.00,,15.93,,,31404,503920.00,63,F1,1,,,,,
2026-06-30,2026-06-30,CM,BSE,STK,544274,INE0V6F01027,HYUNDAI,A,,,,,HYUNDAI MOTOR INDIA LIMITED,1902.00,1923.40,1882.75,1904.30,1907.00,1895.50,,1905.40,,,25208,48038288.00,2405,F1,1,,,,,
2026-06-30,2026-06-30,CM,BSE,STK,544275,INF109KC16X5,VAL30IETF,B,,,,,ICICI Prudential Mutual Fund,15.44,15.47,15.35,15.37,15.45,15.42,,15.40,,,3967,61059.00,56,F1,1,,,,,
2026-06-30,2026-06-30,CM,BSE,STK,544276,INE0OPA01027,DBEIL,T,,,,,Deepak Builders and Engineers,8.15,8.39,7.92,7.98,7.92,8.03,,8.03,,,22601,182130.00,123,F1,1,,,,,
2026-06-30,2026-06-30,CM,BSE,STK,544277,INE377N01017,WAAREEENER,A,,,,,Waaree Energies Limited,2886.40,2959.80,2865.55,2946.50,2946.50,2886.20,,2947.00,,,85205,248552350.00,7224,F1,1,,,,,
2026-06-30,2026-06-30,CM,BSE,STK,544278,INE0PK601023,OCCLLTD,T,,,,,OCCL Limited,123.95,129.00,123.95,125.00,125.00,126.45,,126.96,,,2143,266195.00,16,F1,1,,,,,
2026-06-30,2026-06-30,CM,BSE,STK,544279,INE497S01012,GODAVARIB,B,,,,,Godavari Biorefineries Limited,278.35,289.00,278.15,288.70,287.75,278.15,,288.00,,,12555,3560455.00,315,F1,1,,,,,
2026-06-30,2026-06-30,CM,BSE,STK,544280,INE101I01011,AFCONS,A,,,,,Afcons Infrastructure Limited,315.10,317.15,310.10,312.20,312.20,316.80,,312.25,,,53709,16813534.00,1070,F1,1,,,,,
2026-06-30,2026-06-30,CM,BSE,STK,544281,INE00YB01025,ABINFRA,B,,,,,A B INFRABUILD LIMITED,11.72,12.04,11.19,11.57,11.55,11.71,,11.59,,,153316,1790967.00,351,F1,1,,,,,
2026-06-30,2026-06-30,CM,BSE,STK,544282,INE0W2G01015,SAGILITY,A,,,,,Sagility Limited,39.45,39.97,39.19,39.43,39.43,39.42,,39.40,,,1001221,39545756.00,3041,F1,1,,,,,
2026-06-30,2026-06-30,CM,BSE,STK,544283,INE622W01025,ACMESOLAR,A,,,,,ACME Solar Holdings Limited,378.90,383.70,374.10,380.50,380.80,379.05,,380.55,,,306815,116650833.00,2318,F1,1,,,,,
2026-06-30,2026-06-30,CM,BSE,STK,544284,INF769K01MY5,LIQUIDPLUS,F,,,,,Mirae Asset Mutual Fund,1092.15,1092.17,1092.15,1092.17,1092.17,1092.00,,1092.16,,,9379,10243459.00,8,F1,1,,,,,
2026-06-30,2026-06-30,CM,BSE,STK,544285,INE00H001014,SWIGGY,A,,,,,SWIGGY LIMITED,239.65,241.90,235.85,239.30,240.00,238.75,,239.35,,,510416,122068691.00,4384,F1,1,,,,,
2026-06-30,2026-06-30,CM,BSE,STK,544286,INE995S01015,NIVABUPA,A,,,,,NIVA BUPA HEALTH INSURANCE COM,84.00,85.17,84.00,84.49,84.90,84.70,,84.56,,,45840,3880560.00,601,F1,1,,,,,
2026-06-30,2026-06-30,CM,BSE,STK,544287,INE0RU901015,MANGALCOMP,M,,,,,Mangal Compusolution Limited,46.00,46.00,46.00,46.00,46.00,45.60,,46.00,,,3000,138000.00,1,F1,3000,,,,,
2026-06-30,2026-06-30,CM,BSE,STK,544288,INE0UIZ01018,BLACKBUCK,A,,,,,BlackBuck Limited,545.65,547.50,526.95,529.85,529.00,547.60,,530.80,,,9195,4936716.00,406,F1,1,,,,,
2026-06-30,2026-06-30,CM,BSE,STK,544289,INE0ONG01011,NTPCGREEN,A,,,,,NTPC GREEN ENERGY LIMITED,94.95,96.35,94.95,95.55,95.55,94.55,,95.50,,,299385,28653484.00,2624,F1,1,,,,,
2026-06-30,2026-06-30,CM,BSE,STK,544290,INE0LLY01014,EIEL,A,,,,,ENVIRO INFRA ENGINEERS LIMITED,221.60,226.90,220.20,223.50,223.05,219.40,,223.72,,,127612,28566721.00,1446,F1,1,,,,,
2026-06-30,2026-06-30,CM,BSE,STK,544291,INE0VN801010,RAJESH,M,,,,,RAJESH POWER SERVICES LIMITED,808.45,815.15,801.00,805.65,804.00,802.80,,805.65,,,26100,21076865.00,207,F1,100,,,,,
2026-06-30,2026-06-30,CM,BSE,STK,544292,INE013P01021,ONESOURCE,A,,,,,Onesource Specialty Pharma Lim,1591.70,1659.25,1579.85,1651.55,1659.25,1606.35,,1647.90,,,6027,9746702.00,582,F1,1,,,,,
2026-06-30,2026-06-30,CM,BSE,STK,544293,INE877V01027,SURAKSHA,B,,,,,SURAKSHA DIAGNOSTIC LIMITED,274.45,274.50,270.65,272.15,273.00,274.50,,272.95,,,606,165061.00,67,F1,1,,,,,
2026-06-30,2026-06-30,CM,BSE,STK,544294,INE0OJW01016,ROSSTECH,B,,,,,Rossell Techsys Limited,931.05,983.20,931.05,971.35,971.35,930.85,,969.50,,,13564,13122086.00,913,F1,1,,,,,
2026-06-30,2026-06-30,CM,BSE,STK,544295,INE19RO25013,PSPLATINA,IF,,,,,Property Share Investment Trus,1064000.00,1065000.00,1064000.00,1065000.00,1065000.00,1052000.00,,1065000.00,,,2,2129000.00,2,F1,1,,,,,
2026-06-30,2026-06-30,CM,BSE,STK,544296,INE0DQN01013,NISUS,M,,,,,NISUS FINANCE SERVICES CO LIMI,209.90,212.05,209.00,211.25,211.90,210.85,,211.25,,,10400,2190200.00,21,F1,400,,,,,
2026-06-30,2026-06-30,CM,BSE,STK,544301,INE054301028,ODIGMA,T,,,,,Odigma Consultancy Solutions L,24.45,24.49,24.15,24.20,24.20,24.23,,24.22,,,1162,28375.00,28,F1,1,,,,,
2026-06-30,2026-06-30,CM,BSE,STK,544302,INE403Y01018,INNOVANA,B,,,,,Innovana Thinklabs Limited,323.85,328.70,321.20,322.65,328.70,321.05,,325.45,,,1380,447188.00,48,F1,1,,,,,
2026-06-30,2026-06-30,CM,BSE,STK,544304,INE0WCH01015,JUNGLECAMP,M,,,,,JUNGLE CAMPS INDIA LIMITED,47.75,50.00,47.75,50.00,50.00,50.00,,50.00,,,17600,862304.00,7,F1,1600,,,,,
2026-06-30,2026-06-30,CM,BSE,STK,544305,INE0HLU01028,MOBIKWIK,B,,,,,One Mobikwik Systems Limited,202.50,205.00,198.35,199.75,199.25,200.10,,199.84,,,405358,81914497.00,594,F1,1,,,,,
2026-06-30,2026-06-30,CM,BSE,STK,544306,INE570L01029,SAILIFE,A,,,,,Sai Life Sciences Limited,1258.65,1260.00,1229.70,1234.65,1234.65,1248.10,,1234.30,,,18863,23560348.00,1280,F1,1,,,,,
2026-06-30,2026-06-30,CM,BSE,STK,544307,INE01EA01019,VMM,A,,,,,Vishal Mega Mart Limited,115.95,118.50,115.05,118.15,118.15,115.80,,117.96,,,534198,62767528.00,2591,F1,1,,,,,
2026-06-30,2026-06-30,CM,BSE,STK,544308,INE168C01013,HILLTONE,X,,,,,Hilltone Software and Gases Lt,43.00,45.45,42.95,43.99,43.99,42.63,,43.99,,,51412,2210437.00,17,F1,1,,,,,
2026-06-30,2026-06-30,CM,BSE,STK,544309,INE115Q01022,IKS,A,,,,,INVENTURUS KNOWLEDGE SOLUTIONS,1698.85,1698.85,1676.00,1679.85,1692.45,1696.90,,1679.40,,,2037,3431179.00,271,F1,1,,,,,
2026-06-30,2026-06-30,CM,BSE,STK,544310,INE00GK01023,YASHHV,M,,,,,Yash Highvoltage Limited,878.00,900.00,870.00,876.45,876.95,857.55,,876.45,,,117500,103774312.00,423,F1,250,,,,,
2026-06-30,2026-06-30,CM,BSE,STK,544311,INE0Q9301021,IGIL,A,,,,,International Gemological Inst,351.30,361.00,349.80,356.05,355.45,350.65,,355.15,,,33742,11927585.00,912,F1,1,,,,,
2026-06-30,2026-06-30,CM,BSE,STK,544313,INE0LB101011,NACDAC,M,,,,,NACDAC Infrastructure Limited,24.15,24.15,24.15,24.15,24.15,24.86,,24.15,,,4000,96600.00,1,F1,4000,,,,,
2026-06-30,2026-06-30,CM,BSE,STK,544314,INE0JPD01013,SANATHAN,B,,,,,Sanathan Textiles Limited,448.05,451.95,445.20,445.35,446.45,449.90,,446.30,,,194,86822.00,34,F1,1,,,,,
2026-06-30,2026-06-30,CM,BSE,STK,544315,INE037Z01029,CEWATER,B,,,,,Concord Enviro Systems Limited,335.35,356.00,334.30,335.55,335.25,335.35,,336.60,,,17323,5973817.00,856,F1,1,,,,,
2026-06-30,2026-06-30,CM,BSE,STK,544316,INE284H01025,DAMCAPITAL,B,,,,,DAM Capital Advisors Limited,148.00,150.05,146.55,146.95,147.05,148.00,,147.04,,,12680,1873434.00,226,F1,1,,,,,
2026-06-30,2026-06-30,CM,BSE,STK,544317,INE454P01035,TRANSRAILL,A,,,,,Transrail Lighting Limited,518.75,520.80,509.50,512.30,512.30,518.40,,512.00,,,31321,16096790.00,860,F1,1,,,,,
2026-06-30,2026-06-30,CM,BSE,STK,544318,INE0TO701015,MAMATA,B,,,,,MAMATA MACHINERY LIMITED,415.45,423.10,414.40,415.55,414.40,413.90,,415.30,,,4982,2077679.00,142,F1,1,,,,,
2026-06-30,2026-06-30,CM,BSE,STK,544319,INE0RB801010,SENORES,B,,,,,SENORES PHARMACEUTICALS LIMITE,1330.50,1335.40,1308.50,1329.95,1335.40,1316.90,,1329.90,,,10648,14106287.00,973,F1,1,,,,,
2026-06-30,2026-06-30,CM,BSE,STK,544320,INE0V7W01012,CARRARO,B,,,,,CARRARO INDIA LIMITED,552.05,557.80,532.70,533.85,536.10,550.85,,534.00,,,9079,4904730.00,463,F1,1,,,,,
2026-06-30,2026-06-30,CM,BSE,STK,544321,INE781S01027,VENTIVE,B,,,,,Ventive Hospitality Limited,629.50,637.35,625.00,628.00,628.00,624.95,,627.65,,,595,374629.00,54,F1,1,,,,,
2026-06-30,2026-06-30,CM,BSE,STK,544322,INE0U3I01011,UNIMECH,B,,,,,Unimech Aerospace and Manufact,1130.00,1199.80,1100.65,1172.35,1168.75,1092.85,,1171.70,,,15361,17657238.00,1354,F1,1,,,,,
2026-06-30,2026-06-30,CM,BSE,STK,544323,INF769K01NS5,CONSUMER,B,,,,,Mirae Asset Mutual Fund,11.30,11.48,11.27,11.41,11.41,11.32,,11.41,,,6552,75035.00,20,F1,1,,,,,
2026-06-30,2026-06-30,CM,BSE,STK,544324,INE0A8401016,CITICHEM,M,,,,,Citichem India Limited,16.00,16.00,16.00,16.00,16.00,16.25,,16.00,,,2000,32000.00,1,F1,2000,,,,,
2026-06-30,2026-06-30,CM,BSE,STK,544325,INE379A01028,ITCHOTELS,A,,,,,ITC Hotels Limited,174.80,181.50,174.35,180.10,180.10,174.75,,180.00,,,458398,82256118.00,7249,F1,1,,,,,
2026-06-30,2026-06-30,CM,BSE,STK,544326,INF754K01TX4,ECAPINSURE,B,,,,,Edelweiss Mutual Fund,24.36,24.36,24.06,24.26,24.26,24.26,,24.18,,,1236,29895.00,22,F1,1,,,,,
2026-06-30,2026-06-30,CM,BSE,STK,544327,INE0ZHT01012,TECHNICHEM,M,,,,,TECHNICHEM ORGANICS LIMITED,50.40,50.45,50.40,50.40,50.40,48.06,,50.40,,,6000,302500.00,3,F1,2000,,,,,
2026-06-30,2026-06-30,CM,BSE,STK,544328,INE622H01018,INDOFARM,B,,,,,INDO FARM EQUIPMENT LIMITED,143.15,150.95,142.90,147.10,148.10,142.15,,147.50,,,14082,2070970.00,331,F1,1,,,,,
2026-06-30,2026-06-30,CM,BSE,STK,544329,INE0RH001011,VANDU,M,,,,,LEO DRYFRUITS & SPICES TRADING,53.00,53.00,53.00,53.00,53.00,53.00,,53.00,,,2000,106000.00,1,F1,2000,,,,,
2026-06-30,2026-06-30,CM,BSE,STK,544330,INE0QQJ01021,PARMESHWAR,MT,,,,,PARMESHWAR METAL LIMITED,190.00,196.00,190.00,194.00,196.00,187.00,,194.00,,,9000,1745000.00,7,F1,1000,,,,,
2026-06-30,2026-06-30,CM,BSE,STK,544332,INE0HSD01011,FABCLEAN,MT,,,,,FABTECH TECHNOLOGIES CLEANROOM,404.40,413.00,404.40,410.00,410.00,401.00,,410.00,,,3200,1306700.00,7,F1,400,,,,,
2026-06-30,2026-06-30,CM,BSE,STK,544333,INE0M4D01010,SETL,B,,,,,STANDARD ENGINEERING TECHNOLOG,252.30,256.60,247.20,256.60,256.60,233.30,,256.77,,,135839,34571790.00,992,F1,1,,,,,
2026-06-30,2026-06-30,CM,BSE,STK,544334,INE0FK501019,INDOBELL,MT,,,,,Indobell Insulations Limited,48.50,50.40,48.01,50.40,50.40,50.53,,50.40,,,5250,257377.00,6,F1,750,,,,,
2026-06-30,2026-06-30,CM,BSE,STK,544335,INE00ST01011,BRGIL,M,,,,,B.R.GOYAL INFRASTRUCTURE LIMIT,121.30,121.50,121.30,121.50,121.50,125.00,,121.50,,,2000,242800.00,2,F1,1000,,,,,
2026-06-30,2026-06-30,CM,BSE,STK,544336,INE0LRY01011,QUADFUTURE,B,,,,,Quadrant Future Tek Limited,448.05,454.50,421.20,432.85,435.50,446.55,,432.55,,,31670,13785255.00,890,F1,1,,,,,
2026-06-30,2026-06-30,CM,BSE,STK,544337,INE0NQ401024,AVAX,MT,,,,,Avax Apparels and Ornaments Li,51.90,51.90,51.90,51.90,51.90,51.17,,51.90,,,2000,103800.00,2,F1,1000,,,,,
2026-06-30,2026-06-30,CM,BSE,STK,544338,INE0Z8Z23013,CAPINVIT,IF,,,,,Capital Infra Trust,74.79,74.79,73.64,73.89,73.89,73.91,,73.80,,,23495,1735168.00,996,F1,1,,,,,
2026-06-30,2026-06-30,CM,BSE,STK,544339,INE0WO601020,LAXMIDENTL,B,,,,,Laxmi Dental Limited,221.45,225.60,221.00,225.30,225.50,223.75,,225.04,,,2288,510347.00,113,F1,1,,,,,
2026-06-30,2026-06-30,CM,BSE,STK,544340,INE0CFH01028,RIKHAV,M,,,,,Rikhav Securities Limited,46.58,53.49,46.58,49.68,49.68,46.58,,49.68,,,219200,11217664.00,86,F1,1600,,,,,
2026-06-30,2026-06-30,CM,BSE,STK,544342,INE0RYC01010,STALLION,B,,,,,Stallion India Fluorochemicals,178.45,186.65,178.45,184.35,184.35,178.95,,184.25,,,59515,10947891.00,887,F1,1,,,,,
2026-06-30,2026-06-30,CM,BSE,STK,544343,INE0WXM01011,CNINFOTECH,M,,,,,CAPITALNUMBERS INFOTECH  LIMIT,95.10,99.63,95.10,98.75,99.00,96.20,,98.75,,,23200,2260952.00,28,F1,400,,,,,
2026-06-30,2026-06-30,CM,BSE,STK,544344,INE526E01018,SHRIPISTON,A,,,,,SHRIRAM PISTONS & RINGS LTD,4061.10,4214.45,3987.15,4182.45,4183.00,4007.15,,4187.10,,,12294,51356412.00,1202,F1,1,,,,,
2026-06-30,2026-06-30,CM,BSE,STK,544345,INE0R4L01018,DENTA,B,,,,,Denta Water and Infra Solution,334.30,343.90,328.75,331.15,330.50,336.45,,331.40,,,40424,13553820.00,1004,F1,1,,,,,
2026-06-30,2026-06-30,CM,BSE,STK,544346,INE0AK901016,RRECL,X,,,,,RDB Real Estate Constructions,155.00,162.75,148.00,162.70,162.75,155.00,,162.70,,,2320,363167.00,30,F1,1,,,,,
2026-06-30,2026-06-30,CM,BSE,STK,544347,INE0WDX01010,CLN,M,,,,,CLN ENERGY LIMITED,429.60,436.00,421.00,436.00,436.00,429.60,,436.00,,,800,342120.00,4,F1,200,,,,,
2026-06-30,2026-06-30,CM,BSE,STK,544348,INE0RWU01016,GBLOGISTIC,M,,,,,GB Logistics Commerce Limited,31.00,31.00,31.00,31.00,31.00,31.00,,31.00,,,3600,111600.00,3,F1,1200,,,,,
2026-06-30,2026-06-30,CM,BSE,STK,544349,INE0DZD01015,HMEML,M,,,,,H.M. ELECTRO MECH LIMITED,57.95,57.95,57.95,57.95,57.95,56.38,,57.95,,,3200,185440.00,2,F1,1600,,,,,
2026-06-30,2026-06-30,CM,BSE,STK,544350,INE943P01029,AGARWALEYE,A,,,,,Dr. Agarwal's Health Care Limi,475.85,482.00,472.00,479.15,478.00,474.60,,478.95,,,4697,2240277.00,374,F1,1,,,,,
2026-06-30,2026-06-30,CM,BSE,STK,544351,INE0YON01014,MALPANI,M,,,,,MALPANI PIPES AND FITTINGS LIM,69.60,73.49,68.90,70.15,71.40,69.70,,70.15,,,8000,569424.00,5,F1,1600,,,,,
2026-06-30,2026-06-30,CM,BSE,STK,544353,INE0U2L01017,AMWILL,M,,,,,Amwill Health Care Limited,44.00,44.00,44.00,44.00,44.00,44.00,,44.00,,,10800,475200.00,1,F1,1200,,,,,
2026-06-30,2026-06-30,CM,BSE,STK,544354,INE0W0H01017,SOLARIUM,M,,,,,SOLARIUM GREEN ENERGY LIMITED,178.00,184.00,175.00,179.10,184.00,178.55,,179.10,,,22200,3947145.00,52,F1,300,,,,,
2026-06-30,2026-06-30,CM,BSE,STK,544355,INE03CC01015,JUBLCPL,B,,,,,Jubilant Agri and Consumer Pro,2033.30,2077.45,2023.25,2031.10,2031.00,2007.95,,2032.00,,,193,396896.00,36,F1,1,,,,,
2026-06-30,2026-06-30,CM,BSE,STK,544356,INE274Y01021,AJAXENGG,B,,,,,AJAX Engineering Limited,543.00,543.20,531.00,541.25,543.15,542.35,,541.75,,,1928,1031550.00,208,F1,1,,,,,
2026-06-30,2026-06-30,CM,BSE,STK,544361,INE0R8101016,COVANCE,XT,,,,,COVANCE SOFTSOL LIMITED,168.00,168.00,157.15,165.95,165.90,164.50,,165.95,,,3596,590942.00,36,F1,1,,,,,
2026-06-30,2026-06-30,CM,BSE,STK,544362,INE093A01041,HEXT,A,,,,,Hexaware Technologies Limited,520.00,524.95,506.00,515.70,516.50,518.50,,514.85,,,56299,28911944.00,1636,F1,1,,,,,
2026-06-30,2026-06-30,CM,BSE,STK,544363,INF582M01KS4,UNIONGOLD,E,,,,,UNION MUTUAL FUND,136.85,137.95,136.85,137.55,137.84,137.65,,137.45,,,5261,720203.00,16,F1,1,,,,,
2026-06-30,2026-06-30,CM,BSE,STK,544364,INE0O9T01021,BAJAJINDEF,B,,,,,Indef Manufacturing Limited,251.60,252.00,248.25,250.70,252.00,250.90,,250.70,,,1498,373437.00,225,F1,1,,,,,
2026-06-30,2026-06-30,CM,BSE,STK,544365,INE0TD301017,SHANMUGA,M,,,,,SHANMUGA HOSPITAL LIMITED,34.80,34.80,34.80,34.80,34.80,35.61,,34.80,,,2000,69600.00,1,F1,2000,,,,,
2026-06-30,2026-06-30,CM,BSE,STK,544367,INE0SII01026,QPOWER,T,,,,,QUALITY POWER ELECTRICAL EQUIP,1212.00,1235.80,1200.00,1225.55,1223.00,1209.80,,1223.60,,,11545,14104665.00,417,F1,1,,,,,
2026-06-30,2026-06-30,CM,BSE,STK,544369,INE13VU01016,BEEZAASAN,MT,,,,,Beezaasan Explotech Limited,371.90,371.90,370.00,370.00,370.00,372.20,,370.00,,,1600,593520.00,2,F1,800,,,,,
2026-06-30,2026-06-30,CM,BSE,STK,544371,INE0NR501012,VIKRAMAR,X,,,,,VIKRAM AROMA LIMITED,73.50,73.50,65.00,69.87,69.50,73.50,,69.87,,,4568,317870.00,152,F1,1,,,,,
2026-06-30,2026-06-30,CM,BSE,STK,544372,INE0RXS01018,SHREENATH,M,,,,,SHREENATH PAPER PRODUCTS LIMIT,14.99,14.99,13.41,13.41,13.41,12.65,,13.41,,,6000,85200.00,2,F1,3000,,,,,
2026-06-30,2026-06-30,CM,BSE,STK,544375,INF579M01BB5,GOLD360,E,,,,,360 ONE Mutual Fund,136.95,137.76,134.69,137.11,137.35,137.73,,137.20,,,2400,327401.00,118,F1,1,,,,,
2026-06-30,2026-06-30,CM,BSE,STK,544376,INF769K01ON4,SELECTIPO,B,,,,,Mirae Asset Mutual Fund,44.87,45.31,44.87,45.16,45.26,44.71,,45.19,,,5010,226519.00,7,F1,1,,,,,
2026-06-30,2026-06-30,CM,BSE,STK,544377,INF769K01OA1,EQUAL200,B,,,,,Mirae Asset Mutual Fund,13.50,13.59,13.49,13.59,13.59,13.50,,13.51,,,155,2092.00,7,F1,1,,,,,
2026-06-30,2026-06-30,CM,BSE,STK,544379,INE0I0M01023,PRABHA,B,,,,,Prabha Energy Limited,154.00,155.05,153.25,154.00,154.00,154.30,,153.60,,,777,120082.00,24,F1,1,,,,,
2026-06-30,2026-06-30,CM,BSE,STK,544380,INF109K1A021,CASHIETF,F,,,,,ICICI Prudential Mutual Fund,1068.68,1068.70,1068.68,1068.70,1068.70,1067.50,,1068.68,,,121,129310.00,3,F1,1,,,,,
2026-06-30,2026-06-30,CM,BSE,STK,544381,INE16IQ01014,SUPERIRON,MT,,,,,Super Iron Foundry Limited,45.60,45.65,45.60,45.65,45.65,45.00,,45.65,,,33600,1533780.00,5,F1,1200,,,,,
2026-06-30,2026-06-30,CM,BSE,STK,544382,INF846KA1119,AXISVALUE,B,,,,,Axis Mutual Fund,33.13,33.17,32.85,33.01,33.07,33.13,,32.90,,,1408,46530.00,39,F1,1,,,,,
2026-06-30,2026-06-30,CM,BSE,STK,544383,INE0SMW01011,PPARIVAH,M,,,,,PARADEEP PARIVAHAN LIMITED,230.00,231.40,226.00,228.00,228.00,226.65,,228.00,,,27600,6324000.00,21,F1,1200,,,,,
2026-06-30,2026-06-30,CM,BSE,STK,544384,INF0R8F01091,SILVERCASE,E,,,,,Zerodha Mutual Fund,21.52,22.67,21.52,22.58,22.58,22.08,,22.54,,,1324145,29635839.00,1505,F1,1,,,,,
2026-06-30,2026-06-30,CM,BSE,STK,544385,INF200KB1712,SBIBPB,B,,,,,SBI Mutual Fund,49.14,49.93,49.14,49.28,49.72,49.74,,49.35,,,2459,122100.00,64,F1,1,,,,,
2026-06-30,2026-06-30,CM,BSE,STK,544386,INE01EO01010,SPECTRUM,B,,,,,Spectrum Electrical Industries,1767.00,1900.00,1758.15,1854.85,1874.65,1747.15,,1860.20,,,1392,2590558.00,153,F1,1,,,,,
2026-06-30,2026-06-30,CM,BSE,STK,544387,INE0TGG01014,DESCO,MT,,,,,Desco Infratech Limited,218.00,224.95,218.00,223.70,224.45,222.20,,223.70,,,9500,2107375.00,15,F1,500,,,,,
2026-06-30,2026-06-30,CM,BSE,STK,544388,INE0PA401012,IDENTIXWEB,M,,,,,Identixweb Limited,65.00,66.33,65.00,66.33,66.33,65.35,,66.33,,,8000,525360.00,4,F1,2000,,,,,
2026-06-30,2026-06-30,CM,BSE,STK,544389,INF579M01BC3,SILVER360,E,,,,,360 ONE Mutual Fund,213.81,219.77,212.62,218.48,219.35,214.80,,218.56,,,4202,900774.00,170,F1,1,,,,,
2026-06-30,2026-06-30,CM,BSE,STK,544390,INE1NPP01017,ENRIN,B,,,,,Siemens Energy India Limited,3590.00,3712.75,3590.00,3688.65,3700.00,3586.70,,3683.40,,,18542,67900620.00,2328,F1,1,,,,,
2026-06-30,2026-06-30,CM,BSE,STK,544391,INE0KWJ01014,RETAGGIO,MT,,,,,Retaggio Industries Limited,57.10,59.00,57.10,59.00,59.00,60.00,,59.00,,,111000,6423600.00,5,F1,3000,,,,,
2026-06-30,2026-06-30,CM,BSE,STK,544393,INE12IB01015,INFONATIVE,M,,,,,INFONATIVE SOLUTIONS LIMITED,26.50,26.50,26.50,26.50,26.50,26.81,,26.50,,,1600,42400.00,1,F1,1600,,,,,
2026-06-30,2026-06-30,CM,BSE,STK,544394,INF109K1A153,EVIETF,B,,,,,ICICI Prudential Mutual Fund,31.80,31.80,30.91,31.18,31.69,31.25,,31.21,,,3533,110339.00,72,F1,1,,,,,
2026-06-30,2026-06-30,CM,BSE,STK,544395,INE1VXE01018,STLNETWORK,T,,,,,STL Networks Limited,27.30,27.40,26.02,27.01,27.10,27.15,,27.10,,,100515,2684815.00,228,F1,1,,,,,
2026-06-30,2026-06-30,CM,BSE,STK,544396,INE0FFK01017,NPST,B,,,,,Network People Services Techno,1608.10,1635.00,1548.05,1610.05,1629.25,1581.60,,1617.60,,,1681,2702523.00,148,F1,1,,,,,
2026-06-30,2026-06-30,CM,BSE,STK,544397,INE0LEZ01016,ATHERENERG,B,,,,,Ather Energy Limited,1100.95,1147.00,1068.30,1140.85,1140.85,1082.50,,1140.55,,,497339,555526490.00,15897,F1,1,,,,,
2026-06-30,2026-06-30,CM,BSE,STK,544399,INE0RJ901010,SRIGEE,M,,,,,SRIGEE DLM LIMITED,90.50,90.55,86.55,86.55,86.55,90.95,,86.55,,,7200,647040.00,5,F1,1200,,,,,
2026-06-30,2026-06-30,CM,BSE,STK,544400,INE0MV001018,MANOJJEWEL,M,,,,,Manoj Jewellers Limited,37.00,37.00,35.44,35.58,36.00,37.00,,35.58,,,30000,1087000.00,12,F1,2000,,,,,
2026-06-30,2026-06-30,CM,BSE,STK,544402,INE039O01029,JASH,B,,,,,JASH ENGINEERING LIMITED,518.20,571.00,474.80,503.60,516.00,515.20,,507.15,,,1359098,652094597.00,2558,F1,1,,,,,
2026-06-30,2026-06-30,CM,BSE,STK,544403,INE14LE01019,ABLBL,B,,,,,Aditya Birla Lifestyle Brands,96.05,97.20,96.00,96.25,96.05,96.85,,96.22,,,57550,5555768.00,621,F1,1,,,,,
2026-06-30,2026-06-30,CM,BSE,STK,544404,INE16SF01016,BORANA,B,,,,,BORANA WEAVES LIMITED,307.40,307.40,300.10,300.95,300.10,307.20,,301.00,,,1612,488907.00,76,F1,1,,,,,
2026-06-30,2026-06-30,CM,BSE,STK,544405,INE894V01022,BELRISE,B,,,,,BELRISE INDUSTRIES LIMITED,241.45,245.40,236.20,237.75,237.75,240.60,,238.49,,,290427,69252966.00,3451,F1,1,,,,,
2026-06-30,2026-06-30,CM,BSE,STK,544406,INE1ABX01018,UNIFIED,M,,,,,UNIFIED DATA TECH SOLUTIONS LI,396.80,397.00,387.80,387.95,387.95,391.95,,387.95,,,7600,2963280.00,17,F1,400,,,,,
2026-06-30,2026-06-30,CM,BSE,STK,544407,INE0INX01018,AEGISVOPAK,B,,,,,AEGIS VOPAK TERMINALS LIMITED,233.05,235.65,233.05,234.50,234.40,232.30,,234.69,,,13963,3270965.00,230,F1,1,,,,,
2026-06-30,2026-06-30,CM,BSE,STK,544408,INE0AQ201015,THELEELA,B,,,,,Leela Palaces Hotels & Resorts,482.30,486.60,474.20,475.25,477.50,478.75,,475.45,,,9508,4569483.00,412,F1,1,,,,,
2026-06-30,2026-06-30,CM,BSE,STK,544409,INE0TG901011,ASTONEALAB,MT,,,,,ASTONEA LABS LIMITED,254.65,264.95,254.65,260.00,260.00,259.80,,260.00,,,5000,1289600.00,5,F1,1000,,,,,
2026-06-30,2026-06-30,CM,BSE,STK,544410,INE0BX301013,PROSTARM,B,,,,,PROSTARM INFO SYSTEMS LIMITED,136.75,138.15,136.00,136.75,136.15,136.90,,136.75,,,11862,1622306.00,230,F1,1,,,,,
2026-06-30,2026-06-30,CM,BSE,STK,544411,INE090501011,SCODATUBES,B,,,,,Scoda Tubes Limited,145.00,147.30,142.45,143.35,143.40,143.30,,143.28,,,5973,868646.00,130,F1,1,,,,,
2026-06-30,2026-06-30,CM,BSE,STK,544412,INE0TE101010,3BFILMS,MT,,,,,3B FILMS LIMITED,16.99,17.00,16.31,16.35,16.35,16.99,,16.35,,,27000,448860.00,9,F1,3000,,,,,
2026-06-30,2026-06-30,CM,BSE,STK,544413,INE0U4701011,DIGITIDE,B,,,,,Digitide Solutions Limited,85.08,85.55,84.20,84.92,85.18,84.91,,84.89,,,3595,304369.00,69,F1,1,,,,,
2026-06-30,2026-06-30,CM,BSE,STK,544414,INE0U4101014,BLUSPRING,B,,,,,Bluspring Enterprises Limited,110.85,112.00,107.30,110.93,110.88,110.85,,111.02,,,15796,1726800.00,361,F1,1,,,,,
2026-06-30,2026-06-30,CM,BSE,STK,544415,INF204KC1EZ3,SNXT30BEES,B,,,,,Nippon India Mutual Fund,41.70,41.84,41.55,41.69,41.69,41.88,,41.66,,,312,13014.00,11,F1,1,,,,,
2026-06-30,2026-06-30,CM,BSE,STK,544416,INE0GGO01015,KRISHIVAL,B,,,,,KRISHIVAL FOODS LIMITED,402.00,404.50,401.90,403.90,403.90,404.15,,402.10,,,274,110346.00,13,F1,1,,,,,
2026-06-30,2026-06-30,CM,BSE,STK,544417,INE0XCV01014,ATENPAPERS,MT,,,,,Aten Papers & Foam Limited,21.69,21.69,20.66,20.66,20.66,21.69,,20.66,,,6000,125292.00,3,F1,1200,,,,,
2026-06-30,2026-06-30,CM,BSE,STK,544418,INE0BYP01024,OSWALPUMPS,B,,,,,Oswal Pumps Limited,433.40,434.00,422.00,423.40,425.00,427.00,,423.35,,,21513,9156536.00,554,F1,1,,,,,
2026-06-30,2026-06-30,CM,BSE,STK,544419,INE0H9P01028,ARIS,B,,,,,ArisInfra Solutions Limited,113.50,113.70,105.35,106.25,106.25,112.95,,106.09,,,44276,4834540.00,639,F1,1,,,,,
2026-06-30,2026-06-30,CM,BSE,STK,544420,INE1SY401010,RAYMONDREL,B,,,,,Raymond Realty Limited,622.40,631.80,616.40,618.80,618.50,624.85,,619.20,,,15914,9891059.00,530,F1,1,,,,,
2026-06-30,2026-06-30,CM,BSE,STK,544421,INE236E01022,ELLEN,B,,,,,ELLENBARRIE INDUSTRIAL GASES L,255.00,266.10,255.00,264.40,263.50,261.60,,264.80,,,13276,3495861.00,272,F1,1,,,,,
2026-06-30,2026-06-30,CM,BSE,STK,544422,INE0ZDY01011,ABRFL,M,,,,,Abram Food Limited,68.00,68.00,68.00,68.00,68.00,70.00,,68.00,,,6000,408000.00,5,F1,1200,,,,,
2026-06-30,2026-06-30,CM,BSE,STK,544423,INE227J01012,KALPATARU,B,,,,,Kalpataru Limited,310.25,310.25,298.05,298.65,299.35,302.80,,298.85,,,2002,603958.00,255,F1,1,,,,,
2026-06-30,2026-06-30,CM,BSE,STK,544424,INE0V3U01015,GLOBECIVIL,T,,,,,GLOBE CIVIL PROJECTS LIMITED,44.47,44.47,41.71,42.21,41.90,43.07,,41.17,,,1900,80864.00,23,F1,1,,,,,
2026-06-30,2026-06-30,CM,BSE,STK,544426,INE0Y0E01012,ICON,MT,,,,,Icon Facilitators Limited,77.38,79.85,77.38,77.40,77.40,81.45,,77.40,,,13200,1030320.00,10,F1,1200,,,,,
2026-06-30,2026-06-30,CM,BSE,STK,544427,INF109K1A344,TOP15IETF,B,,,,,ICICI Prudential Mutual Fund,10.00,10.00,9.20,9.71,9.91,9.81,,9.74,,,5409,52822.00,42,F1,1,,,,,
2026-06-30,2026-06-30,CM,BSE,STK,544429,INE756I01012,HDBFS,B,,,,,HDB FINANCIAL SERVICES LIMITED,746.80,759.85,741.35,751.05,750.35,752.45,,750.80,,,98497,74221399.00,4958,F1,1,,,,,
2026-06-30,2026-06-30,CM,BSE,STK,544430,INE12NJ01018,SAMBHV,B,,,,,SAMBHV STEEL TUBES LIMITED,110.85,114.65,108.00,108.45,108.90,110.75,,108.46,,,151207,16847271.00,1374,F1,1,,,,,
2026-06-30,2026-06-30,CM,BSE,STK,544431,INE0S9X01011,ACEALPHA,M,,,,,Ace Alpha Tech Limited,122.25,122.25,122.25,122.25,122.25,117.05,,122.25,,,1000,122250.00,1,F1,1000,,,,,
2026-06-30,2026-06-30,CM,BSE,STK,544432,INE05J901018,IGCL,B,,,,,Indogulf Cropsciences Limited,61.00,62.05,59.59,61.84,61.88,60.00,,61.92,,,5410,328605.00,107,F1,1,,,,,
2026-06-30,2026-06-30,CM,BSE,STK,544433,INE130701019,VALINDIA,M,,,,,Valencia India Limited,17.70,18.22,17.70,18.22,18.22,17.70,,18.22,,,7200,128844.00,6,F1,1200,,,,,
2026-06-30,2026-06-30,CM,BSE,STK,544434,INE0UZO01024,NEETUYOSHI,MT,,,,,Neetu Yoshi Limited,150.00,156.95,150.00,153.45,153.50,150.00,,153.45,,,68800,10572520.00,71,F1,800,,,,,
2026-06-30,2026-06-30,CM,BSE,STK,544435,INE0W1601012,ADCOUNTY,M,,,,,ADCOUNTY MEDIA INDIA LIMITED,104.90,105.00,99.00,99.10,99.00,102.10,,99.10,,,53600,5370160.00,62,F1,800,,,,,
2026-06-30,2026-06-30,CM,BSE,STK,544436,INE0RDJ01019,VANDAN,M,,,,,VANDAN FOODS LIMITED,23.05,23.99,22.65,23.99,23.99,23.35,,23.99,,,36000,841668.00,29,F1,1200,,,,,
2026-06-30,2026-06-30,CM,BSE,STK,544437,INE0TBQ01014,MARCLOIRE,M,,,,,MARC LOIRE FASHIONS LIMITED,38.50,38.50,38.50,38.50,38.50,40.00,,38.50,,,3600,138600.00,3,F1,1200,,,,,
2026-06-30,2026-06-30,CM,BSE,STK,544438,INF769K01PB6,INTERNET,B,,,,,Mirae Asset Mutual Fund,12.50,12.64,12.50,12.64,12.64,12.50,,12.57,,,41585,524241.00,7,F1,1,,,,,
2026-06-30,2026-06-30,CM,BSE,STK,544439,INE0S4R01014,CRIZAC,B,,,,,CRIZAC LIMITED,200.95,205.05,197.80,203.45,203.70,197.20,,203.44,,,133002,27185651.00,562,F1,1,,,,,
2026-06-30,2026-06-30,CM,BSE,STK,544440,INE0TL001013,CRYOGENIC,MT,,,,,CRYOGENIC OGS LIMITED,278.00,278.00,270.05,278.00,278.00,268.00,,278.00,,,12000,3293212.00,16,F1,750,,,,,
2026-06-30,2026-06-30,CM,BSE,STK,544441,INE162901016,METAINFO,MT,,,,,META INFOTECH LIMITED,82.40,82.40,79.90,79.90,79.90,84.10,,79.90,,,28800,2310272.00,36,F1,800,,,,,
2026-06-30,2026-06-30,CM,BSE,STK,544442,INE0VWL01017,CHEMKART,MT,,,,,Chemkart India Limited,148.00,154.75,147.00,154.75,154.75,148.50,,154.75,,,8400,1268100.00,13,F1,600,,,,,
2026-06-30,2026-06-30,CM,BSE,STK,544443,INE103V01028,TRAVELFOOD,B,,,,,TRAVEL FOOD SERVICES LIMITED,1285.60,1330.45,1285.60,1322.10,1319.70,1315.10,,1323.30,,,1347,1762369.00,229,F1,1,,,,,
2026-06-30,2026-06-30,CM,BSE,STK,544444,INE0UMC01019,GLEN,M,,,,,Glen Industries Limited,70.55,73.74,70.00,73.66,73.50,71.34,,73.66,,,19200,1393140.00,16,F1,1200,,,,,
2026-06-30,2026-06-30,CM,BSE,STK,544445,INE0SJX01015,APL,M,,,,,ASSTON PHARMACEUTICALS LIMITED,81.00,81.00,80.00,80.00,80.00,83.50,,80.00,,,6000,481510.00,6,F1,1000,,,,,
2026-06-30,2026-06-30,CM,BSE,STK,544446,INE28GN01010,ADVENTHTL,B,,,,,Advent Hotels International Li,143.20,144.75,139.80,141.65,141.00,141.85,,141.84,,,12388,1756033.00,243,F1,1,,,,,
2026-06-30,2026-06-30,CM,BSE,STK,544447,INE0NAZ01010,SMARTWORKS,B,,,,,SMARTWORKS COWORKING SPACES LI,493.00,493.00,477.95,485.50,488.40,488.45,,486.10,,,2396,1158083.00,150,F1,1,,,,,
2026-06-30,2026-06-30,CM,BSE,STK,544448,INE124Y01028,PASHUPATI,B,,,,,Pashupati Cotspin Limited,87.89,91.18,87.12,88.41,88.92,87.18,,88.23,,,13036,1155451.00,646,F1,1,,,,,
2026-06-30,2026-06-30,CM,BSE,STK,544449,INE0CZ201020,ANTHEM,B,,,,,Anthem Biosciences Limited,775.00,777.15,764.25,770.05,770.05,775.00,,770.45,,,57261,44254789.00,2854,F1,1,,,,,
2026-06-30,2026-06-30,CM,BSE,STK,544450,INE0TGX01019,CHEMBONDCH,T,,,,,CHEMBOND CHEMICALS  LIMITED,212.20,223.00,212.20,222.50,223.00,223.00,,217.98,,,534,115853.00,8,F1,1,,,,,
2026-06-30,2026-06-30,CM,BSE,STK,544451,INE0LCG01010,MONIKA,M,,,,,MONIKA ALCOBEV LIMITED,229.00,230.00,226.00,227.75,227.75,228.80,,227.75,,,4000,910720.00,10,F1,400,,,,,
2026-06-30,2026-06-30,CM,BSE,STK,544452,INE0PTF01017,SWASTIKAAL,M,,,,,Swastika Castal Limited,71.00,74.15,66.50,67.00,67.00,69.96,,67.00,,,34000,2372640.00,17,F1,2000,,,,,
2026-06-30,2026-06-30,CM,BSE,STK,544453,INE0V0L01028,MSECL,MT,,,,,Monarch Surveyors and Engineer,229.95,235.80,228.50,229.50,229.50,225.15,,229.50,,,43800,10139430.00,53,F1,600,,,,,
2026-06-30,2026-06-30,CM,BSE,STK,544454,INE06ST01018,INDIQUBE,B,,,,,INDIQUBE SPACES LIMITED,167.50,169.80,167.50,169.00,169.15,167.00,,169.34,,,1109,187647.00,53,F1,1,,,,,
2026-06-30,2026-06-30,CM,BSE,STK,544455,INE18JU01028,EBGNG,B,,,,,GNG Electronics Limited,576.70,625.40,575.55,624.95,624.95,568.55,,625.35,,,130798,80716621.00,1964,F1,1,,,,,
2026-06-30,2026-06-30,CM,BSE,STK,544456,INE219Y01026,RMDRIP,B,,,,,R M DRIP AND SPRINKLERS SYSTEM,19.99,20.58,19.20,20.40,20.40,19.73,,20.42,,,191852,3865021.00,1199,F1,1,,,,,
2026-06-30,2026-06-30,CM,BSE,STK,544457,INE03NU01014,BRIGHOTEL,B,,,,,Brigade Hotel Ventures Limited,64.00,64.00,62.84,63.01,62.96,62.69,,63.04,,,3653,232063.00,63,F1,1,,,,,
2026-06-30,2026-06-30,CM,BSE,STK,544458,INE0FMZ01045,SHREEREF,M,,,,,SHREE REFRIGERATIONS LIMITED,405.00,406.20,392.60,394.70,396.85,400.00,,394.70,,,166000,66255150.00,312,F1,500,,,,,
2026-06-30,2026-06-30,CM,BSE,STK,544459,INE06ZD01017,SHANTIGOLD,B,,,,,SHANTI GOLD INTERNATIONAL LIMI,225.25,229.50,222.50,223.75,223.15,222.70,,223.69,,,49757,11263237.00,831,F1,1,,,,,
2026-06-30,2026-06-30,CM,BSE,STK,544460,INE161701011,PATELCHEM,M,,,,,PATEL CHEM SPECIALITIES LIMITE,98.00,103.35,96.11,102.61,102.99,95.80,,102.61,,,104000,10394832.00,61,F1,1600,,,,,
2026-06-30,2026-06-30,CM,BSE,STK,544461,INE505V01016,EUROBOND,B,,,,,Euro Panel Products Limited,167.15,170.50,167.10,168.00,168.00,166.35,,166.88,,,900,151796.00,51,F1,1,,,,,
2026-06-30,2026-06-30,CM,BSE,STK,544463,INE15WN01014,REPONO,MT,,,,,REPONO LIMITED,92.32,96.46,92.00,96.46,96.46,91.87,,96.46,,,82800,7926336.00,54,F1,1200,,,,,
2026-06-30,2026-06-30,CM,BSE,STK,544464,INE1P1A01018,UML,M,,,,,Umiya Mobile Limited,51.00,51.00,51.00,51.00,51.00,51.50,,51.00,,,2000,102000.00,1,F1,2000,,,,,
2026-06-30,2026-06-30,CM,BSE,STK,544465,INE06WU01026,LAXMIINDIA,T,,,,,LAXMI INDIA FINANCE LIMITED,99.40,100.30,98.20,99.50,98.20,99.85,,98.82,,,6804,675358.00,70,F1,1,,,,,
2026-06-30,2026-06-30,CM,BSE,STK,544466,INE819V01029,CPPLUS,B,,,,,Aditya Infotech Limited,3750.75,3791.85,3640.00,3649.15,3649.15,3713.40,,3647.10,,,10676,39538521.00,1560,F1,1,,,,,
2026-06-30,2026-06-30,CM,BSE,STK,544467,INE301O01023,NSDL,B,,,,,National Securities Depository,862.00,865.00,850.00,854.15,854.15,861.20,,854.15,,,420905,360442573.00,15282,F1,1,,,,,
2026-06-30,2026-06-30,CM,BSE,STK,544469,INE0V9Q01010,LOTUSDEV,B,,,,,Sri Lotus Developers and Realt,154.00,154.00,147.25,148.55,148.10,151.65,,148.45,,,22828,3395695.00,250,F1,1,,,,,
2026-06-30,2026-06-30,CM,BSE,STK,544470,INE08N601015,MBEL,B,,,,,M & B ENGINEERING LIMITED,309.10,314.00,304.20,311.65,312.00,308.50,,310.75,,,12091,3754089.00,259,F1,1,,,,,
2026-06-30,2026-06-30,CM,BSE,STK,544471,INE14OX01013,TAKYON,M,,,,,TAKYON NETWORKS LIMITED,22.00,22.00,21.56,21.56,21.56,22.69,,21.56,,,60000,1297880.00,16,F1,2000,,,,,
2026-06-30,2026-06-30,CM,BSE,STK,544473,INF666M01LM6,GROWWPOWER,B,,,,,Groww Mutual Fund,12.32,12.32,12.15,12.21,12.23,12.20,,12.19,,,39125,477297.00,178,F1,1,,,,,
2026-06-30,2026-06-30,CM,BSE,STK,544475,INE1IBY01019,ESSEX,MT,,,,,ESSEX MARINE LIMITED,43.99,43.99,42.00,42.60,42.69,42.67,,42.60,,,18000,769640.00,3,F1,2000,,,,,
2026-06-30,2026-06-30,CM,BSE,STK,544476,INE0J5801029,JSLL,B,,,,,Jeena Sikho Lifecare Limited,593.95,599.00,578.70,593.05,593.55,586.65,,593.00,,,78728,46614812.00,937,F1,1,,,,,
2026-06-30,2026-06-30,CM,BSE,STK,544477,INE00RL01028,HILINFRA,T,,,,,Highway Infrastructure Limited,47.80,47.80,46.00,46.30,46.30,46.72,,46.40,,,2675,124527.00,45,F1,1,,,,,
2026-06-30,2026-06-30,CM,BSE,STK,544478,INF200KB1969,SBILIQETF,F,,,,,SBI Mutual Fund,1045.26,1045.28,1045.26,1045.28,1045.28,1045.12,,1045.27,,,101,105573.00,7,F1,1,,,,,
2026-06-30,2026-06-30,CM,BSE,STK,544479,INE0GV601021,ALLTIME,B,,,,,ALL TIME PLASTICS LIMITED,231.35,238.00,231.35,235.85,235.85,233.70,,236.02,,,570,134205.00,44,F1,1,,,,,
2026-06-30,2026-06-30,CM,BSE,STK,544480,INE718I01012,JSWCEMENT,B,,,,,JSW CEMENT LIMITED,132.65,135.30,132.60,134.95,134.95,132.90,,134.92,,,253528,34098396.00,2365,F1,1,,,,,
2026-06-30,2026-06-30,CM,BSE,STK,544481,INE1JAR25012,KRT,IF,,,,,KNOWLEDGE REALTY TRUST,115.55,116.49,115.31,115.53,115.57,116.02,,115.45,,,443332,51423549.00,862,F1,1,,,,,
2026-06-30,2026-06-30,CM,BSE,STK,544482,INE0YG001013,STARIMAGIN,MT,,,,,STAR IMAGING AND PATH LAB LIMI,96.00,98.10,96.00,98.10,98.10,93.43,,98.10,,,29000,2839350.00,25,F1,1000,,,,,
2026-06-30,2026-06-30,CM,BSE,STK,544483,INE111601014,ICODEX,M,,,,,ICODEX PUBLISHING SOLUTIONS LI,39.19,39.89,38.00,39.89,39.89,40.00,,39.89,,,10800,418188.00,9,F1,1200,,,,,
2026-06-30,2026-06-30,CM,BSE,STK,544484,INE304W01038,BLUESTONE,B,,,,,BlueStone Jewellery and Lifest,537.50,550.20,537.50,545.55,544.65,538.00,,545.85,,,11127,6067375.00,527,F1,1,,,,,
2026-06-30,2026-06-30,CM,BSE,STK,544485,INE0MHO01029,REGAAL,T,,,,,REGAAL RESOURCES LIMITED,77.46,79.00,76.30,77.27,78.54,77.84,,78.24,,,6590,509740.00,69,F1,1,,,,,
2026-06-30,2026-06-30,CM,BSE,STK,544487,INE0R8B01010,PATELRMART,B,,,,,PATEL RETAIL LIMITED,212.10,219.10,210.00,215.80,216.50,210.05,,216.04,,,2977,641699.00,135,F1,1,,,,,
2026-06-30,2026-06-30,CM,BSE,STK,544488,INE078V01014,VIKRAMSOLR,T,,,,,Vikram Solar Limited,191.25,191.25,180.10,181.20,181.20,185.85,,179.71,,,185294,33946169.00,1146,F1,1,,,,,
2026-06-30,2026-06-30,CM,BSE,STK,544490,INE1B6101010,SHREEJISPG,B,,,,,Shreeji Shipping Global Limite,483.05,492.55,482.85,490.50,491.70,480.40,,491.30,,,2416,1181056.00,97,F1,1,,,,,
2026-06-30,2026-06-30,CM,BSE,STK,544491,INE06XZ01023,GEMAROMA,B,,,,,Gem Aromatics Limited,195.40,195.40,180.15,183.50,184.50,194.80,,183.53,,,12714,2392380.00,412,F1,1,,,,,
2026-06-30,2026-06-30,CM,BSE,STK,544492,INE0PKD01011,MEIL,T,,,,,MANGAL ELECTRICAL INDUSTRIES L,300.00,306.30,297.00,299.50,299.50,301.60,,300.70,,,888,266946.00,47,F1,1,,,,,
2026-06-30,2026-06-30,CM,BSE,STK,544493,INF204KC1GH6,MANUFGBEES,B,,,,,Nippon India Mutual Fund,161.72,162.30,159.45,160.10,160.10,157.66,,159.16,,,18,2906.00,8,F1,1,,,,,
2026-06-30,2026-06-30,CM,BSE,STK,544496,INE01R501028,VIKRAN,B,,,,,Vikran Engineering Limited,75.00,79.67,74.49,76.25,76.25,74.42,,76.23,,,563846,43412531.00,3437,F1,1,,,,,
2026-06-30,2026-06-30,CM,BSE,STK,544497,INE0Y8W01025,AHCL,B,,,,,ANLON HEALTHCARE LIMITED,16.44,16.50,15.86,16.00,16.00,16.11,,15.99,,,270049,4365512.00,405,F1,1,,,,,
2026-06-30,2026-06-30,CM,BSE,STK,544498,INE0RTI01017,OVAL,M,,,,,OVAL PROJECTS ENGINEERING LIMI,60.00,60.00,57.00,57.00,57.00,60.50,,57.00,,,6400,374400.00,4,F1,1600,,,,,
2026-06-30,2026-06-30,CM,BSE,STK,544499,INE0P6P01016,CPEDU,B,,,,,Career Point Edutech Limited,207.10,207.10,202.55,202.65,202.65,210.00,,203.97,,,57,11596.00,13,F1,1,,,,,
2026-06-30,2026-06-30,CM,BSE,STK,544500,INE15MX01014,ABRIL,M,,,,,ABRIL PAPER TECH LIMITED,39.00,39.00,39.00,39.00,39.00,38.33,,39.00,,,2000,78000.00,1,F1,2000,,,,,
2026-06-30,2026-06-30,CM,BSE,STK,544501,INE0XX801016,SUGSLLOYD,MT,,,,,SUGS LLOYD LIMITED,129.80,129.80,124.05,126.20,124.25,123.65,,126.20,,,32000,4052350.00,30,F1,1000,,,,,
2026-06-30,2026-06-30,CM,BSE,STK,544502,INE084K01015,AMANTA,T,,,,,Amanta Healthcare Limited,156.50,163.50,156.50,160.55,160.55,163.85,,160.99,,,4253,679488.00,72,F1,1,,,,,
2026-06-30,2026-06-30,CM,BSE,STK,544503,INE0ZN101029,RACHIT,MT,,,,,Rachit Prints Limited,197.00,205.00,197.00,205.00,205.00,197.00,,205.00,,,2000,402000.00,2,F1,1000,,,,,
2026-06-30,2026-06-30,CM,BSE,STK,544504,INE0ZOM01013,GOELCONS,MT,,,,,GOEL CONSTRUCTION COMPANY LIMI,422.00,423.00,417.05,422.60,422.60,414.55,,422.60,,,8000,3368660.00,18,F1,400,,,,,
2026-06-30,2026-06-30,CM,BSE,STK,544505,INE104201012,AUSTERE,M,,,,,AUSTERE SYSTEMS LIMITED,43.50,43.50,43.50,43.50,43.50,43.50,,43.50,,,2000,87000.00,1,F1,2000,,,,,
2026-06-30,2026-06-30,CM,BSE,STK,544506,INE0UJF01018,SHARVAYA,MT,,,,,SHARVAYA METALS LIMITED,103.00,103.25,102.60,102.60,102.60,104.80,,102.60,,,1800,185310.00,3,F1,600,,,,,
2026-06-30,2026-06-30,CM,BSE,STK,544507,INF0R8F01141,SML100CASE,B,,,,,Zerodha Mutual Fund,10.42,10.77,10.42,10.75,10.75,10.56,,10.73,,,39677,424041.00,73,F1,1,,,,,
2026-06-30,2026-06-30,CM,BSE,STK,544508,INE0WRP01016,VASHISHTHA,M,,,,,VASHISHTHA LUXURY FASHION LIMI,61.11,61.11,60.03,60.54,60.03,60.01,,60.54,,,4800,290592.00,4,F1,1200,,,,,
2026-06-30,2026-06-30,CM,BSE,STK,544510,INE346R01013,NCML,M,,,,,NILACHAL CARBO METALICKS LIMIT,90.00,90.00,89.00,89.88,90.00,90.00,,89.88,,,14400,1294400.00,3,F1,1600,,,,,
2026-06-30,2026-06-30,CM,BSE,STK,544512,INE1B3L01017,SHRINGARMS,B,,,,,SHRINGAR HOUSE OF MANGALSUTRA,221.25,222.30,218.00,219.65,218.50,219.75,,219.48,,,28538,6286024.00,427,F1,1,,,,,
2026-06-30,2026-06-30,CM,BSE,STK,544513,INE0VOV01021,DEVX,B,,,,,Dev Accelerator Limited,37.50,37.50,35.48,35.50,36.01,35.34,,35.74,,,2005,71892.00,31,F1,1,,,,,
2026-06-30,2026-06-30,CM,BSE,STK,544515,INE0CAZ01013,URBANCO,B,,,,,Urban Company Limited,131.25,132.90,129.60,131.25,131.20,131.65,,131.33,,,63076,8301622.00,848,F1,1,,,,,
2026-06-30,2026-06-30,CM,BSE,STK,544516,INE0XBS01012,AIRFLOA,M,,,,,AIRFLOA RAIL TECHNOLOGY LIMITE,329.50,329.50,320.20,321.60,321.90,324.10,,321.60,,,41000,13262225.00,72,F1,500,,,,,
2026-06-30,2026-06-30,CM,BSE,STK,544517,INE24OJ01011,BUILDPRO,B,,,,,Shankara Buildpro Limited,1023.00,1028.35,994.10,1022.50,1018.40,1014.15,,1019.80,,,1182,1200537.00,118,F1,1,,,,,
2026-06-30,2026-06-30,CM,BSE,STK,544518,INE0TJ801010,LTELEVATOR,M,,,,,L. T. ELEVATOR LIMITED,268.00,269.70,255.00,256.60,256.60,264.40,,256.60,,,38400,10039520.00,45,F1,800,,,,,
2026-06-30,2026-06-30,CM,BSE,STK,544519,INE198501012,EUROPRATIK,B,,,,,EURO PRATIK SALES LIMITED,288.00,289.80,280.80,281.20,280.80,281.35,,281.60,,,2097,597257.00,107,F1,1,,,,,
2026-06-30,2026-06-30,CM,BSE,STK,544520,INE10XS01012,SAMPAT,M,,,,,SAMPAT ALUMINIUM LIMITED,35.51,37.00,35.00,35.00,35.00,35.43,,35.00,,,48000,1715688.00,23,F1,1200,,,,,
2026-06-30,2026-06-30,CM,BSE,STK,544521,INE0SJA01013,VMSTMT,T,,,,,VMS TMT LIMITED,43.70,44.99,43.10,44.79,44.79,43.50,,44.49,,,1459,64689.00,19,F1,1,,,,,
2026-06-30,2026-06-30,CM,BSE,STK,544522,INE08PH01015,ABCOTS,B,,,,,A B Cotspin India Limited,227.65,227.65,220.70,222.00,222.00,224.30,,221.08,,,584,130064.00,66,F1,1,,,,,
2026-06-30,2026-06-30,CM,BSE,STK,544523,INE056801025,IVALUE,B,,,,,IVALUE INFOSOLUTIONS LIMITED,274.05,277.60,256.90,265.85,265.85,273.35,,265.55,,,171159,44874814.00,3016,F1,1,,,,,
2026-06-30,2026-06-30,CM,BSE,STK,544524,INE14VP01014,JDCABLES,M,,,,,JD CABLES LIMITED,231.00,235.95,230.05,235.00,235.00,229.50,,235.00,,,26400,6166760.00,32,F1,800,,,,,
2026-06-30,2026-06-30,CM,BSE,STK,544525,INE1AG301022,GKENERGY,B,,,,,GK ENERGY LIMITED,140.20,143.95,140.20,141.50,143.00,140.25,,141.57,,,24516,3499265.00,401,F1,1,,,,,
2026-06-30,2026-06-30,CM,BSE,STK,544526,INE13B501022,SAATVIKGL,B,,,,,Saatvik Green Energy Limited,463.20,469.10,459.10,465.35,465.90,462.20,,464.95,,,4902,2271729.00,209,F1,1,,,,,
2026-06-30,2026-06-30,CM,BSE,STK,544527,INE0Z4F01028,ATLANTAELE,B,,,,,Atlanta Electricals Limited,1766.45,1855.00,1766.45,1814.65,1801.00,1796.00,,1814.10,,,4759,8677702.00,838,F1,1,,,,,
2026-06-30,2026-06-30,CM,BSE,STK,544528,INE652V01016,GANESHCP,B,,,,,Ganesh Consumer Products Limit,192.50,194.80,191.40,191.55,191.40,193.10,,191.90,,,2174,418756.00,81,F1,1,,,,,
2026-06-30,2026-06-30,CM,BSE,STK,544529,INE15XJ01010,APPL,MT,,,,,Aptus Pharma Limited,226.40,226.40,226.40,226.40,226.40,231.00,,226.40,,,5200,1177280.00,6,F1,400,,,,,
2026-06-30,2026-06-30,CM,BSE,STK,544530,INE549H01021,ARSSBL,B,,,,,ANAND RATHI SHARE AND STOCK BR,533.30,564.60,533.05,555.00,556.00,533.30,,554.30,,,30327,16811827.00,813,F1,1,,,,,
2026-06-30,2026-06-30,CM,BSE,STK,544531,INE1LDV01015,TRUECOLORS,M,,,,,TRUE COLORS LIMITED,174.70,177.85,170.00,177.85,177.85,169.40,,177.85,,,133800,23490450.00,157,F1,600,,,,,
2026-06-30,2026-06-30,CM,BSE,STK,544532,INE0TY101024,SOLARWORLD,B,,,,,Solarworld Energy Solutions Li,177.40,184.40,177.40,182.65,182.50,181.05,,183.32,,,5726,1046424.00,196,F1,1,,,,,
2026-06-30,2026-06-30,CM,BSE,STK,544533,INE04VU01023,STYL,B,,,,,Seshaasai Technologies Limited,310.30,318.45,308.00,310.10,309.95,311.65,,309.95,,,8864,2779310.00,364,F1,1,,,,,
2026-06-30,2026-06-30,CM,BSE,STK,544534,INE00YJ01010,JARO,B,,,,,Jaro Institute of Technology M,504.45,505.00,490.00,495.45,495.75,502.45,,496.55,,,23077,11425427.00,488,F1,1,,,,,
2026-06-30,2026-06-30,CM,BSE,STK,544535,INE0QMV01017,BHARATROHAN,M,,,,,BHARATROHAN AIRBORNE INNOVATIO,138.95,138.95,128.00,128.65,128.00,132.45,,128.65,,,31200,4127720.00,33,F1,800,,,,,
2026-06-30,2026-06-30,CM,BSE,STK,544536,INE658T01017,WEALTH,B,,,,,Wealth First Portfolio Manager,961.05,961.05,955.50,960.65,958.00,960.30,,961.90,,,122,117172.00,30,F1,1,,,,,
2026-06-30,2026-06-30,CM,BSE,STK,544537,INE0YD401026,JAINREC,B,,,,,Jain Resource Recycling Limite,345.55,358.80,345.55,348.60,348.60,344.00,,348.65,,,105199,37010825.00,1808,F1,1,,,,,
2026-06-30,2026-06-30,CM,BSE,STK,544538,INE0TI501017,PRARUH,M,,,,,PRARUH TECHNOLOGIES LIMITED,55.87,55.87,55.87,55.87,55.87,51.87,,55.87,,,2000,111740.00,1,F1,2000,,,,,
2026-06-30,2026-06-30,CM,BSE,STK,544539,INE1IIQ01028,SOLVEX,MT,,,,,Solvex Edibles Limited,26.30,26.30,26.30,26.30,26.30,25.05,,26.30,,,3200,84160.00,2,F1,1600,,,,,
2026-06-30,2026-06-30,CM,BSE,STK,544540,INE0MLS01022,EPACKPEB,B,,,,,Epack Prefab Technologies Limi,236.40,249.00,234.50,243.75,245.00,233.25,,243.92,,,39049,9377205.00,876,F1,1,,,,,
2026-06-30,2026-06-30,CM,BSE,STK,544541,INE1KLZ01011,SYSTEMATIC,MT,,,,,SYSTEMATIC INDUSTRIES LIMITED,182.95,185.00,182.05,183.50,183.50,183.00,,183.50,,,9000,1649460.00,11,F1,600,,,,,
2026-06-30,2026-06-30,CM,BSE,STK,544542,INE0W5Q01017,JUSTO,M,,,,,Justo Realfintech Limited,88.00,88.00,88.00,88.00,88.00,85.00,,88.00,,,1000,88000.00,1,F1,1000,,,,,
2026-06-30,2026-06-30,CM,BSE,STK,544543,INE965W01036,BMWVENTLTD,B,,,,,BMW VENTURES LIMITED,59.25,59.25,57.01,57.29,57.15,58.55,,57.21,,,3756,216671.00,91,F1,1,,,,,
2026-06-30,2026-06-30,CM,BSE,STK,544544,INE0SRP01014,TELGE,M,,,,,TELGE PROJECTS LIMITED,156.90,158.60,141.95,151.00,150.00,149.50,,151.00,,,38400,5815980.00,31,F1,1200,,,,,
2026-06-30,2026-06-30,CM,BSE,STK,544545,INE0MWH01014,TRUALT,B,,,,,TRUALT BIOENERGY LIMITED,456.05,459.95,452.00,453.90,453.90,459.95,,453.45,,,3453,1572800.00,232,F1,1,,,,,
2026-06-30,2026-06-30,CM,BSE,STK,544546,INE1B4801017,CHTR,MT,,,,,Chatterbox Technologies Limite,60.57,60.57,55.00,58.60,58.60,57.75,,58.60,,,21600,1218468.00,14,F1,1200,,,,,
2026-06-30,2026-06-30,CM,BSE,STK,544547,INE1FF001016,JKIPL,T,,,,,Jinkushal Industries Limited,105.65,113.30,103.52,112.44,113.00,108.96,,112.72,,,2145,229782.00,41,F1,1,,,,,
2026-06-30,2026-06-30,CM,BSE,STK,544548,INE0SIK01014,GPAPL,M,,,,,GUJARAT PEANUT AND AGRI PRODUC,70.05,70.05,70.05,70.05,70.05,72.10,,70.05,,,1600,112080.00,1,F1,1600,,,,,
2026-06-30,2026-06-30,CM,BSE,STK,544549,INE1A8F01035,EARKART,M,,,,,EARKART LIMITED,150.00,157.00,150.00,156.55,156.55,149.35,,156.55,,,7000,1085550.00,7,F1,1000,,,,,
2026-06-30,2026-06-30,CM,BSE,STK,544550,INE0S3G01027,PACEDIGITK,B,,,,,Pace Digitek Limited,204.60,207.60,200.95,203.05,203.05,201.00,,202.82,,,167653,34187292.00,1593,F1,1,,,,,
2026-06-30,2026-06-30,CM,BSE,STK,544553,INE1PJP01015,MPKSTEELS,M,,,,,M P K STEELS (I) LIMITED,120.50,120.90,120.50,120.90,120.90,120.50,,120.90,,,4000,483280.00,2,F1,800,,,,,
2026-06-30,2026-06-30,CM,BSE,STK,544554,INE163701019,KVSCASTING,M,,,,,KVS Castings Limited,62.00,69.00,62.00,68.73,68.75,62.00,,68.73,,,44000,2975680.00,16,F1,2000,,,,,
2026-06-30,2026-06-30,CM,BSE,STK,544555,INE14QA01016,AMEENJI,M,,,,,AMEENJI RUBBER LIMITED,133.20,134.90,133.20,134.90,134.90,132.60,,134.90,,,7200,964920.00,4,F1,1200,,,,,
2026-06-30,2026-06-30,CM,BSE,STK,544556,INE0SPJ01011,DHILLON,M,,,,,Dhillon Freight Carrier Limite,36.60,36.60,36.60,36.60,36.60,34.50,,36.60,,,3200,117120.00,2,F1,1600,,,,,
2026-06-30,2026-06-30,CM,BSE,STK,544557,INE0TQE01026,GLOTTIS,T,,,,,Glottis Limited,67.59,67.59,65.41,65.77,65.75,65.71,,66.49,,,1372,90795.00,18,F1,1,,,,,
2026-06-30,2026-06-30,CM,BSE,STK,544558,INE0HF201011,FABTECH,B,,,,,Fabtech Technologies Limited,156.55,159.50,154.35,156.25,155.50,156.95,,156.29,,,15151,2378953.00,332,F1,1,,,,,
2026-06-30,2026-06-30,CM,BSE,STK,544559,INE0R8Q01018,OML,MT,,,,,OM METALLOGIC LIMITED,36.97,36.97,33.45,33.45,33.45,35.21,,33.45,,,190400,6764192.00,83,F1,1600,,,,,
2026-06-30,2026-06-30,CM,BSE,STK,544561,INE12P101018,CHIRAHARIT,MT,,,,,Chiraharit Limited,8.50,8.90,8.23,8.90,8.90,8.66,,8.90,,,30000,252540.00,5,F1,6000,,,,,
2026-06-30,2026-06-30,CM,BSE,STK,544562,INE1B0W01010,ADVANCE,B,,,,,Advance Agrolife Limited,109.00,111.35,107.00,107.75,107.10,109.05,,107.61,,,11005,1204187.00,247,F1,1,,,,,
2026-06-30,2026-06-30,CM,BSE,STK,544563,INE1B3501014,ZELIO,MT,,,,,Zelio E Mobility Limited,567.25,567.25,567.25,567.25,567.25,556.15,,567.25,,,12000,6807000.00,8,F1,500,,,,,
2026-06-30,2026-06-30,CM,BSE,STK,544564,INE1BZC01019,OMFREIGHT,B,,,,,Om Freight Forwarders Limited,92.01,100.96,92.01,95.92,94.74,95.49,,95.30,,,12419,1194041.00,284,F1,1,,,,,
2026-06-30,2026-06-30,CM,BSE,STK,544565,INE0QP701017,VALPLAST,M,,,,,Valplast Technologies Limited,43.00,43.50,42.26,42.88,43.50,41.48,,42.88,,,8000,343520.00,4,F1,2000,,,,,
2026-06-30,2026-06-30,CM,BSE,STK,544566,INE10CM01027,SUNSKY,M,,,,,Sunsky Logistics Limited,41.45,41.45,41.45,41.45,41.45,41.44,,41.45,,,1500,62175.00,1,F1,1500,,,,,
2026-06-30,2026-06-30,CM,BSE,STK,544567,INE16XA01017,INFINITY,M,,,,,Infinity Infoway Limited,398.80,398.80,359.95,373.60,370.05,398.70,,373.60,,,9600,3592540.00,21,F1,400,,,,,
2026-06-30,2026-06-30,CM,BSE,STK,544568,INE0SUM01015,ZAPPFRESH,M,,,,,DSM Fresh Foods Limited,82.25,82.90,80.52,82.38,82.30,82.17,,82.38,,,45600,3740772.00,33,F1,1200,,,,,
2026-06-30,2026-06-30,CM,BSE,STK,544569,INE1TAE01010,TMCV,B,,,,,Tata Motors Limited,425.10,430.60,420.15,423.15,423.15,423.20,,422.95,,,769045,327529828.00,12827,F1,1,,,,,
2026-06-30,2026-06-30,CM,BSE,STK,544570,INE085001019,WEWORK,B,,,,,WeWork India Management Limite,654.25,698.00,638.95,688.35,688.35,648.65,,689.25,,,37177,25023304.00,1818,F1,1,,,,,
2026-06-30,2026-06-30,CM,BSE,STK,544572,INE2J8701016,SKFINDUS,B,,,,,SKF INDIA (INDUSTRIAL) LIMITED,2860.00,2965.00,2855.00,2884.70,2905.75,2868.85,,2891.60,,,3512,10113449.00,326,F1,1,,,,,
2026-06-30,2026-06-30,CM,BSE,STK,544574,INE976I01016,TATACAP,A,,,,,Tata Capital Limited,371.05,374.00,356.80,365.75,365.75,370.10,,365.90,,,220855,80329022.00,5439,F1,1,,,,,
2026-06-30,2026-06-30,CM,BSE,STK,544575,INE833Q01012,MITTALSTL,MT,,,,,Mittal Sections Limited,30.00,30.89,30.00,30.89,30.89,30.00,,30.89,,,2000,60890.00,2,F1,1000,,,,,
2026-06-30,2026-06-30,CM,BSE,STK,544576,INE324D01010,LGEINDIA,B,,,,,LG Electronics India Limited,1567.00,1587.00,1545.00,1551.80,1551.80,1563.55,,1551.90,,,16908,26366680.00,2186,F1,1,,,,,
2026-06-30,2026-06-30,CM,BSE,STK,544577,INE196Y01018,WORTHPERI,B,,,,,Worth Peripherals Limited,138.40,141.35,131.10,131.30,131.30,129.15,,134.59,,,8084,1118578.00,44,F1,1,,,,,
2026-06-30,2026-06-30,CM,BSE,STK,544578,INE506V01022,RUBICON,B,,,,,RUBICON RESEARCH LIMITED,1423.65,1435.10,1381.00,1401.45,1399.00,1418.15,,1402.80,,,8126,11388469.00,669,F1,1,,,,,
2026-06-30,2026-06-30,CM,BSE,STK,544579,INE1UA823019,ANANTAM,IF,,,,,Anantam Highways Trust,105.36,105.36,104.00,104.33,104.00,105.36,,104.10,,,230,24021.00,62,F1,1,,,,,
2026-06-30,2026-06-30,CM,BSE,STK,544580,INE218I01013,CRAMC,B,,,,,Canara Robeco Asset Management,249.90,250.30,246.35,247.00,247.50,247.20,,246.94,,,14714,3639854.00,661,F1,1,,,,,
2026-06-30,2026-06-30,CM,BSE,STK,544581,INF740KA1WU9,FLEXIADD,B,,,,,DSP Mutual Fund,9.60,9.63,9.54,9.60,9.60,9.65,,9.58,,,2215,21258.00,28,F1,1,,,,,
2026-06-30,2026-06-30,CM,BSE,STK,544582,INE1EUB01016,SHLOKKA,MT,,,,,SHLOKKA DYES LIMITED,24.50,24.50,23.30,23.30,23.30,24.50,,23.30,,,3600,85320.00,3,F1,1200,,,,,
2026-06-30,2026-06-30,CM,BSE,STK,544583,INE01TY01017,CANHLIFE,B,,,,,Canara HSBC Life Insurance Com,136.60,140.50,134.50,139.95,140.00,139.30,,139.86,,,40841,5605713.00,1065,F1,1,,,,,
2026-06-30,2026-06-30,CM,BSE,STK,544584,INE13YH01017,SKM,MT,,,,,SK Minerals & Additives Limite,385.00,385.00,371.25,374.65,371.25,380.30,,374.65,,,4000,1513250.00,4,F1,1000,,,,,
2026-06-30,2026-06-30,CM,BSE,STK,544585,INE0SFA01011,SIHORA,M,,,,,SIHORA INDUSTRIES LIMITED,59.59,59.59,59.59,59.59,59.59,60.00,,59.59,,,2000,119180.00,1,F1,2000,,,,,
2026-06-30,2026-06-30,CM,BSE,STK,544586,INF0R8F01166,NIFTYCASE,B,,,,,Zerodha Mutual Fund,9.60,9.62,9.52,9.58,9.62,9.58,,9.56,,,20467,196251.00,92,F1,1,,,,,
2026-06-30,2026-06-30,CM,BSE,STK,544587,INE0XAD01024,MIDWESTLTD,B,,,,,Midwest Limited,1249.40,1280.25,1234.65,1249.50,1243.55,1245.00,,1251.30,,,679,846546.00,76,F1,1,,,,,
2026-06-30,2026-06-30,CM,BSE,STK,544594,INE1GUJ01014,TRADEUNO,M,,,,,GAME CHANGERS TEXFAB LIMITED,101.95,101.95,91.05,92.00,92.00,98.00,,92.00,,,3600,342000.00,3,F1,1200,,,,,
2026-06-30,2026-06-30,CM,BSE,STK,544595,INE16NZ01023,ORKLAINDIA,B,,,,,Orkla India Limited,616.70,617.95,608.50,613.40,613.70,618.95,,613.30,,,1369,838136.00,156,F1,1,,,,,
2026-06-30,2026-06-30,CM,BSE,STK,544596,INE0SVZ01015,SAFECURE,M,,,,,Safecure Services Limited,23.60,24.00,23.60,24.00,24.00,24.00,,24.00,,,2400,57120.00,2,F1,1200,,,,,
2026-06-30,2026-06-30,CM,BSE,STK,544597,INE202B01038,PIRAMALFIN,B,,,,,Piramal Finance Limited,2144.90,2172.75,2114.30,2165.25,2171.95,2138.75,,2164.20,,,31151,66866725.00,1543,F1,1,,,,,
2026-06-30,2026-06-30,CM,BSE,STK,544598,INE648Z01023,ACCURACY,B,,,,,Accuracy Shipping Limited,5.65,5.65,5.20,5.32,5.31,5.39,,5.31,,,4102,21510.00,22,F1,1,,,,,
2026-06-30,2026-06-30,CM,BSE,STK,544599,INE00Q601028,STUDDS,B,,,,,Studds Accessories Limited,470.25,474.00,467.40,470.35,470.30,471.65,,469.25,,,4348,2046780.00,207,F1,1,,,,,
2026-06-30,2026-06-30,CM,BSE,STK,544600,INE956O01016,LENSKART,B,,,,,Lenskart Solutions Limited,509.95,518.00,504.80,515.30,516.60,505.75,,514.95,,,86009,44123216.00,1046,F1,1,,,,,
2026-06-30,2026-06-30,CM,BSE,STK,544601,INF2KCX01012,CHOICEGOLD,E,,,,,Choice Mutual Fund,137.87,141.80,137.07,139.47,140.88,139.58,,139.26,,,1354,187823.00,76,F1,1,,,,,
2026-06-30,2026-06-30,CM,BSE,STK,544603,INE0HOQ01053,GROWW,B,,,,,Billionbrains Garage Ventures,202.40,207.00,200.75,202.00,202.00,203.05,,202.07,,,4493181,923284603.00,19226,F1,1,,,,,
2026-06-30,2026-06-30,CM,BSE,STK,544604,INF769K01PR2,ENERGY,B,,,,,Mirae Asset Mutual Fund,40.26,40.26,39.69,39.90,40.00,39.79,,40.08,,,21066,840799.00,223,F1,1,,,,,
2026-06-30,2026-06-30,CM,BSE,STK,544605,INF769K01PQ4,SMALL250,B,,,,,Mirae Asset Mutual Fund,17.70,17.81,17.69,17.77,17.76,17.63,,17.77,,,19499,346626.00,23,F1,1,,,,,
2026-06-30,2026-06-30,CM,BSE,STK,544606,INE15B701018,PINELABS,B,,,,,Pine Labs Limited,159.20,160.95,155.70,156.75,156.75,158.55,,156.76,,,915207,144970893.00,4370,F1,1,,,,,
2026-06-30,2026-06-30,CM,BSE,STK,544607,INE0D8001018,SHTL,MT,,,,,SHINING TOOLS LIMITED,91.00,92.40,91.00,92.40,92.40,88.00,,92.40,,,8400,773040.00,6,F1,1200,,,,,
2026-06-30,2026-06-30,CM,BSE,STK,544608,INE1C6T01020,EMMVEE,B,,,,,Emmvee Photovoltaic Power Limi,335.25,344.90,330.90,342.95,339.10,332.30,,343.00,,,122845,41649611.00,1817,F1,1,,,,,
2026-06-30,2026-06-30,CM,BSE,STK,544609,INE0LP301011,PWL,B,,,,,Physicswallah Limited,123.50,124.65,121.50,124.20,124.20,123.75,,124.13,,,269436,33159057.00,1761,F1,1,,,,,
2026-06-30,2026-06-30,CM,BSE,STK,544610,INE1I1301016,WORKMATES,M,,,,,WORKMATES CORE2CLOUD SOLUTION,296.95,300.00,295.00,300.00,300.00,294.60,,300.00,,,24000,7131630.00,16,F1,600,,,,,
2026-06-30,2026-06-30,CM,BSE,STK,544611,INE0U9D01019,MAHALIFE,M,,,,,MAHAMAYA LIFESCIENCES LIMITED,172.00,173.95,169.60,173.95,173.95,172.25,,173.95,,,3600,618660.00,3,F1,1200,,,,,
2026-06-30,2026-06-30,CM,BSE,STK,544612,INE19RI01016,TENNIND,B,,,,,Tenneco Clean Air India Limite,581.30,599.00,576.75,592.50,592.50,580.75,,592.40,,,70454,41722448.00,2023,F1,1,,,,,
2026-06-30,2026-06-30,CM,BSE,STK,544613,INE12UR01024,UTLSOLAR,B,,,,,Fujiyama Power Systems Limited,309.85,322.60,309.85,322.60,322.60,307.25,,323.05,,,26689,8586407.00,395,F1,1,,,,,
2026-06-30,2026-06-30,CM,BSE,STK,544614,INE0ILV01024,CAPILLARY,B,,,,,Capillary Technologies India L,499.40,516.55,499.40,512.80,512.25,509.55,,513.35,,,3793,1947043.00,173,F1,1,,,,,
2026-06-30,2026-06-30,CM,BSE,STK,544615,INE1SPP01016,KSR,B,,,,,KSR Footwear Limited,32.00,32.50,31.00,31.00,31.00,31.59,,31.57,,,2518,80502.00,13,F1,1,,,,,
2026-06-30,2026-06-30,CM,BSE,STK,544616,INE0BUQ01012,GALLARD,M,,,,,Gallard Steel Limited,160.95,169.00,158.00,163.90,169.00,159.35,,163.90,,,15000,2429350.00,8,F1,1000,,,,,
2026-06-30,2026-06-30,CM,BSE,STK,544617,INE606N01019,EXCELSOFT,B,,,,,Excelsoft Technologies Limited,75.45,75.45,73.50,74.54,74.90,75.39,,74.66,,,18353,1366566.00,364,F1,1,,,,,
2026-06-30,2026-06-30,CM,BSE,STK,544619,INE0QPI01025,SUDEEPPHRM,B,,,,,Sudeep Pharma Limited,838.55,850.00,819.10,847.50,841.85,822.35,,848.50,,,15172,12788257.00,1053,F1,1,,,,,
2026-06-30,2026-06-30,CM,BSE,STK,544621,INE1U2R01013,SSMD,M,,,,,SSMD AGROTECH INDIA LIMITED,59.10,63.99,59.10,61.82,63.99,64.05,,61.82,,,12000,727990.00,12,F1,1000,,,,,
2026-06-30,2026-06-30,CM,BSE,STK,544622,INE2KCE01013,KWIL,B,,,,,Kwality Walls (India) Limited,35.24,35.54,34.95,35.07,35.07,34.91,,35.11,,,516921,18176708.00,3925,F1,1,,,,,
2026-06-30,2026-06-30,CM,BSE,STK,544624,INE0EOJ01014,KKSILK,MT,,,,,K K SILK MILLS LIMITED,10.75,11.28,10.75,11.28,11.28,11.25,,11.28,,,9000,98400.00,3,F1,3000,,,,,
2026-06-30,2026-06-30,CM,BSE,STK,544625,INE1BA901016,LOGICIEL,MT,,,,,Logiciel Solutions Limited,37.70,37.95,37.70,37.95,37.95,36.90,,37.95,,,1200,45390.00,2,F1,600,,,,,
2026-06-30,2026-06-30,CM,BSE,STK,544626,INE1E4401010,EXATO,M,,,,,EXATO TECHNOLOGIES LIMITED,358.00,385.95,355.00,380.60,384.90,358.00,,380.60,,,19500,7147550.00,34,F1,500,,,,,
2026-06-30,2026-06-30,CM,BSE,STK,544627,INE0VDK01019,PURPLEWAVE,M,,,,,PURPLE WAVE INFOCOM LIMITED,113.50,114.60,113.50,114.60,114.60,112.40,,114.60,,,2000,228100.00,2,F1,1000,,,,,
2026-06-30,2026-06-30,CM,BSE,STK,544628,INE0RUY01012,ASTRONMULT,MT,,,,,Astron Multigrain Limited,17.16,17.16,16.32,16.32,16.32,17.16,,16.32,,,4000,66960.00,2,F1,2000,,,,,
2026-06-30,2026-06-30,CM,BSE,STK,544629,INE0W4D01018,RAVEL,M,,,,,Ravelcare Limited,113.05,113.10,112.75,113.10,113.10,118.05,,113.10,,,4000,451900.00,4,F1,1000,,,,,
2026-06-30,2026-06-30,CM,BSE,STK,544630,INE1FJE01010,HELLOJI,M,,,,,HELLOJI HOLIDAYS LIMITED,103.50,137.70,103.50,135.95,135.95,120.05,,135.95,,,3600,452580.00,3,F1,1200,,,,,
2026-06-30,2026-06-30,CM,BSE,STK,544631,INE985W01018,CNL,B,,,,,CREATIVE NEWTECH LIMITED,735.85,736.65,721.85,736.65,736.65,736.60,,730.25,,,164,120398.00,14,F1,1,,,,,
2026-06-30,2026-06-30,CM,BSE,STK,544632,INE0VDM01015,MEESHO,B,,,,,Meesho Limited,192.75,195.50,188.55,192.50,192.50,194.20,,192.40,,,2759564,531014325.00,10199,F1,1,,,,,
2026-06-30,2026-06-30,CM,BSE,STK,544633,INE14UN01029,VIDYAWIRES,B,,,,,VIDYA WIRES LIMITED,102.55,103.50,99.00,99.45,99.45,101.50,,99.61,,,98774,9927053.00,1265,F1,1,,,,,
2026-06-30,2026-06-30,CM,BSE,STK,544634,INE947N01017,AEQUS,B,,,,,Aequs Limited,242.00,246.90,232.20,234.75,234.75,239.65,,234.65,,,441078,105672948.00,5186,F1,1,,,,,
2026-06-30,2026-06-30,CM,BSE,STK,544635,INE1CJB01013,LUXURY,MT,,,,,Luxury Time Limited,69.00,69.00,68.00,68.00,68.00,70.00,,68.00,,,8000,546560.00,5,F1,1600,,,,,
2026-06-30,2026-06-30,CM,BSE,STK,544637,INE0QZR01017,METHODHUB,M,,,,,Methodhub Software Limited,80.75,83.45,79.85,83.45,83.45,79.50,,83.45,,,43200,3579210.00,58,F1,600,,,,,
2026-06-30,2026-06-30,CM,BSE,STK,544638,INF194KB1KJ7,GOLDBND,E,,,,,Bandhan Mutual Fund,139.84,140.89,137.13,140.05,140.02,142.31,,140.29,,,1797,250898.00,213,F1,1,,,,,
2026-06-30,2026-06-30,CM,BSE,STK,544639,INF194KB1KI9,SILVERBND,E,,,,,Bandhan Mutual Fund,217.49,224.90,216.04,222.09,223.23,218.43,,222.84,,,5377,1184654.00,89,F1,1,,,,,
2026-06-30,2026-06-30,CM,BSE,STK,544641,INE1IE301018,KVTOYS,M,,,,,K. V. TOYS INDIA LIMITED,263.10,265.95,256.00,260.50,262.60,262.20,,260.50,,,12600,3278820.00,18,F1,600,,,,,
2026-06-30,2026-06-30,CM,BSE,STK,544642,INE0E7301029,WAKEFIT,B,,,,,Wakefit Innovations Limited,123.60,125.10,122.25,123.90,123.70,121.75,,123.63,,,9445,1171531.00,229,F1,1,,,,,
2026-06-30,2026-06-30,CM,BSE,STK,544644,INE02ZQ01018,CORONA,B,,,,,Corona Remedies Limited,1969.00,1999.15,1953.60,1963.55,1955.05,1969.75,,1967.20,,,1619,3190789.00,336,F1,1,,,,,
2026-06-30,2026-06-30,CM,BSE,STK,544645,INE119201023,PARKHOSPS,B,,,,,PARK MEDI WORLD LIMITED,288.55,303.30,288.55,299.65,299.65,290.10,,299.30,,,152278,45551660.00,2836,F1,1,,,,,
2026-06-30,2026-06-30,CM,BSE,STK,544646,INE0O9L01010,SHIPWAVES,MT,,,,,Shipwaves Online Limited,3.60,3.60,3.60,3.60,3.60,3.69,,3.60,,,10000,36000.00,1,F1,10000,,,,,
2026-06-30,2026-06-30,CM,BSE,STK,544647,INE428V01029,NEPHROPLUS,B,,,,,Nephrocare Health Services Lim,657.70,689.40,647.35,677.60,678.00,657.70,,677.35,,,8529,5758215.00,468,F1,1,,,,,
2026-06-30,2026-06-30,CM,BSE,STK,544648,INE1FHV01026,UNISEM,M,,,,,UNISEM AGRITECH LIMITED,50.01,50.80,50.01,50.80,50.80,52.00,,50.80,,,4000,201620.00,2,F1,2000,,,,,
2026-06-30,2026-06-30,CM,BSE,STK,544654,INF740KA1WX3,SMALLADD,B,,,,,DSP Mutual Fund,17.83,17.83,17.63,17.82,17.74,17.75,,17.83,,,6653,118459.00,23,F1,1,,,,,
2026-06-30,2026-06-30,CM,BSE,STK,544655,INF740KA1WW5,MIDCAPADD,B,,,,,DSP Mutual Fund,22.59,22.93,22.59,22.80,22.80,22.96,,22.86,,,3873,87825.00,10,F1,1,,,,,
2026-06-30,2026-06-30,CM,BSE,STK,544656,INE1E1V01017,HRS,M,,,,,HRS ALUGLAZE LIMITED,248.70,250.00,248.40,250.00,250.00,248.70,,250.00,,,105200,26271420.00,33,F1,400,,,,,
2026-06-30,2026-06-30,CM,BSE,STK,544657,INE14LM01012,PAJSON,M,,,,,Pajson Agro India Limited,178.45,193.00,178.45,179.60,179.00,180.00,,179.60,,,7200,1329060.00,11,F1,600,,,,,
2026-06-30,2026-06-30,CM,BSE,STK,544658,INE346A01027,ICICIAMC,A,,,,,ICICI Prudential Asset Managem,3283.45,3347.25,3255.25,3318.70,3298.00,3280.70,,3319.50,,,178252,583776178.00,970,F1,1,,,,,
2026-06-30,2026-06-30,CM,BSE,STK,544659,INE16QA01011,STANBIK,M,,,,,STANBIK AGRO LIMITED,31.49,31.49,31.49,31.49,31.49,33.80,,31.49,,,4000,125960.00,1,F1,4000,,,,,
2026-06-30,2026-06-30,CM,BSE,STK,544660,INF769K01PZ5,TOP20,B,,,,,Mirae Asset Mutual Fund,8.64,8.64,8.58,8.58,8.62,8.62,,8.61,,,7114,61293.00,20,F1,1,,,,,
2026-06-30,2026-06-30,CM,BSE,STK,544661,INF769K01PY8,DIVIDEND,B,,,,,Mirae Asset Mutual Fund,34.81,34.81,34.50,34.59,34.58,34.81,,34.59,,,2392,82686.00,26,F1,1,,,,,
2026-06-30,2026-06-30,CM,BSE,STK,544662,INE0VI201010,SIMANDHAR,XT,,,,,SIMANDHAR IMPEX LIMITED,132.50,133.00,132.50,132.50,132.50,139.45,,132.50,,,656,86922.00,15,F1,1,,,,,
2026-06-30,2026-06-30,CM,BSE,STK,544663,INE1NQ501012,NEPLOG,MT,,,,,NEPTUNE LOGITEK LIMITED,36.00,37.00,35.16,37.00,37.00,37.00,,37.00,,,6000,217160.00,6,F1,1000,,,,,
2026-06-30,2026-06-30,CM,BSE,STK,544664,INE987S01020,KSHINTL,B,,,,,KSH INTERNATIONAL LIMITED,868.35,870.00,850.40,863.70,866.70,858.35,,863.60,,,15455,13301618.00,676,F1,1,,,,,
2026-06-30,2026-06-30,CM,BSE,STK,544666,INE0V0W01025,GKSL,B,,,,,GUJARAT KIDNEY AND SUPER SPECI,129.80,133.90,128.55,129.70,129.70,129.25,,129.46,,,41985,5484953.00,629,F1,1,,,,,
2026-06-30,2026-06-30,CM,BSE,STK,544667,INE1F9M01018,DACHEPALLI,MT,,,,,Dachepalli Publishers Limited,86.39,86.39,81.25,81.27,81.25,83.80,,81.27,,,16800,1372668.00,5,F1,1200,,,,,
2026-06-30,2026-06-30,CM,BSE,STK,544668,INE0YJA01011,NANTA,MT,,,,,NANTA TECH LIMITED,617.50,617.50,617.50,617.50,617.50,650.00,,617.50,,,3000,1852500.00,5,F1,600,,,,,
2026-06-30,2026-06-30,CM,BSE,STK,544669,INE0XLO01010,ADMACH,MT,,,,,ADMACH SYSTEMS LIMITED,290.00,295.00,275.50,289.00,289.00,290.00,,289.00,,,8400,2406900.00,13,F1,600,,,,,
2026-06-30,2026-06-30,CM,BSE,STK,544670,INE1IJQ01026,BAIKAKAJI,M,,,,,BAI-KAKAJI POLYMERS LIMITED,204.85,205.00,198.00,201.50,201.00,200.00,,201.50,,,26400,5354760.00,30,F1,600,,,,,
2026-06-30,2026-06-30,CM,BSE,STK,544671,INE0X4A01013,ATIL,M,,,,,APOLLO TECHNO INDUSTRIES LIMIT,85.99,85.99,82.02,84.00,84.00,83.50,,84.00,,,16000,1346340.00,9,F1,1000,,,,,
2026-06-30,2026-06-30,CM,BSE,STK,544672,INF2F0001370,TWCGOLDETF,E,,,,,The Wealth Company Mutual Fund,138.01,143.80,138.01,140.25,140.25,140.45,,140.07,,,17,2370.00,8,F1,1,,,,,
2026-06-30,2026-06-30,CM,BSE,STK,544674,INF740KA1XU7,NEXT50ADD,B,,,,,DSP Mutual Fund,71.97,71.97,71.97,71.97,71.97,71.69,,71.92,,,100,7197.00,1,F1,1,,,,,
2026-06-30,2026-06-30,CM,BSE,STK,544675,INE1H1501013,GTIL,M,,,,,Gabion Technologies India Limi,68.65,71.30,68.65,70.00,70.00,67.60,,70.00,,,27200,1895648.00,17,F1,1600,,,,,
2026-06-30,2026-06-30,CM,BSE,STK,544676,INE0CNJ01010,YAJUR,M,,,,,YAJUR FIBRES LIMITED,39.40,40.89,39.02,39.02,39.02,39.40,,39.02,,,12800,509280.00,14,F1,800,,,,,
2026-06-30,2026-06-30,CM,BSE,STK,544677,INE0ZE201010,DEFRAIL,M,,,,,Defrail Technologies Limited,73.98,73.98,73.98,73.98,73.98,69.07,,73.98,,,1600,118368.00,1,F1,1600,,,,,
2026-06-30,2026-06-30,CM,BSE,STK,544678,INE05XR01022,BHARATCOAL,B,,,,,BHARAT COKING COAL LIMITED,39.69,40.07,39.25,39.37,39.37,39.47,,39.33,,,845610,33430931.00,2808,F1,1,,,,,
2026-06-30,2026-06-30,CM,BSE,STK,544679,INE121R01077,AMAGI,B,,,,,Amagi Media Labs Limited,561.15,565.15,541.80,560.25,560.25,554.15,,560.55,,,26204,14595829.00,807,F1,1,,,,,
2026-06-30,2026-06-30,CM,BSE,STK,544681,INE0WKY01013,INDOSMC,MT,,,,,INDO SMC Limited,407.00,408.00,387.00,403.60,401.00,394.65,,403.60,,,154000,61785150.00,127,F1,1000,,,,,
2026-06-30,2026-06-30,CM,BSE,STK,544682,INE0U8P01015,GRERENEW,MT,,,,,GRE Renew Enertech Limited,166.45,166.45,165.90,166.45,166.45,158.55,,166.45,,,39600,6590220.00,25,F1,1200,,,,,
2026-06-30,2026-06-30,CM,BSE,STK,544683,INE1D8001016,ARITAS,MT,,,,,Aritas Vinyl Limited,13.53,13.53,13.53,13.53,13.53,14.20,,13.53,,,3000,40590.00,1,F1,3000,,,,,
2026-06-30,2026-06-30,CM,BSE,STK,544684,INE1OOT01028,DIGILOGIC,M,,,,,DIGILOGIC SYSTEMS LIMITED,124.45,124.45,122.75,123.65,123.45,123.60,,123.65,,,36000,4454940.00,27,F1,1200,,,,,
2026-06-30,2026-06-30,CM,BSE,STK,544685,INE12UN01015,SHADOWFAX,B,,,,,SHADOWFAX TECHNOLOGIES LIMITED,225.10,231.70,220.55,226.20,226.20,226.35,,226.19,,,112338,25310320.00,2018,F1,1,,,,,
2026-06-30,2026-06-30,CM,BSE,STK,544687,INE0JVH01012,HANNAH,MT,,,,,Hannah Joseph Hospital Limited,101.00,106.05,101.00,106.05,106.05,101.00,,106.05,,,50000,5262900.00,18,F1,2000,,,,,
2026-06-30,2026-06-30,CM,BSE,STK,544688,INE0T1301023,KASTURI,M,,,,,KASTURI METAL COMPOSITE LIMITE,50.00,52.00,50.00,50.03,50.03,53.00,,50.03,,,8000,404080.00,4,F1,2000,,,,,
2026-06-30,2026-06-30,CM,BSE,STK,544695,INE2B5L01011,MSAFE,MT,,,,,Msafe Equipments Limited,199.00,206.00,187.10,190.00,190.00,196.90,,190.00,,,77000,15037050.00,62,F1,1000,,,,,
2026-06-30,2026-06-30,CM,BSE,STK,544699,INE501X01029,AYE,B,,,,,Aye Finance Limited,180.30,180.35,171.40,173.40,172.60,176.40,,173.69,,,70167,12398703.00,1074,F1,1,,,,,
2026-06-30,2026-06-30,CM,BSE,STK,544700,INE212S01015,FRACTAL,B,,,,,Fractal Analytics Limited,890.35,905.20,882.30,889.80,889.80,891.10,,887.40,,,20577,18391528.00,1515,F1,1,,,,,
2026-06-30,2026-06-30,CM,BSE,STK,544701,INF769K01QA6,HEALTHCARE,B,,,,,Mirae Asset Mutual Fund,20.93,21.06,20.82,20.92,20.93,20.83,,20.95,,,5280,110675.00,23,F1,1,,,,,
2026-06-30,2026-06-30,CM,BSE,STK,544702,INE0OU201013,DCMSIL,T,,,,,DCM SHRIRAM INTERNATIONAL LIMI,73.00,73.13,71.67,73.00,73.00,73.13,,73.00,,,17405,1267493.00,50,F1,1,,,,,
2026-06-30,2026-06-30,CM,BSE,STK,544703,INE0OFM01015,DSFCL,T,,,,,DCM SHRIRAM FINE CHEMICALS LIM,24.20,24.20,23.52,23.72,23.52,24.01,,23.97,,,3768,90057.00,30,F1,1,,,,,
2026-06-30,2026-06-30,CM,BSE,STK,544704,INF769K01QB4,INFRA,B,,,,,Mirae Asset Mutual Fund,12.34,12.37,12.27,12.30,12.30,12.29,,12.31,,,2461,30277.00,29,F1,1,,,,,
2026-06-30,2026-06-30,CM,BSE,STK,544705,INF769K01QC2,DEFENCE,B,,,,,Mirae Asset Mutual Fund,79.86,79.86,77.88,79.09,79.30,77.74,,79.11,,,6332,499757.00,86,F1,1,,,,,
2026-06-30,2026-06-30,CM,BSE,STK,544706,INF209KC1662,ABSLMSCIN,B,,,,,Aditya Birla Sun Life Mutual F,29.60,30.41,28.94,28.94,28.94,29.20,,29.20,,,1842,54384.00,8,F1,1,,,,,
2026-06-30,2026-06-30,CM,BSE,STK,544708,INE1O6P01016,YASHHTEJ,MT,,,,,Yashhtej Industries (India) Li,48.50,49.90,46.71,49.50,49.50,48.50,,49.50,,,16800,801024.00,12,F1,1200,,,,,
2026-06-30,2026-06-30,CM,BSE,STK,544709,INE0P8B01020,GAUDIUMIVF,T,,,,,Gaudium IVF and Women Health L,112.95,112.95,112.95,112.95,112.95,110.75,,112.95,,,8649,976904.00,19,F1,1,,,,,
2026-06-30,2026-06-30,CM,BSE,STK,544710,INE132201018,ACCORDTS,M,,,,,ACCORD TRANSFORMER & SWITCHGEA,59.99,61.99,58.50,58.96,59.00,57.54,,58.96,,,291000,17294070.00,84,F1,3000,,,,,
2026-06-30,2026-06-30,CM,BSE,STK,544711,INE1C3F01018,KIAASA,M,,,,,KIAASA RETAIL LIMITED,34.10,34.10,32.57,33.82,33.99,34.10,,33.82,,,92000,3104730.00,26,F1,1000,,,,,
2026-06-30,2026-06-30,CM,BSE,STK,544716,INE19GK01015,SRTL,B,,,,,SHREE RAM TWISTEX LIMITED,40.01,40.21,39.50,40.04,40.06,40.01,,40.06,,,4488,177859.00,53,F1,1,,,,,
2026-06-30,2026-06-30,CM,BSE,STK,544717,INE647U01026,CLEANMAX,B,,,,,Clean Max Enviro Energy Soluti,1301.45,1371.10,1301.45,1364.55,1364.55,1301.05,,1365.70,,,19043,25606482.00,1656,F1,1,,,,,
2026-06-30,2026-06-30,CM,BSE,STK,544718,INE1RDG01013,PNGSREVA,B,,,,,PNGS Reva Diamond Jewellery Li,393.90,395.70,390.00,395.55,395.55,391.30,,394.60,,,1417,555326.00,59,F1,1,,,,,
2026-06-30,2026-06-30,CM,BSE,STK,544720,INE0UH301010,OMNI,B,,,,,Omnitech Engineering Limited,500.80,546.35,497.85,537.65,537.65,497.85,,536.45,,,96835,51011286.00,2684,F1,1,,,,,
2026-06-30,2026-06-30,CM,BSE,STK,544721,INF666M01OD9,GROWWHOSPI,B,,,,,Groww Mutual Fund,53.80,54.38,53.44,53.72,53.74,53.40,,53.74,,,83335,4480817.00,230,F1,1,,,,,
2026-06-30,2026-06-30,CM,BSE,STK,544722,INF200KB1AJ0,SBIMIDMOM,B,,,,,SBI Mutual Fund,63.30,63.30,62.80,63.22,63.22,63.10,,63.30,,,271,17045.00,8,F1,1,,,,,
2026-06-30,2026-06-30,CM,BSE,STK,544723,INE00XB01019,SEDEMAC,B,,,,,SEDEMAC MECHATRONICS LIMITED,2719.15,2911.20,2719.15,2886.50,2886.50,2718.10,,2894.30,,,25042,70870783.00,3272,F1,1,,,,,
2026-06-30,2026-06-30,CM,BSE,STK,544724,INE1FEW01013,ELFIN,MT,,,,,Elfin Agro India Limited,73.20,73.20,73.20,73.20,73.20,73.04,,73.20,,,6000,439200.00,2,F1,3000,,,,,
2026-06-30,2026-06-30,CM,BSE,STK,544725,INF740KA1YH2,BANK10ADD,B,,,,,DSP Mutual Fund,17.27,17.59,17.14,17.17,17.17,17.31,,17.19,,,8633,148942.00,28,F1,1,,,,,
2026-06-30,2026-06-30,CM,BSE,STK,544726,INE0J0B01017,KOTYARK,T,,,,,Kotyark Industries Limited,41.05,41.05,41.05,41.05,41.05,43.20,,41.05,,,5662,232425.00,41,F1,1,,,,,
2026-06-30,2026-06-30,CM,BSE,STK,544731,INE313L01016,RSL,B,,,,,RAJPUTANA STAINLESS LIMITED,128.00,131.45,128.00,129.10,129.00,128.10,,129.02,,,5040,648344.00,123,F1,1,,,,,
2026-06-30,2026-06-30,CM,BSE,STK,544732,INE0ADB01012,INNOVISION,B,,,,,Innovision Limited,282.65,287.00,281.40,281.80,282.00,282.25,,281.65,,,1842,519646.00,187,F1,1,,,,,
2026-06-30,2026-06-30,CM,BSE,STK,544733,INE713R01022,GSPCROP,B,,,,,GSP CROP SCIENCE LIMITED,395.10,412.20,382.00,393.10,392.00,386.80,,390.40,,,11500,4586410.00,475,F1,1,,,,,
2026-06-30,2026-06-30,CM,BSE,STK,544734,INE2PB023011,RIIT,IF,,,,,Raajmarg Infra Investment Trus,114.00,114.90,111.97,114.29,114.29,114.85,,114.56,,,9029,1032953.00,77,F1,1,,,,,
2026-06-30,2026-06-30,CM,BSE,STK,544735,INE1TFS01019,NOVUS,M,,,,,Novus Loyalty Limited,145.00,145.50,143.05,143.05,143.05,144.70,,143.05,,,4000,578800.00,4,F1,1000,,,,,
2026-06-30,2026-06-30,CM,BSE,STK,544737,INF769K01QV2,VALUE,B,,,,,Mirae Asset Mutual Fund,16.22,16.26,16.13,16.20,16.21,16.22,,16.19,,,1749,28345.00,20,F1,1,,,,,
2026-06-30,2026-06-30,CM,BSE,STK,544738,INE0R0M01014,SPML,MT,,,,,SPECIALITY MEDICINES LIMITED,203.00,203.00,203.00,203.00,203.00,199.25,,203.00,,,1000,203000.00,1,F1,1000,,,,,
2026-06-30,2026-06-30,CM,BSE,STK,544739,INE05HV01027,CMPDI,B,,,,,Central Mine Planning & Design,244.45,250.10,241.30,247.80,248.30,243.95,,247.90,,,171749,42261541.00,2167,F1,1,,,,,
2026-06-30,2026-06-30,CM,BSE,STK,544740,INE1U6D01014,TIPCO,MT,,,,,Tipco Engineering India Limite,183.00,184.00,179.00,179.50,179.50,184.10,,179.50,,,80000,14418480.00,47,F1,1600,,,,,
2026-06-30,2026-06-30,CM,BSE,STK,544741,INE1KI801019,HIGHNESS,M,,,,,Highness Microelectronics Limi,195.00,198.90,190.05,195.60,195.00,195.30,,195.60,,,61200,11802420.00,51,F1,1200,,,,,
2026-06-30,2026-06-30,CM,BSE,STK,544742,INE0H9F01037,SAIPARENT,B,,,,,Sai Parenteral's Limited,582.85,597.40,582.85,587.80,588.95,584.85,,588.35,,,8842,5219169.00,560,F1,1,,,,,
2026-06-30,2026-06-30,CM,BSE,STK,544743,INE05TO01019,AMIRCHAND,B,,,,,Amir Chand Jagdish Kumar (Expo,127.70,140.35,127.70,139.10,139.85,127.60,,139.19,,,298665,41132380.00,3155,F1,1,,,,,
2026-06-30,2026-06-30,CM,BSE,STK,544744,INE921L01032,POWERICA,B,,,,,Powerica Ltd.,610.30,630.50,596.60,617.05,624.00,627.95,,616.75,,,83604,51094291.00,2447,F1,1,,,,,
2026-06-30,2026-06-30,CM,BSE,STK,544745,INF200KB1AK8,SBINMID150,B,,,,,SBI Mutual Fund,22.80,23.21,22.71,22.91,22.91,22.83,,22.77,,,3892,88664.00,22,F1,1,,,,,
2026-06-30,2026-06-30,CM,BSE,STK,544746,INE0UMH01018,SCDL,M,,,,,SAFETY CONTROLS & DEVICES LIMI,86.00,89.25,84.01,88.88,89.25,80.67,,88.88,,,214400,18747184.00,86,F1,1600,,,,,
2026-06-30,2026-06-30,CM,BSE,STK,544747,INE1OSW01015,EMIAC,M,,,,,EMIAC TECHNOLOGIES LIMITED,100.01,100.01,98.93,98.93,98.93,98.00,,98.93,,,2400,238728.00,2,F1,1200,,,,,
2026-06-30,2026-06-30,CM,BSE,STK,544748,INE840Y01029,ONEPOINT,B,,,,,ONE POINT ONE SOLUTIONS LIMITE,57.44,57.44,56.84,56.88,56.89,56.99,,57.10,,,9872,563280.00,82,F1,1,,,,,
2026-06-30,2026-06-30,CM,BSE,STK,544750,INE25E901019,OMPOWER,B,,,,,OM POWER TRANSMISSION LIMITED,177.55,182.35,177.55,180.15,179.40,180.95,,180.21,,,11930,2154282.00,307,F1,1,,,,,
2026-06-30,2026-06-30,CM,BSE,STK,544751,INE1K0V01011,MTL,M,,,,,MEHUL TELECOM LIMITED,90.97,90.97,90.97,90.97,90.97,87.00,,90.97,,,1200,109164.00,1,F1,1200,,,,,
2026-06-30,2026-06-30,CM,BSE,STK,544752,INE19RO25039,PSCELESTIA,IF,,,,,PropShare Celestia,1020000.00,1020000.00,1020000.00,1020000.00,1020000.00,1020000.00,,1020000.00,,,1,1020000.00,1,F1,1,,,,,
2026-06-30,2026-06-30,CM,BSE,STK,544753,INE2Q7823014,CITIUSINVT,IF,,,,,Citius TransNet Investment Tru,107.44,107.60,106.52,107.18,107.00,106.60,,107.24,,,9435,1012732.00,68,F1,1,,,,,
2026-06-30,2026-06-30,CM,BSE,STK,544754,INE12F801023,KISSHT,B,,,,,OnEMI Technology Solutions Lim,275.40,282.80,273.85,279.85,279.85,273.90,,279.50,,,84398,23540520.00,1104,F1,1,,,,,
2026-06-30,2026-06-30,CM,BSE,STK,544755,INE2B6701015,RECODE,M,,,,,RECODE STUDIOS LIMITED,211.00,211.00,204.00,204.45,204.00,206.10,,204.45,,,56800,11750080.00,59,F1,800,,,,,
2026-06-30,2026-06-30,CM,BSE,STK,544756,INE368U01029,UNITEDPOLY,T,,,,,United Polyfab Gujarat Limited,33.00,33.00,30.66,32.16,32.20,32.20,,32.14,,,1889,59531.00,34,F1,1,,,,,
2026-06-30,2026-06-30,CM,BSE,STK,544757,INE032Z01020,BSHSL,T,,,,,BOMBAY SUPER HYBRID SEEDS LIMI,94.50,94.50,94.50,94.50,94.50,90.00,,90.80,,,1,94.00,1,F1,1,,,,,
2026-06-30,2026-06-30,CM,BSE,STK,544758,INE2OVN25015,BAGMANE,IF,,,,,Bagmane Prime Office REIT,103.59,104.73,102.80,103.62,103.16,102.88,,103.79,,,47881,4983020.00,1703,F1,1,,,,,
2026-06-30,2026-06-30,CM,BSE,STK,544759,INE1CLW01015,GLPL,M,,,,,GOLDLINE PHARMACEUTICAL LIMITE,43.06,43.79,42.80,43.09,42.80,43.06,,43.09,,,39000,1677570.00,13,F1,3000,,,,,
2026-06-30,2026-06-30,CM,BSE,STK,544760,INF740KA1ZA4,FMCGADD,B,,,,,DSP Mutual Fund,49.16,49.29,48.75,49.15,49.15,49.53,,49.00,,,22,1081.00,5,F1,1,,,,,
2026-06-30,2026-06-30,CM,BSE,STK,544761,INF754K01XF3,ENEXT50,B,,,,,Edelweiss Mutual Fund,71.25,71.25,71.25,71.25,71.25,71.20,,71.14,,,403,28713.00,2,F1,1,,,,,
2026-06-30,2026-06-30,CM,BSE,STK,544762,INF200KB1AX1,SBIVALETF,B,,,,,SBI Mutual Fund,15.29,15.29,14.95,14.98,14.98,15.03,,14.93,,,5944,89069.00,19,F1,1,,,,,
2026-06-30,2026-06-30,CM,BSE,STK,544763,INF200KB1AY9,SBISMLETF,B,,,,,SBI Mutual Fund,18.15,18.46,17.65,17.74,17.74,17.71,,17.76,,,2074,37044.00,25,F1,1,,,,,
2026-06-30,2026-06-30,CM,BSE,STK,544764,INE0JYY01011,MWL,B,,,,,Mangalam Worldwide Limited,371.00,379.15,368.05,376.40,377.80,369.45,,375.75,,,3880,1450619.00,122,F1,1,,,,,
2026-06-30,2026-06-30,CM,BSE,STK,544765,INE1L3801017,VPAL,M,,,,,Vegorama Punjabi Angithi Limit,140.40,149.00,140.40,146.00,148.95,140.40,,146.00,,,35200,5127120.00,22,F1,1600,,,,,
2026-06-30,2026-06-30,CM,BSE,STK,544766,INF579M01BP5,MSCI360,B,,,,,360 ONE Mutual Fund,10.00,10.00,9.99,9.99,9.99,10.02,,9.97,,,131,1309.00,5,F1,1,,,,,
2026-06-30,2026-06-30,CM,BSE,STK,544767,INE18HI01019,AFLTD,M,,,,,Autofurnish Limited,45.00,49.95,45.00,49.17,49.95,44.02,,49.17,,,48000,2267730.00,16,F1,3000,,,,,
2026-06-30,2026-06-30,CM,BSE,STK,544769,INE1UYW01010,HARIKANTA,M,,,,,HARIKANTA OVERSEAS LIMITED,83.15,87.90,83.00,83.60,83.00,82.70,,83.60,,,123600,10601124.00,78,F1,1200,,,,,
2026-06-30,2026-06-30,CM,BSE,STK,544770,INE1T6L01010,YAASHVI,M,,,,,YAASHVI JEWELLERS LIMITED,104.01,104.01,98.12,103.22,103.50,102.85,,103.22,,,142400,14448240.00,74,F1,1600,,,,,
2026-06-30,2026-06-30,CM,BSE,STK,544771,INE1GM501015,RFIL,M,,,,,Rajnandini Fashion India Limit,46.02,46.02,44.02,44.27,44.02,47.39,,44.27,,,22000,992100.00,11,F1,2000,,,,,
2026-06-30,2026-06-30,CM,BSE,STK,544772,INE1KVL01010,AUREATE,M,,,,,AUREATE TRADDE LIMITED,28.25,28.50,26.80,27.16,26.80,28.94,,27.16,,,106000,2952760.00,48,F1,2000,,,,,
2026-06-30,2026-06-30,CM,BSE,STK,544773,INE1RQS01010,MRTX,M,,,,,Merritronix Limited,448.25,450.95,411.60,413.70,415.95,439.45,,413.70,,,183000,77454350.00,177,F1,1000,,,,,
2026-06-30,2026-06-30,CM,BSE,STK,544774,INE11XK01017,SMR,M,,,,,SMR Jewels Limited,104.55,104.55,99.00,100.05,100.05,104.55,,100.05,,,6000,613100.00,6,F1,1000,,,,,
2026-06-30,2026-06-30,CM,BSE,STK,544777,INE00WV01027,CMRGREEN,B,,,,,CMR Green Technologies Limited,255.65,263.00,246.00,251.35,251.35,254.90,,250.75,,,594936,152353509.00,7145,F1,1,,,,,
2026-06-30,2026-06-30,CM,BSE,STK,544778,INE0H3U01013,VAHH,M,,,,,Vahh Chemicals Limited,62.00,63.00,61.51,62.99,62.99,64.45,,62.99,,,16000,1000940.00,8,F1,2000,,,,,
2026-06-30,2026-06-30,CM,BSE,STK,544779,INE0YZ901011,UHMVL,M,,,,,UHM Vacation Limited,50.95,54.60,50.95,50.95,50.95,56.60,,50.95,,,412000,21230920.00,377,F1,800,,,,,
2026-06-30,2026-06-30,CM,BSE,STK,544780,INE1CDF01017,VAML,B,,,,,Vedanta Aluminium Metal Limite,445.05,455.75,436.00,450.40,450.40,452.20,,448.56,,,3090017,1382094685.00,20459,F1,1,,,,,
2026-06-30,2026-06-30,CM,BSE,STK,544781,INE694L01019,VEDPOWER,B,,,,,Vedanta Power Limited,41.00,42.30,39.45,40.30,40.30,41.40,,40.28,,,7361032,297338757.00,28195,F1,1,,,,,
2026-06-30,2026-06-30,CM,BSE,STK,544782,INE704J01044,VOGL,B,,,,,Vedanta Oil and Gas Limited,32.95,34.20,31.35,32.30,32.30,33.25,,32.25,,,8942294,294164086.00,26702,F1,1,,,,,
2026-06-30,2026-06-30,CM,BSE,STK,544783,INE255Z01027,E2E,B,,,,,E2E Networks Limited,397.00,409.80,392.00,396.05,396.00,396.45,,396.30,,,164807,66089825.00,3757,F1,1,,,,,
2026-06-30,2026-06-30,CM,BSE,STK,544784,INE1CLE01013,VISL,B,,,,,Vedanta Iron and Steel Limited,34.00,35.65,32.45,35.25,35.25,32.45,,35.26,,,35782343,1248738683.00,170587,F1,1,,,,,
2026-06-30,2026-06-30,CM,BSE,STK,544785,INE0JUI01012,HEXAGON,B,,,,,Hexagon Nutrition Limited,66.99,66.99,61.50,63.64,63.50,65.73,,63.43,,,329501,21151134.00,1929,F1,1,,,,,
2026-06-30,2026-06-30,CM,BSE,STK,544786,INE155D01018,SELECTRIC,T,,,,,Schneider Electric President S,1254.17,1254.17,1254.17,1254.17,1254.17,1194.45,,1254.17,,,1931,2421802.00,20,F1,1,,,,,
2026-06-30,2026-06-30,CM,BSE,STK,544793,INE2L0V01019,SUSAN,MT,,,,,Susan Electricals India Limite,230.20,239.00,228.90,236.25,237.50,232.95,,236.25,,,232000,54281150.00,165,F1,1000,,,,,
2026-06-30,2026-06-30,CM,BSE,STK,544794,INE1SEO01013,HORIZON,MT,,,,,HORIZON RECLAIM (INDIA) LIMITE,134.05,140.00,131.60,137.00,137.00,136.45,,137.00,,,90000,12327840.00,66,F1,1200,,,,,
2026-06-30,2026-06-30,CM,BSE,STK,544795,INF109K1A476,SMALLIETF,B,,,,,ICICI Prudential Mutual Fund,17.97,17.97,17.60,17.77,17.77,17.61,,17.75,,,1189,21060.00,9,F1,1,,,,,
2026-06-30,2026-06-30,CM,BSE,STK,544796,INE0TKX01011,LIOTECH,MT,,,,,LIOTECH INDUSTRIES LIMITED,209.40,209.40,209.40,209.40,209.40,220.40,,209.40,,,2000,418800.00,5,F1,400,,,,,
2026-06-30,2026-06-30,CM,BSE,STK,544797,INE0X6O01027,LESL,MT,,,,,LEAPFROG ENGINEERING SERVICES,22.10,23.50,22.10,22.90,22.93,23.13,,22.90,,,480000,11017620.00,52,F1,6000,,,,,
2026-06-30,2026-06-30,CM,BSE,STK,544798,INE1OSI01014,DIKSHA,MT,,,,,DIKSHA POLYMERS LIMITED,112.05,119.00,112.00,118.00,118.00,113.35,,118.00,,,40800,4814100.00,28,F1,1200,,,,,
2026-06-30,2026-06-30,CM,BSE,STK,544799,INE0OC301013,TURTLEMINT,B,,,,,Turtlemint Fintech Solutions L,136.10,140.20,134.35,136.40,136.40,135.40,,136.59,,,149887,20544329.00,2228,F1,1,,,,,
2026-06-30,2026-06-30,CM,BSE,STK,544800,INE1O7201010,ANUBHAV,MT,,,,,ANUBHAV PLAST LIMITED,72.20,72.20,72.20,72.20,72.20,76.00,,72.20,,,3200,231040.00,2,F1,1600,,,,,
2026-06-30,2026-06-30,CM,BSE,STK,555555,INF346A01034,SENSEXIETF,A,,,,,ICICI Prudential BSE Sensex ET,878.00,882.75,875.80,876.55,881.74,880.39,,877.47,,,1592,1396434.00,98,F1,1,,,,,
2026-06-30,2026-06-30,CM,BSE,STK,570002,IN9623B01058,FELDVR,Z,,,,,Future Enterprises Limited,2.60,2.62,2.38,2.61,2.62,2.50,,2.57,,,6428,15619.00,20,F1,1,,,,,
2026-06-30,2026-06-30,CM,BSE,STK,570004,IN9175A01010,JISLDVREQS,B,,,,,JAIN IRRIGATION SYSTEMS LTD.,22.25,24.80,22.25,24.09,24.06,23.67,,24.21,,,925,22563.00,20,F1,1,,,,,
2026-06-30,2026-06-30,CM,BSE,STK,570005,INE224E01036,GATECHDVR,B,,,,,GACM Technologies Limited - DV,0.44,0.46,0.43,0.44,0.44,0.45,,0.43,,,125864,55378.00,63,F1,1,,,,,
2026-06-30,2026-06-30,CM,BSE,STK,590003,INE036D01028,KARURVYSYA,B,,,,,KARUR VYSYA BANK LTD.,300.40,300.65,294.25,296.10,295.70,298.90,,296.10,,,140650,41815323.00,3970,F1,1,,,,,
2026-06-30,2026-06-30,CM,BSE,STK,590005,INE484C01030,VEEDOL,B,,,,,VEEDOL CORPORATION LIMITED,1444.00,1452.75,1436.00,1442.20,1437.75,1447.85,,1443.30,,,609,877879.00,87,F1,1,,,,,
2026-06-30,2026-06-30,CM,BSE,STK,590006,INE098F01031,AMRUTANJAN,B,,,,,AMRUTANJAN HEALTH CARE LTD.,539.85,553.25,539.85,546.05,545.00,539.05,,547.95,,,812,444258.00,56,F1,1,,,,,
2026-06-30,2026-06-30,CM,BSE,STK,590013,INE445C01015,XPROINDIA,B,,,,,XPRO INDIA LTD.,1370.00,1442.50,1351.75,1393.25,1393.00,1358.00,,1395.20,,,5009,7032771.00,662,F1,1,,,,,
2026-06-30,2026-06-30,CM,BSE,STK,590021,INE838B01021,BHARATRAS,B,,,,,BHARAT RASAYAN LTD.,1350.40,1366.75,1342.55,1354.30,1352.00,1341.85,,1352.20,,,173,234060.00,62,F1,1,,,,,
2026-06-30,2026-06-30,CM,BSE,STK,590022,INE962C01035,EASTSILK,T,,,,,EASTERN SILK INDUSTRIES LTD.,49.25,49.25,48.01,48.27,48.27,49.25,,48.64,,,238,11481.00,5,F1,1,,,,,
2026-06-30,2026-06-30,CM,BSE,STK,590024,INE188A01015,FACT,B,,,,,FERTILIZERS & CHEMICALS TRAVAN,870.05,877.30,853.25,872.95,872.00,869.90,,872.80,,,22586,19529746.00,887,F1,1,,,,,
2026-06-30,2026-06-30,CM,BSE,STK,590025,INE424C01010,GINNIFILA,B,,,,,GINNI FILAMENTS LTD.,49.06,51.90,48.70,50.67,49.80,47.69,,50.18,,,14689,741354.00,252,F1,1,,,,,
2026-06-30,2026-06-30,CM,BSE,STK,590030,INE147A01011,SPIC,B,,,,,SOUTHERN PETROCHEMICALS LTD.,67.61,68.21,67.33,67.43,67.44,67.64,,67.49,,,12520,848429.00,217,F1,1,,,,,
2026-06-30,2026-06-30,CM,BSE,STK,590031,INE244A01016,DENORA,B,,,,,DE NORA INDIA LTD.,905.10,919.75,888.70,896.55,892.00,901.25,,903.00,,,551,494019.00,95,F1,1,,,,,
2026-06-30,2026-06-30,CM,BSE,STK,590041,INE641C01019,KAVDEFENCE,B,,,,,Kavveri Defence &amp; Wireless,61.50,66.30,61.50,63.92,62.94,64.44,,63.60,,,9498,610053.00,232,F1,1,,,,,
2026-06-30,2026-06-30,CM,BSE,STK,590051,INE667G01023,SAKSOFT,B,,,,,SAKSOFT LTD.,190.00,212.25,187.50,206.80,206.80,184.80,,206.71,,,3435468,692268495.00,28610,F1,1,,,,,
2026-06-30,2026-06-30,CM,BSE,STK,590056,INE498E01010,SALONA,B,,,,,SALONA COTSPIN LTD.,256.00,267.75,250.50,252.55,252.55,259.00,,258.85,,,8,2051.00,8,F1,1,,,,,
2026-06-30,2026-06-30,CM,BSE,STK,590057,INE217G01035,EQUIPPP,T,,,,,EQUIPPP SOCIAL IMPACT TECHNOLO,21.88,21.88,20.90,21.87,21.87,21.89,,21.87,,,15,325.00,5,F1,1,,,,,
2026-06-30,2026-06-30,CM,BSE,STK,590062,INE715B01021,ANDHRSUGAR,B,,,,,ANDHRA SUGARS LTD.,78.97,82.22,77.89,78.72,78.72,78.02,,78.35,,,19761,1563135.00,447,F1,1,,,,,
2026-06-30,2026-06-30,CM,BSE,STK,590065,INE547E01014,IMPAL,B,,,,,INDIA MOTOR PARTS & ACCESSORIE,1093.00,1109.45,1077.25,1109.45,1109.45,1089.55,,1102.10,,,166,180507.00,37,F1,1,,,,,
2026-06-30,2026-06-30,CM,BSE,STK,590066,INE805C01028,KCP,B,,,,,K.C.P.LTD.,170.15,170.90,168.60,169.30,168.85,169.95,,169.47,,,3963,672431.00,99,F1,1,,,,,
2026-06-30,2026-06-30,CM,BSE,STK,590068,INE731C01018,KHAITANLTD,T,,,,,KHAITAN (INDIA) LTD.,136.50,136.50,131.00,131.10,131.10,137.00,,136.30,,,559,74623.00,12,F1,1,,,,,
2026-06-30,2026-06-30,CM,BSE,STK,590070,INE874F01027,RADAAN,B,,,,,RADAAN MEDIAWORKS (I) LTD.,3.04,3.08,2.95,2.98,3.08,3.04,,2.96,,,1151,3423.00,12,F1,1,,,,,
2026-06-30,2026-06-30,CM,BSE,STK,590071,INE660A01013,SUNDARMFIN,B,,,,,SUNDARAM FINANCE LTD.,4543.85,4595.40,4483.40,4499.15,4504.65,4552.50,,4506.70,,,1099,4990131.00,208,F1,1,,,,,
2026-06-30,2026-06-30,CM,BSE,STK,590072,INE073D01013,SUNDRMBRAK,T,,,,,SUNDARAM BRAKE LININGS LTD.,795.10,850.00,795.10,850.00,850.00,834.00,,826.25,,,97,79786.00,20,F1,1,,,,,
2026-06-30,2026-06-30,CM,BSE,STK,590073,INE715A01015,WHEELS,B,,,,,WHEELS INDIA LTD.,1813.90,1813.90,1737.85,1786.90,1787.80,1779.95,,1786.00,,,9443,16688525.00,1009,F1,1,,,,,
2026-06-30,2026-06-30,CM,BSE,STK,590075,INE112F01022,LAMBODHARA,B,,,,,LAMBODHARA TEXTILES LTD.,114.50,115.35,110.50,111.80,110.50,111.00,,111.62,,,1220,136825.00,84,F1,1,,,,,
2026-06-30,2026-06-30,CM,BSE,STK,590078,INE683C01011,MAITHANALL,B,,,,,MAITHAN ALLOYS LTD.,1008.80,1037.20,1007.20,1027.10,1030.25,1004.05,,1032.10,,,3655,3738771.00,270,F1,1,,,,,
2026-06-30,2026-06-30,CM,BSE,STK,590086,INE725E01024,ORISSAMINE,B,,,,,ORISSA MINERALS DEVELOPMENT CO,3875.00,4025.00,3875.00,4012.40,4001.00,3864.05,,4011.70,,,332,1311890.00,118,F1,1,,,,,
2026-06-30,2026-06-30,CM,BSE,STK,590095,INF204KB17I5,GOLDBEES,E,,,,,NIPPON INDIA ETF GOLD BEES,113.53,116.45,112.00,116.00,116.00,116.45,,115.97,,,1628902,188167097.00,14496,F1,1,,,,,
2026-06-30,2026-06-30,CM,BSE,STK,590096,INF732E01037,LIQUIDBEES,F,,,,,NIPPON INDIA ETF LIQUID BEES,1000.00,1000.01,999.99,1000.00,1000.00,1000.00,,1000.00,,,260506,260506071.00,770,F1,1,,,,,
2026-06-30,2026-06-30,CM,BSE,STK,590097,INF174KA1HJ8,GOLD1,E,,,,,KOTAK MAHINDRA MUTUAL FUND - K,117.35,117.43,115.42,117.08,117.07,117.45,,117.06,,,38064,4433535.00,1275,F1,1,,,,,
2026-06-30,2026-06-30,CM,BSE,STK,590098,INF200KA16D8,SETFGOLD,E,,,,,SBI MUTUAL FUND - SBI GOLD EXC,123.36,123.36,118.04,119.56,119.58,120.36,,119.58,,,162536,19357353.00,2151,F1,1,,,,,
2026-06-30,2026-06-30,CM,BSE,STK,590099,INF082J01408,QGOLDHALF,E,,,,,QUANTUM GOLD FUND - EXCHANGE T,114.90,116.61,114.75,116.15,116.25,116.79,,116.19,,,10790,1249184.00,439,F1,1,,,,,
2026-06-30,2026-06-30,CM,BSE,STK,590101,INF789F1AUX7,GOLDBETA,E,,,,,UTI MUTUAL FUND - UTI GOLD EXC,121.29,121.29,116.42,117.99,118.00,118.34,,117.95,,,35580,4177336.00,949,F1,1,,,,,
2026-06-30,2026-06-30,CM,BSE,STK,590103,INF204KB14I2,NIFTYBEES,B,,,,,NIPPON INDIA ETF NIFTY BEES,269.38,275.00,262.01,272.01,272.01,272.10,,271.82,,,159477,43390612.00,2454,F1,1,,,,,
2026-06-30,2026-06-30,CM,BSE,STK,590104,INF732E01045,JUNIORBEES,B,,,,,NIPPON INDIA ETF JUNIOR BEES,770.17,777.22,770.17,774.53,775.70,772.79,,773.98,,,13117,10149335.00,582,F1,1,,,,,
2026-06-30,2026-06-30,CM,BSE,STK,590106,INF204KB15I9,BANKBEES,B,,,,,NIPPON INDIA ETF BANK BEES,602.51,602.51,595.09,597.09,597.23,597.56,,596.44,,,26455,15805484.00,773,F1,1,,,,,
2026-06-30,2026-06-30,CM,BSE,STK,590107,INF373I01023,PSUBANK,B,,,,,KOTAK MAHINDRA MUTUAL FUND - K,864.98,864.98,850.99,851.16,853.63,856.58,,852.60,,,856,731471.00,47,F1,1,,,,,
2026-06-30,2026-06-30,CM,BSE,STK,590108,INF204KB16I7,PSUBNKBEES,B,,,,,NIPPON INDIA ETF PSU BANK BEES,95.55,96.47,94.59,95.12,95.12,95.55,,95.09,,,61356,5858513.00,642,F1,1,,,,,
2026-06-30,2026-06-30,CM,BSE,STK,590109,INF732E01128,SHARIABEES,B,,,,,NIPPON INDIA ETF SHARIAH BEES,450.00,450.00,440.90,445.02,442.52,450.80,,443.15,,,679,302133.00,97,F1,1,,,,,
2026-06-30,2026-06-30,CM,BSE,STK,590110,INF082J01499,QNIFTY,B,,,,,Quantum Nifty 50 ETF,262.80,263.80,262.60,262.80,262.80,264.00,,263.08,,,307,80782.00,20,F1,1,,,,,
2026-06-30,2026-06-30,CM,BSE,STK,590113,INF204KB19I1,HNGSNGBEES,E,,,,,NIPPON INDIA ETF HANG SENG BEE,478.49,478.49,467.00,468.85,469.23,477.67,,468.51,,,13134,6193317.00,1149,F1,1,,,,,
2026-06-30,2026-06-30,CM,BSE,STK,590115,INF247L01536,MOM50,B,,,,,MOTILAL OSWAL MUTUAL FUND,249.96,250.98,249.90,250.98,250.98,248.72,,249.51,,,58,14540.00,9,F1,1,,,,,
2026-06-30,2026-06-30,CM,BSE,STK,590134,INE414A01015,MADRASFERT,B,,,,,Madras Fertilizer Limited,67.50,68.51,67.06,67.16,67.16,67.03,,67.39,,,5624,379882.00,95,F1,1,,,,,
2026-06-30,2026-06-30,CM,BSE,STK,590136,INF174KA1ZB7,BANKNIFTY1,B,,,,,Kotak Mahindra Mutual Fund - P,60.04,60.14,59.69,59.89,60.06,60.02,,59.89,,,2701,161692.00,138,F1,1,,,,,
2026-06-30,2026-06-30,CM,BSE,STK,590137,INF200KA1580,SETFNIFBK,B,,,,,SBI Mutual Fund-Permitted,599.13,599.13,591.00,592.26,592.29,593.07,,591.76,,,2747,1627991.00,41,F1,1,,,,,
2026-06-30,2026-06-30,CM,BSE,STK,590138,INF200KA1FS1,SETFNIF50,B,,,,,SBI Mutual Fund-Permitted,257.24,258.20,256.34,256.85,256.85,257.23,,256.76,,,25004,6423758.00,416,F1,1,,,,,
2026-06-30,2026-06-30,CM,BSE,STK,590139,INF174KA1LV5,LIQUID1,B,,,,,Kotak Mahindra Mutual Fund - P,1111.09,1120.00,1099.97,1111.25,1111.25,1111.09,,1111.25,,,615,683338.00,11,F1,1,,,,,
2026-06-30,2026-06-30,CM,BSE,STK,590140,INF277KA1976,TATAGOLD,E,,,,,Tata Mutual Fund - Permitted,13.34,13.96,13.27,13.63,13.63,13.69,,13.63,,,6034154,81790676.00,8249,F1,1,,,,,
2026-06-30,2026-06-30,CM,BSE,STK,590141,INF204KB15V2,ITBEES,B,,,,,Nippon India Mutual Fund - Per,30.02,30.06,29.13,29.23,29.31,30.02,,29.20,,,1394774,41038982.00,5110,F1,1,,,,,
2026-06-30,2026-06-30,CM,BSE,STK,590142,INF204KC1089,PHARMABEES,B,,,,,Nippon India Mutual Fund - Per,25.26,26.14,25.26,26.00,25.90,25.91,,26.04,,,416502,10832179.00,2267,F1,1,,,,,
2026-06-30,2026-06-30,CM,BSE,STK,590143,INF204KB1882,LTGILTBEES,F,,,,,Nippon India Mutual Fund - Per,29.87,29.97,29.83,29.93,29.93,29.80,,29.94,,,17188,513876.00,33,F1,1,,,,,
2026-06-30,2026-06-30,CM,BSE,STK,590144,INF204KB1V68,MID150BEES,B,,,,,Nippon India Mutual Fund - Per,235.00,236.34,233.57,235.32,235.65,234.65,,235.19,,,25310,5951496.00,993,F1,1,,,,,
2026-06-30,2026-06-30,CM,BSE,STK,590145,INF204KC1402,SILVERBEES,E,,,,,Nippon India Mutual Fund - Per,208.80,214.32,206.68,212.72,212.72,207.81,,212.82,,,1167033,246637567.00,8041,F1,1,,,,,
2026-06-30,2026-06-30,CM,BSE,STK,590146,INF247L01FY4,MOGOLD,E,,,,,Motilal Oswal Mutual Fund-Perm,137.59,139.54,136.97,139.08,139.45,139.57,,139.00,,,1561,216690.00,351,F1,1,,,,,
2026-06-30,2026-06-30,CM,BSE,STK,590147,INF247L01FZ1,MOSILVER,E,,,,,Motilal Oswal Mutual Fund-Perm,212.55,220.64,212.55,220.64,220.64,215.05,,220.11,,,865,188215.00,54,F1,1,,,,,
2026-06-30,2026-06-30,CM,BSE,STK,590148,INF247L01CH6,MOSMALL250,B,,,,,Motilal Oswal Mutual Fund-Perm,17.51,17.89,17.51,17.87,17.89,17.65,,17.83,,,138456,2453618.00,147,F1,1,,,,,
2026-06-30,2026-06-30,CM,BSE,STK,590149,INF247L01EV3,MOCAPITAL,B,,,,,Motilal Oswal Mutual Fund-Perm,55.00,55.31,54.50,54.58,54.54,54.77,,54.63,,,20443,1118648.00,176,F1,1,,,,,
2026-06-30,2026-06-30,CM,BSE,STK,590150,INF247L01CI4,MOREALTY,B,,,,,Motilal Oswal Mutual Fund-Perm,82.38,83.25,81.42,82.72,82.64,81.63,,82.75,,,56967,4717763.00,185,F1,1,,,,,
2026-06-30,2026-06-30,CM,BSE,STK,590151,INF247L01DK8,MOMENTUM50,B,,,,,Motilal Oswal Mutual Fund-Perm,54.00,54.00,53.08,53.48,53.57,54.32,,53.34,,,124631,6623779.00,679,F1,1,,,,,
2026-06-30,2026-06-30,CM,BSE,STK,590152,INF247L01DJ0,MODEFENCE,B,,,,,Motilal Oswal Mutual Fund-Perm,103.52,105.11,101.86,104.60,104.90,103.19,,104.67,,,95647,9923864.00,1835,F1,1,,,,,
2026-06-30,2026-06-30,CM,BSE,STK,590153,INF247L01BU1,MONIFTY500,B,,,,,Motilal Oswal Mutual Fund-Perm,23.77,23.77,23.52,23.59,23.61,23.59,,23.57,,,7997,188323.00,54,F1,1,,,,,
2026-06-30,2026-06-30,CM,BSE,STK,590154,INF174KA1IA5,ALPHA,B,,,,,Kotak Mahindra Mutual Fund - P,51.17,51.85,51.00,51.58,51.80,51.77,,51.51,,,59234,3039056.00,241,F1,1,,,,,
2026-06-30,2026-06-30,CM,BSE,STK,590155,INF666M01OF4,GROWWSLVR,E,,,,,GROWW MUTUAL FUND  PERMITTED,21.24,21.95,21.18,21.83,21.91,21.33,,21.85,,,99493,2161920.00,214,F1,1,,,,,
2026-06-30,2026-06-30,CM,BSE,STK,590156,INF666M01OE7,GROWWGOLD,E,,,,,GROWW MUTUAL FUND  PERMITTED,13.73,13.75,13.55,13.71,13.73,13.72,,13.71,,,80658,1098238.00,509,F1,1,,,,,
2026-06-30,2026-06-30,CM,BSE,STK,590157,INF666M01IO8,GROWWDEFNC,B,,,,,GROWW MUTUAL FUND  PERMITTED,94.98,95.97,93.16,95.53,95.59,94.03,,95.97,,,8040,763990.00,165,F1,1,,,,,
2026-06-30,2026-06-30,CM,BSE,STK,590158,INF666M01JJ6,GROWWRAIL,B,,,,,GROWW MUTUAL FUND  PERMITTED,29.01,29.50,28.92,29.25,29.50,29.13,,29.18,,,22099,643759.00,234,F1,1,,,,,
2026-06-30,2026-06-30,CM,BSE,STK,590159,INF666M01IP5,GROWWLIQID,F,,,,,GROWW MUTUAL FUND  PERMITTED,109.68,109.70,109.68,109.69,109.69,109.68,,109.69,,,1377,151043.00,6,F1,1,,,,,
2026-06-30,2026-06-30,CM,BSE,STK,590160,INF277K015R5,NETF,B,,,,,Tata Mutual Fund - Permitted,294.00,294.00,258.23,286.00,286.00,258.50,,259.74,,,91,26481.00,6,F1,1,,,,,
2026-06-30,2026-06-30,CM,BSE,STK,590161,INF277KA1984,TATSILV,E,,,,,Tata Mutual Fund - Permitted,21.65,21.77,21.01,21.63,21.63,21.13,,21.64,,,1278338,27214097.00,3432,F1,1,,,,,
2026-06-30,2026-06-30,CM,BSE,STK,717506,INE494B04019,TVSMNCRPS,F,,,,,TVS Motor Company Ltd.,10.26,10.40,10.26,10.39,10.38,10.35,,10.35,,,4294,44344.00,80,F1,1,,,,,
2026-06-30,2026-06-30,CM,BSE,STK,751123,INE235C20010,SUMEET-RE,R,,,,,Sumeet Industries Ltd,2.98,3.00,2.50,2.61,2.61,2.73,,2.50,,,295306,817724.00,244,F1,1,,,,,
2026-06-30,2026-06-30,CM,BSE,STK,751124,INE245H20018,MTPL-RE,R,,,,,MARG TECHNO PROJECTS LIMITED,2.03,2.03,1.85,1.85,1.85,3.07,,1.85,,,156401,292166.00,84,F1,1,,,,,
2026-06-30,2026-06-30,CM,BSE,STK,751125,INE876A20015,OASISE-RE,R,,,,,Oasis Securities Limited,1.35,1.50,0.81,1.03,1.01,1.35,,1.03,,,1861346,2176304.00,165,F1,1,,,,,
2026-06-30,2026-06-30,CM,BSE,STK,800212,IN0020010081,1018GS2026,G,,,,,1018GOI2026,102.80,102.80,102.75,102.75,102.75,102.80,,102.94,,,100,10277.00,2,F1,1,,,,,
2026-06-30,2026-06-30,CM,BSE,STK,800289,IN0020180314,SGBNOV26,G,,,,,SOVEREIGN GOLD BOND 2019 SERIE,13960.00,13980.00,13960.00,13980.00,13980.00,14071.00,,13901.00,,,7,97820.00,2,F1,1,,,,,
2026-06-30,2026-06-30,CM,BSE,STK,800297,IN0020190107,SGBAUG27,G,,,,,SOVEREIGN GOLD BOND 2019-20 SE,14112.01,14150.00,13949.00,14091.00,14150.00,14112.01,,14079.31,,,49,689381.00,12,F1,1,,,,,
2026-06-30,2026-06-30,CM,BSE,STK,800303,IN0020190388,SGBOCT27VI,G,,,,,Sovereign Gold Bonds 2019-20 S,14000.00,14000.00,14000.00,14000.00,14000.00,14370.00,,13999.99,,,6,84000.00,1,F1,1,,,,,
2026-06-30,2026-06-30,CM,BSE,STK,800312,IN0020190461,SGBDC27VII,G,,,,,Sovereign Gold Bonds 2019-20 S,14170.00,14170.00,13980.00,13980.00,13980.00,14180.00,,14016.00,,,2,28150.00,2,F1,1,,,,,
2026-06-30,2026-06-30,CM,BSE,STK,800318,IN0020200062,SGBAPR28I,G,,,,,Sovereign Gold Bonds 2020-21 S,14000.00,14100.10,13950.01,14096.77,14100.10,14179.99,,14110.50,,,108,1512907.00,32,F1,1,,,,,
2026-06-30,2026-06-30,CM,BSE,STK,800320,IN0020200088,SGBMAY28,G,,,,,Sovereign Gold Bonds 2020-21 S,14032.00,14040.00,14032.00,14040.00,14040.00,14135.00,,14033.55,,,23,322904.00,3,F1,1,,,,,
2026-06-30,2026-06-30,CM,BSE,STK,800322,IN0020200104,SGBJUN28,G,,,,,Sovereign Gold Bonds 2020-21 S,14106.00,14106.00,14045.00,14045.00,14045.00,14106.00,,14069.99,,,24,337141.00,5,F1,1,,,,,
2026-06-30,2026-06-30,CM,BSE,STK,800324,IN0020200146,SGBJUL28IV,G,,,,,Sovereign Gold Bond 2020-21 IV,14020.01,14100.00,13971.00,14050.00,14050.00,14210.00,,14056.61,,,97,1363176.00,17,F1,1,,,,,
2026-06-30,2026-06-30,CM,BSE,STK,800325,IN0020200161,SGBAUG28V,G,,,,,Sovereign Gold Bonds 2020-21 V,13990.00,14118.99,13970.00,14068.11,14115.00,14165.37,,14079.42,,,361,5069334.00,81,F1,1,,,,,
2026-06-30,2026-06-30,CM,BSE,STK,800327,IN0020200195,SGBSEP28VI,G,,,,,Sovereign Gold Bonds 2020-21 S,14028.09,14028.09,14028.09,14028.09,14028.09,14150.00,,14067.35,,,7,98196.00,2,F1,1,,,,,
2026-06-30,2026-06-30,CM,BSE,STK,800328,IN0020200203,SGBOC28VII,G,,,,,Sovereign Gold Bonds 2020-21 S,14003.50,14003.50,13999.00,13999.00,13999.00,14101.75,,14036.11,,,6,84015.00,3,F1,1,,,,,
2026-06-30,2026-06-30,CM,BSE,STK,800329,IN0020200286,SGBN28VIII,G,,,,,Sovereign Gold Bonds 2020-21 S,14000.00,14011.00,13950.00,14011.00,14011.00,14178.00,,14044.09,,,100,1398111.00,28,F1,1,,,,,
2026-06-30,2026-06-30,CM,BSE,STK,800331,IN0020200377,SGBJAN29IX,G,,,,,SGB 2020-21 Series IX,14000.00,14100.00,14000.00,14100.00,14100.00,14060.00,,14102.42,,,78,1095278.00,11,F1,1,,,,,
2026-06-30,2026-06-30,CM,BSE,STK,800332,IN0020200385,SGBJAN29X,G,,,,,Sovereign Gold Bonds 2021-21 S,14058.17,14120.00,14050.00,14080.00,14080.00,14220.00,,14106.67,,,26,365672.00,9,F1,1,,,,,
2026-06-30,2026-06-30,CM,BSE,STK,800333,IN0020200393,SGBFEB29XI,G,,,,,SGB 2020-21 SERIES XI,14108.00,14108.00,14025.00,14065.00,14065.00,14082.64,,14121.77,,,5,70303.00,4,F1,1,,,,,
2026-06-30,2026-06-30,CM,BSE,STK,800334,IN0020200401,676GS2061,G,,,,,676GOI2061,93.40,93.40,93.35,93.35,93.35,93.20,,93.66,,,4001,373493.00,2,F1,1,,,,,
2026-06-30,2026-06-30,CM,BSE,STK,800339,IN0020200427,SGBMR29XII,G,,,,,SGB 2020-21 Series XII,14081.50,14085.00,14081.50,14085.00,14085.00,14156.50,,14070.04,,,27,380207.00,4,F1,1,,,,,
2026-06-30,2026-06-30,CM,BSE,STK,800340,IN0020210053,SGBMAY29I,G,,,,,SGB 2021-22 Series I,13880.02,14051.00,13880.02,14024.07,14022.00,14150.00,,14052.70,,,63,883660.00,22,F1,1,,,,,
2026-06-30,2026-06-30,CM,BSE,STK,800341,IN0020210061,SGBJUN29II,G,,,,,SGB 2021-22 Series II,14030.00,14030.00,14000.00,14023.00,14023.00,14105.00,,14096.51,,,4,56076.00,3,F1,1,,,,,
2026-06-30,2026-06-30,CM,BSE,STK,800342,IN0020210087,SGBJU29III,G,,,,,Sovereign Gold Bonds 2021-22,14120.00,14120.00,14120.00,14120.00,14120.00,14170.10,,14129.00,,,10,141200.00,1,F1,1,,,,,
2026-06-30,2026-06-30,CM,BSE,STK,800367,IN0020210111,SGBJUL29IV,G,,,,,Sovereign Gold Bond Series IV,14028.00,14077.99,14028.00,14055.00,14055.00,14174.68,,14144.43,,,78,1094896.00,15,F1,1,,,,,
2026-06-30,2026-06-30,CM,BSE,STK,800385,IN0020210129,SGBAUG29V,G,,,,,Sovereign Gold Bonds 2021-22 S,14100.00,14155.00,14062.00,14104.18,14112.55,14262.91,,14078.22,,,20,282344.00,11,F1,1,,,,,
2026-06-30,2026-06-30,CM,BSE,STK,800386,IN0020210145,SGBSEP29VI,G,,,,,Sovereign Gold Bonds 2021-22 S,14010.01,14119.99,14010.00,14067.30,14100.00,14211.50,,14078.27,,,19,267053.00,10,F1,1,,,,,
2026-06-30,2026-06-30,CM,BSE,STK,800434,IN0020210178,SGBNV29VII,G,,,,,Sovereign Gold Bonds 2021-22 S,13805.00,14130.99,13805.00,14115.36,14130.99,14140.11,,14105.91,,,35,490528.00,20,F1,1,,,,,
2026-06-30,2026-06-30,CM,BSE,STK,800435,IN0020210194,699GS2051,G,,,,,699GOI2051,97.11,97.11,97.11,97.11,97.11,94.75,,95.54,,,100,9711.00,1,F1,1,,,,,
2026-06-30,2026-06-30,CM,BSE,STK,800438,IN0020210236,SGBJAN30IX,G,,,,,Soveriegn Gold Bonds 2021-22 S,14033.01,14300.00,14033.01,14228.50,14228.50,14320.00,,14283.00,,,11,156675.00,5,F1,1,,,,,
2026-06-30,2026-06-30,CM,BSE,STK,800439,IN0020210319,SGBMAR30X,G,,,,,Sovereign Gold Bonds 2021-22 S,14005.00,14225.00,13950.00,14195.00,14225.00,14235.13,,14196.00,,,69,978130.00,32,F1,1,,,,,
2026-06-30,2026-06-30,CM,BSE,STK,800441,IN0020220029,754GS2036,G,,,,,754GOI2036,105.45,105.95,105.45,105.70,105.70,105.45,,105.89,,,7347,776093.00,10,F1,1,,,,,
2026-06-30,2026-06-30,CM,BSE,STK,800442,IN0020220037,738GS2027,G,,,,,738GOI2027,101.80,101.90,101.80,101.85,101.90,101.80,,101.82,,,9823,1000563.00,3,F1,1,,,,,
2026-06-30,2026-06-30,CM,BSE,STK,800443,IN0020220045,SGBJUN30,G,,,,,Sovereign Gold Bonds 2022-23 S,14247.00,14325.00,14247.00,14325.00,14325.00,14459.67,,14294.52,,,10,142548.00,8,F1,1,,,,,
2026-06-30,2026-06-30,CM,BSE,STK,800488,IN0020220078,SGBAUG30,G,,,,,Sovereign Gold Bonds 2022-23 S,14380.00,14410.98,14200.00,14350.00,14350.00,14467.32,,14316.02,,,66,945429.00,34,F1,1,,,,,
2026-06-30,2026-06-30,CM,BSE,STK,800573,IN0020220110,SGBDE30III,G,,,,,Soverign Gold Bond 2022-23 Sr,14329.99,14329.99,14181.01,14267.00,14267.00,14387.98,,14304.22,,,22,314025.00,15,F1,1,,,,,
2026-06-30,2026-06-30,CM,BSE,STK,800574,IN0020220102,741GS2036,G,,,,,741GOI36,103.50,103.50,103.50,103.50,103.50,104.00,,103.50,,,10000,1035000.00,1,F1,1,,,,,
2026-06-30,2026-06-30,CM,BSE,STK,800575,IN0020220169,SGBMAR31IV,G,,,,,Sovereign Gold Bond 2022-23 Sr,14498.90,14498.90,14351.00,14387.00,14387.00,14500.59,,14508.26,,,38,548941.00,13,F1,1,,,,,
2026-06-30,2026-06-30,CM,BSE,STK,800580,IN0020230069,SGBJUN31I,G,,,,,Sovereign Gold Bonds 2023-24 S,14606.82,14606.82,14431.01,14499.02,14480.00,14606.82,,14507.25,,,66,957320.00,21,F1,1,,,,,
2026-06-30,2026-06-30,CM,BSE,STK,800584,IN0020230051,73GS2053,G,,,,,73GOI2053,99.00,100.35,99.00,100.35,100.35,100.79,,100.01,,,6488,645853.00,5,F1,1,,,,,
2026-06-30,2026-06-30,CM,BSE,STK,800596,IN0020230093,SGBSEP31II,G,,,,,Sovereign Gold Bonds 2023-24 S,14599.99,14600.00,14470.01,14537.00,14537.00,14627.86,,14581.64,,,226,3282412.00,41,F1,1,,,,,
2026-06-30,2026-06-30,CM,BSE,STK,800598,IN0020230077,718GS2037,G,,,,,718GS2037,104.60,104.60,104.25,104.25,104.25,104.75,,104.25,,,24000,2504800.00,2,F1,1,,,,,
2026-06-30,2026-06-30,CM,BSE,STK,800599,IN0020230085,718GS2033,G,,,,,718GS2033,107.50,107.50,107.50,107.50,107.50,107.65,,107.50,,,4125,443437.00,1,F1,1,,,,,
2026-06-30,2026-06-30,CM,BSE,STK,800603,IN0020230168,SGBDE31III,G,,,,,Sovereign Gold Bonds 2023-24 S,14631.65,14655.00,14450.00,14551.00,14551.00,14631.07,,14571.08,,,141,2048987.00,43,F1,1,,,,,
2026-06-30,2026-06-30,CM,BSE,STK,800604,IN0020230119,733GS2026,G,,,,,733GS26J24,101.00,104.00,101.00,104.00,104.00,101.00,,104.00,,,301,30404.00,3,F1,1,,,,,
2026-06-30,2026-06-30,CM,BSE,STK,800605,IN0020230184,SGBFEB32IV,G,,,,,Sovereign Gold Bonds 2023-24 S,14784.99,14813.96,14598.98,14740.14,14721.00,14799.71,,14739.57,,,168,2472328.00,70,F1,1,,,,,
2026-06-30,2026-06-30,CM,BSE,STK,800807,IN0020240142,709GOI74,G,,,,,709GOI74,95.80,95.80,95.11,95.11,95.11,95.02,,95.74,,,30012,2854449.00,6,F1,1,,,,,
2026-06-30,2026-06-30,CM,BSE,STK,800808,IN0020250018,690GOI65,G,,,,,690GOI65,95.25,95.56,95.25,95.56,95.56,94.03,,94.80,,,2000,190810.00,4,F1,1,,,,,
2026-06-30,2026-06-30,CM,BSE,STK,800816,IN0020260033,771GOI2066,G,,,,,771GOI2066,106.75,106.75,106.75,106.75,106.75,103.50,,105.88,,,2,213.00,2,F1,1,,,,,
2026-06-30,2026-06-30,CM,BSE,STK,805199,IN002026X016,91TB90726,G,,,,,91TB90726,99.23,99.23,99.23,99.23,99.23,98.37,,99.52,,,100,9923.00,1,F1,1,,,,,
2026-06-30,2026-06-30,CM,BSE,STK,890217,IN9273A01047,APLABPP,XT,,,,,Aplab Ltd.,74.07,74.07,73.90,73.95,73.95,70.55,,73.95,,,1771,130887.00,7,F1,1,,,,,
2026-06-30,2026-06-30,CM,BSE,STK,890221,IN9572J01019,SSFLPP,B,,,,,Spandana Sphoorty Financial Li,123.45,129.00,123.45,123.75,123.75,122.50,,123.95,,,216,27063.00,15,F1,1,,,,,
2026-06-30,2026-06-30,CM,BSE,STK,890226,IN9170U01035,SURAJINDPP,XT,,,,,Suraj Industries Limited.,18.47,18.59,17.55,18.58,18.58,18.47,,18.58,,,8890,156151.00,16,F1,1,,,,,
2026-06-30,2026-06-30,CM,BSE,STK,890228,IN90NN701011,ATLPP,B,,,,,Allcargo Terminals Limited,9.32,9.32,9.00,9.00,9.00,9.32,,8.93,,,35,318.00,2,F1,1,,,,,
2026-06-30,2026-06-30,CM,BSE,STK,890229,IN9075K01029,ANNVRPP,X,,,,,ANNVRRIDHHI VENTURES LIMITED,5.47,5.47,5.47,5.47,5.47,4.98,,5.47,,,3975,21743.00,2,F1,1,,,,,
2026-06-30,2026-06-30,CM,BSE,STK,890230,IN9849B01026,ACESEPP,X,,,,,Ace Software Exports ltd.,33.53,36.84,33.53,35.00,35.00,33.53,,35.00,,,4919,173000.00,32,F1,1,,,,,
2026-06-30,2026-06-30,CM,BSE,STK,890232,IN90GGO01013,KRISHPP,B,,,,,KRISHIVAL FOODS LIMITED,159.90,159.90,149.00,153.00,153.00,152.50,,153.00,,,1026,155930.00,21,F1,1,,,,,
2026-06-30,2026-06-30,CM,BSE,STK,890234,IN9316D01014,VERTEXPP,XT,,,,,Vertex Securities Ltd.,1.55,1.55,1.55,1.55,1.55,1.48,,1.55,,,442593,686019.00,47,F1,1,,,,,
2026-06-30,2026-06-30,CM,BSE,STK,890238,IN9736H01014,GSAILPP,X,,,,,G.S. Auto International Ltd.,7.73,7.73,7.20,7.24,7.23,7.47,,7.24,,,12625,92025.00,37,F1,1,,,,,
2026-06-30,2026-06-30,CM,BSE,STK,935514,INE134E07588,760PFCL35,F,,,,,PFC-7.60%-3B-17-10-35-BOND,1201.11,1204.00,1201.11,1204.00,1204.00,1200.00,,1204.00,,,223,268231.00,4,F1,1,,,,,
2026-06-30,2026-06-30,CM,BSE,STK,935584,INE906B07EJ8,76NHAI31,F,,,,,NHAI-7.6%-11-1-31-TAXFREENCD,1097.25,1097.25,1096.61,1096.61,1096.61,1096.61,,1096.68,,,151,165669.00,3,F1,1,,,,,
2026-06-30,2026-06-30,CM,BSE,STK,935642,INE031A07AO5,764HUDCO31,F,,,,,HUDCO-7.64%-8-2-31-TAXFREENCD,1105.20,1105.20,1105.20,1105.20,1105.20,1104.00,,1105.20,,,3,3315.00,1,F1,1,,,,,
2026-06-30,2026-06-30,CM,BSE,STK,935666,INE906B07EP5,769NHAI31,F,,,,,NHAI-7.69%-9-3-31-TAXFREENCD,1143.00,1143.00,1132.02,1132.02,1132.02,1134.10,,1136.56,,,940,1065029.00,7,F1,1,,,,,
2026-06-30,2026-06-30,CM,BSE,STK,935670,INE031A07AR8,739HUDCO31,F,,,,,HUDCO-7.39%-15-3-31-TAXFREENCD,1113.04,1113.55,1113.04,1113.55,1113.55,1120.00,,1113.55,,,200,222659.00,2,F1,1,,,,,
2026-06-30,2026-06-30,CM,BSE,STK,935674,INE031A07AT4,769HUDCO31,F,,,,,HUDCO-7.69%-15-3-31-TAXFREENCD,1121.01,1121.50,1121.01,1121.50,1121.50,1121.17,,1121.14,,,253,283637.00,4,F1,1,,,,,
2026-06-30,2026-06-30,CM,BSE,STK,935682,INE053F07900,764IRFC31,F,,,,,IRFC-7.64%-22-3-31-NCDS,1130.50,1133.00,1130.00,1133.00,1133.00,1131.40,,1133.00,,,1105,1250308.00,6,F1,1,,,,,
2026-06-30,2026-06-30,CM,BSE,STK,935690,INE261F07032,764NABAR31,F,,,,,NABARD-7.64%-23-3-31-NCDS,1096.30,1098.00,1096.00,1098.00,1098.00,1096.03,,1097.98,,,209,229097.00,5,F1,1,,,,,
2026-06-30,2026-06-30,CM,BSE,STK,935868,INE148I08256,915SCL26,F,,,,,SCL-9.15%-26-9-26-NCDS,1052.20,1060.00,1052.20,1060.00,1060.00,1052.73,,1057.13,,,175,184564.00,2,F1,1,,,,,
2026-06-30,2026-06-30,CM,BSE,STK,936044,INE774D08MK5,800MMFSL27,F,,,,,MMFSL-8.00%-24-07-27-NCD,1020.50,1025.00,1017.50,1025.00,1025.00,1024.99,,1025.00,,,460,469275.00,4,F1,1,,,,,
2026-06-30,2026-06-30,CM,BSE,STK,936048,INE774D08MM1,805MMFSL32,F,,,,,MMFSL-8.05%-24-07-32-NCD,1032.00,1032.00,1032.00,1032.00,1032.00,1032.74,,1032.00,,,31,31992.00,1,F1,1,,,,,
2026-06-30,2026-06-30,CM,BSE,STK,936224,INE651J07622,975JMFCS28,F,,,,,JMFCSL-9.75%-7-6-28-NCD,1045.00,1045.00,1035.00,1035.00,1035.00,1041.00,,1035.00,,,21,21935.00,2,F1,1,,,,,
2026-06-30,2026-06-30,CM,BSE,STK,936236,INE721A07NX5,94SFL28,F,,,,,SFL-9.40%-12-7-28-NCD,1045.00,1046.00,1045.00,1046.00,1046.00,1045.00,,1046.00,,,513,536563.00,11,F1,1,,,,,
2026-06-30,2026-06-30,CM,BSE,STK,936252,INE804I078Y8,943ECL28,F,,,,,EFL-9.43%-6-8-28-NCD,1010.00,1010.00,1001.15,1010.00,1010.00,995.00,,1009.50,,,55,55328.00,3,F1,1,,,,,
2026-06-30,2026-06-30,CM,BSE,STK,936320,INE538L07528,935AHFL28,F,,,,,AHFL-9.35%-29-9-28-NCD,1068.00,1068.00,1068.00,1068.00,1068.00,1069.00,,1068.00,,,1,1068.00,1,F1,1,,,,,
2026-06-30,2026-06-30,CM,BSE,STK,936322,INE538L07536,975AHFL28,F,,,,,AHFL-9.75%-29-9-28-NCD,1085.00,1085.00,1080.00,1080.00,1080.00,1077.00,,1080.00,,,10,10805.00,2,F1,1,,,,,
2026-06-30,2026-06-30,CM,BSE,STK,936332,INE721A07OF0,97SFL28,F,,,,,SFL-9.70%-2-11-28-NCD,1090.00,1090.00,1090.00,1090.00,1090.00,1090.00,,1090.00,,,20,21800.00,1,F1,1,,,,,
2026-06-30,2026-06-30,CM,BSE,STK,936398,INE804IA7014,1015ECL29,F,,,,,EFL-10.15%-4-1-29-NCD,1009.01,1015.00,1006.00,1006.99,1007.00,1010.00,,1007.48,,,2187,2201679.00,43,F1,1,,,,,
2026-06-30,2026-06-30,CM,BSE,STK,936412,INE774D07SW9,93MMFSL27,F,,,,,MMFSL-9.3%-18-1-27-NCD,1032.50,1032.50,1030.90,1030.90,1030.90,1030.83,,1030.90,,,12,12384.00,7,F1,1,,,,,
2026-06-30,2026-06-30,CM,BSE,STK,936476,INE866I08279,10IIFL29,F,,,,,IFL-10%-7-2-29-NCD,943.00,1000.50,943.00,1000.50,1000.50,1020.00,,1000.50,,,187,182493.00,2,F1,1,,,,,
2026-06-30,2026-06-30,CM,BSE,STK,936532,INE027E07998,898LTF29,F,,,,,LTF-8.98%-13-3-29-NCD,1150.00,1150.00,1120.00,1120.00,1120.00,1089.99,,1120.00,,,50,56750.00,2,F1,1,,,,,
2026-06-30,2026-06-30,CM,BSE,STK,936810,INE306N07LM5,865TCAPS27,F,,,,,TCAP-8.65%-26-8-27-NCD,1076.00,1077.00,1050.00,1075.21,1075.21,1080.00,,1075.56,,,1533,1616510.00,27,F1,1,,,,,
2026-06-30,2026-06-30,CM,BSE,STK,936854,INE523H07AQ1,JMFPZC26,F,,,,,JMFPL-ZC-11-9-26-NCD,1964.00,1964.00,1964.00,1964.00,1964.00,1940.00,,1964.00,,,56,109984.00,1,F1,1,,,,,
2026-06-30,2026-06-30,CM,BSE,STK,936959,INE360T07082,MHFLZC26,F,,,,,MHFL-ZC-7-9-26-NCD,1952.00,1952.00,1952.00,1952.00,1952.00,1952.00,,1952.00,,,222,433344.00,5,F1,1,,,,,
2026-06-30,2026-06-30,CM,BSE,STK,936975,INE804IA7246,995ECL29,F,,,,,ECL-9.95%-28-11-29-NCD,999.00,999.00,998.99,998.99,998.99,999.00,,998.99,,,161,160838.00,4,F1,1,,,,,
2026-06-30,2026-06-30,CM,BSE,STK,937053,INE033L07GS6,81TCHF28,F,,,,,TCHF-8.1%-14-1-28-NCD,1040.00,1040.00,1040.00,1040.00,1040.00,1040.00,,1006.15,,,10,10400.00,1,F1,1,,,,,
2026-06-30,2026-06-30,CM,BSE,STK,937093,INE918K07FV6,1025NWFL30,F,,,,,NWFL-10.25%-5-2-30-NCD,1035.00,1035.00,1035.00,1035.00,1035.00,1035.00,,1035.00,,,193,199755.00,2,F1,1,,,,,
2026-06-30,2026-06-30,CM,BSE,STK,937385,INE134E07AT8,715PFCL36,F,,,,,PFCL-7.15%-22-1-36-NCD,1003.99,1004.00,1000.00,1000.00,1000.00,1000.00,,1000.00,,,140,140479.00,3,F1,1,,,,,
2026-06-30,2026-06-30,CM,BSE,STK,937455,INE530B08102,96IIFL28A,F,,,,,IFL-9.6%-24-6-28-NCD,1001.00,1002.00,1000.40,1000.73,1001.00,1000.00,,1000.79,,,682,682767.00,19,F1,1,,,,,
2026-06-30,2026-06-30,CM,BSE,STK,937487,INE403Q08233,1025KFL26C,F,,,,,KFL-10.25%-28-10-26-NCD,997.00,997.00,997.00,997.00,997.00,997.00,,997.00,,,523,521431.00,12,F1,1,,,,,
2026-06-30,2026-06-30,CM,BSE,STK,937581,INE516Y07428,9PFL31A,F,,,,,PFL-9%-23-07-31-NCD,1089.25,1089.40,1089.25,1089.33,1089.40,1093.00,,1089.33,,,50,54466.00,2,F1,1,,,,,
2026-06-30,2026-06-30,CM,BSE,STK,937595,INE302E08084,1050SFL26,F,,,,,SFL-10.50%-29-8-26-NCD,992.00,992.00,992.00,992.00,992.00,985.00,,992.00,,,101,100192.00,3,F1,1,,,,,
2026-06-30,2026-06-30,CM,BSE,STK,937613,INE01I507372,1125KLM26,F,,,,,KLMAFL-11.25%-29-7-26-NCD,996.00,996.00,996.00,996.00,996.00,994.00,,996.00,,,45,44820.00,1,F1,1,,,,,
2026-06-30,2026-06-30,CM,BSE,STK,937621,INE477L08154,96IIFL28,F,,,,,IHFL-9.60%-3-11-28-NCD,999.00,1004.90,998.00,1004.07,998.00,995.00,,997.45,,,534,535466.00,9,F1,1,,,,,
2026-06-30,2026-06-30,CM,BSE,STK,937631,INE532F07CF5,915EFSL26,F,,,,,EFSL-9.15%-10-9-26-NCD,993.00,996.24,993.00,996.24,996.24,991.05,,996.24,,,126,125337.00,8,F1,1,,,,,
2026-06-30,2026-06-30,CM,BSE,STK,937633,INE532F07CG3,955EFSL26A,F,,,,,EFSL-9.55%-10-9-26-NCD,1070.00,1070.00,1070.00,1070.00,1070.00,1070.00,,1070.00,,,200,214000.00,1,F1,1,,,,,
2026-06-30,2026-06-30,CM,BSE,STK,937635,INE532F07CH1,EFSL26,F,,,,,EFSL-10-9-26-NCD,1537.00,1537.00,1530.00,1537.00,1537.00,1537.33,,1537.00,,,337,517479.00,10,F1,1,,,,,
2026-06-30,2026-06-30,CM,BSE,STK,937637,INE532F07CI9,93EFSL31,F,,,,,EFSL-9.30%-10-9-31-NCD,979.20,979.20,979.20,979.20,979.20,979.20,,979.20,,,42,41126.00,1,F1,1,,,,,
2026-06-30,2026-06-30,CM,BSE,STK,937681,INE148I07KP6,975SCL28,F,,,,,SCL-8.89%-24-9-26-NCD,997.00,997.00,997.00,997.00,997.00,996.98,,994.56,,,104,103688.00,4,F1,1,,,,,
2026-06-30,2026-06-30,CM,BSE,STK,937707,INE523H07BO4,820JMFPL26,F,,,,,JMFPL-8.20%-7-10-26-NCD,1058.50,1058.50,1058.50,1058.50,1058.50,1048.50,,1058.50,,,25,26462.00,1,F1,1,,,,,
2026-06-30,2026-06-30,CM,BSE,STK,937709,INE523H07BP1,791JMFPL26,F,,,,,JMFPL-7.91%-7-10-26-NCD,998.20,998.20,998.20,998.20,998.20,998.20,,998.20,,,125,124775.00,2,F1,1,,,,,
2026-06-30,2026-06-30,CM,BSE,STK,937799,INE532F07CQ2,915EFSL26A,F,,,,,EFSL-9.15%-28-12-26-NCD,988.02,988.02,988.02,988.02,988.02,988.02,,988.02,,,10,9880.00,1,F1,1,,,,,
2026-06-30,2026-06-30,CM,BSE,STK,937805,INE532F07CT6,93EFSL31A,F,,,,,EFSL-9.30%-28-12-31-NCD,970.00,970.00,970.00,970.00,970.00,980.00,,970.00,,,16,15520.00,1,F1,1,,,,,
2026-06-30,2026-06-30,CM,BSE,STK,937807,INE532F07CU4,97EFSL31A,F,,,,,EFSL-9.7%-28-12-31-NCD,1000.20,1000.20,1000.20,1000.20,1000.20,1000.00,,1000.20,,,11,11002.00,1,F1,1,,,,,
2026-06-30,2026-06-30,CM,BSE,STK,937819,INE101Q07AG8,MMLZC27D,F,,,,,MML-ZC-2-7-27-NCD,1422.01,1625.00,1422.00,1525.00,1525.00,1450.00,,1525.00,,,949,1383667.00,20,F1,1,,,,,
2026-06-30,2026-06-30,CM,BSE,STK,937971,INE148I07LV2,889SCL27,F,,,,,SCL-8.89%-28-4-27-NCD,1000.80,1000.80,1000.80,1000.80,1000.80,1000.60,,1000.80,,,90,90072.00,3,F1,1,,,,,
2026-06-30,2026-06-30,CM,BSE,STK,937999,INE530L07475,915NIDO27,F,,,,,NIDO-9.15%-29-4-27-NCD,1010.01,1010.01,1009.30,1009.30,1009.30,998.37,,1009.30,,,40,40386.00,3,F1,1,,,,,
2026-06-30,2026-06-30,CM,BSE,STK,938005,INE530L07509,930NIDO32,F,,,,,NIDO-9.30%-29-4-32-NCD,980.00,980.00,980.00,980.00,980.00,990.00,,980.00,,,32,31360.00,2,F1,1,,,,,
2026-06-30,2026-06-30,CM,BSE,STK,938011,INE414G07GE8,MFLII27B,F,,,,,MFL-II-5-5-27-NCD,976.20,987.00,976.00,987.00,987.00,989.80,,987.00,,,210,205108.00,3,F1,1,,,,,
2026-06-30,2026-06-30,CM,BSE,STK,938015,INE414G07GG3,MFLIV27D,F,,,,,MFL-IV-5-5-27-NCD,1000.00,1000.00,1000.00,1000.00,1000.00,1000.00,,1000.00,,,36,36000.00,1,F1,1,,,,,
2026-06-30,2026-06-30,CM,BSE,STK,938091,INE0BUS07569,11IML27,F,,,,,IML-11%-27-7-27-NCD,1005.00,1005.00,1005.00,1005.00,1005.00,1005.00,,1005.00,,,52,52260.00,1,F1,1,,,,,
2026-06-30,2026-06-30,CM,BSE,STK,938105,INE523L07710,916NWIL27,F,,,,,NWIL-9.16%-15-7-27-NCD,992.00,1002.00,990.00,999.00,999.00,990.00,,999.00,,,246,243948.00,11,F1,1,,,,,
2026-06-30,2026-06-30,CM,BSE,STK,938111,INE523L07744,953NWIL32,F,,,,,NWIL-9.53%-15-7-32-NCD,1005.00,1012.00,990.00,1012.00,1012.00,1000.00,,1012.00,,,494,495902.00,7,F1,1,,,,,
2026-06-30,2026-06-30,CM,BSE,STK,938196,INE01I507653,1050KLM27,F,,,,,KLMAFL-10.50%-16-10-27-NCD,992.00,997.00,992.00,997.00,997.00,981.00,,997.00,,,126,125182.00,2,F1,1,,,,,
2026-06-30,2026-06-30,CM,BSE,STK,938212,INE532F07DB2,935EFSL27,F,,,,,EFSL-9.35%-20-10-27-NCD,1180.00,1180.00,1010.00,1010.00,1010.00,990.00,,1010.00,,,21,22910.00,2,F1,1,,,,,
2026-06-30,2026-06-30,CM,BSE,STK,938214,INE532F07DC0,975EFSL27,F,,,,,EFSL-9.75%-20-10-27-NCD,1058.80,1058.80,1058.80,1058.80,1058.80,1042.20,,1058.80,,,50,52940.00,1,F1,1,,,,,
2026-06-30,2026-06-30,CM,BSE,STK,938220,INE532F07DE6,1010EFSL32,F,,,,,EFSL-10.10%-20-10-32-NCD,1025.00,1025.00,1025.00,1025.00,1025.00,1025.00,,1025.00,,,2,2050.00,1,F1,1,,,,,
2026-06-30,2026-06-30,CM,BSE,STK,938278,INE741K07496,10CAGL27,F,,,,,CAGL-10%-23-11-27-NCD,1029.00,1029.00,1020.11,1020.11,1020.11,1012.00,,1024.06,,,14,14370.00,2,F1,1,,,,,
2026-06-30,2026-06-30,CM,BSE,STK,938290,INE414G07HE6,775MFL27,F,,,,,MFL-7.75%-23-12-27-NCD,1017.20,1017.20,1017.20,1017.20,1017.20,1017.00,,1017.20,,,20,20344.00,1,F1,1,,,,,
2026-06-30,2026-06-30,CM,BSE,STK,938336,INE051307AE2,CCILZC29,F,,,,,CCIL-ZC-9-3-29-NCD,1395.00,1395.00,1395.00,1395.00,1395.00,1395.00,,1395.00,,,1,1395.00,1,F1,1,,,,,
2026-06-30,2026-06-30,CM,BSE,STK,938370,INE532F07DH9,10EFSL33B,F,,,,,EFSL-10%-20-1-33-NCD,994.90,994.99,994.90,994.95,994.99,993.36,,994.95,,,500,497477.00,2,F1,1,,,,,
2026-06-30,2026-06-30,CM,BSE,STK,938382,INE530B07310,865IIFL28,F,,,,,IIFL-8.65%-25-1-28-NCD,991.60,991.60,990.00,990.00,990.00,990.00,,991.97,,,26,25780.00,2,F1,1,,,,,
2026-06-30,2026-06-30,CM,BSE,STK,938512,INE244L07523,890SFIL23A,F,,,,,SFIL-10.03%-25-4-28-NCD,381.01,450.00,381.00,450.00,450.00,440.00,,450.00,,,136,58716.00,4,F1,1,,,,,
2026-06-30,2026-06-30,CM,BSE,STK,938524,INE532F07DT4,967EFSL28,F,,,,,EFSL-9.67%-27-4-28-NCD,999.00,999.00,999.00,999.00,999.00,995.00,,999.00,,,10,9990.00,1,F1,1,,,,,
2026-06-30,2026-06-30,CM,BSE,STK,938544,INE403Q07DG2,95KFL27A,F,,,,,KFL-28-4-27-NCD,992.00,992.00,992.00,992.00,992.00,992.00,,992.00,,,1,992.00,1,F1,1,,,,,
2026-06-30,2026-06-30,CM,BSE,STK,938604,INE302E07565,1025SFL28,F,,,,,SFL-10.25%-8-5-28-NCD,956.00,994.99,956.00,994.99,994.99,954.75,,994.99,,,73,70684.00,6,F1,1,,,,,
2026-06-30,2026-06-30,CM,BSE,STK,938608,INE302E07532,SFL30,F,,,,,SFL-08-06-30-NCD,1287.00,1287.00,1287.00,1287.00,1287.00,1287.00,,1287.00,,,29,37323.00,2,F1,1,,,,,
2026-06-30,2026-06-30,CM,BSE,STK,938632,INE530B07385,865IFL28,F,,,,,IFL-8.65%-18-6-28-NCD,987.00,987.00,985.00,985.00,985.00,987.80,,985.00,,,259,255133.00,2,F1,1,,,,,
2026-06-30,2026-06-30,CM,BSE,STK,938634,INE530B07377,9IIFL28,F,,,,,IIFL-9%-28-6-28-NCD,982.00,983.00,981.00,983.00,983.00,1014.99,,983.00,,,30,29460.00,3,F1,1,,,,,
2026-06-30,2026-06-30,CM,BSE,STK,938636,INE530B07369,IIFLZC28B,F,,,,,IFL-ZC-28-6-28-NCD,1289.00,1289.00,1262.69,1288.39,1262.69,1286.02,,1287.13,,,43,55400.00,2,F1,1,,,,,
2026-06-30,2026-06-30,CM,BSE,STK,938644,INE342T07387,1050NFL26,F,,,,,NFL-10.50%-18-7-26-NCD,995.01,995.01,995.00,995.00,995.00,1000.00,,999.50,,,10,9950.00,2,F1,1,,,,,
2026-06-30,2026-06-30,CM,BSE,STK,938652,INE532F07EC8,92EFSL26,F,,,,,EFSL-9.20%-21-7-26-NCD,1001.00,1001.00,999.50,999.50,999.50,998.00,,999.50,,,30,30015.00,2,F1,1,,,,,
2026-06-30,2026-06-30,CM,BSE,STK,938654,INE532F07ED6,96EFSL26,F,,,,,EFSL-9.60%-21-7-26-NCD,1085.90,1085.90,1085.90,1085.90,1085.90,1085.20,,1085.90,,,209,226953.00,4,F1,1,,,,,
2026-06-30,2026-06-30,CM,BSE,STK,938660,INE532F07EH7,1010EFS28,F,,,,,EFSL-10.10%-21-7-28-NCD,1076.80,1076.80,1076.80,1076.80,1076.80,1055.00,,1076.80,,,191,205668.00,2,F1,1,,,,,
2026-06-30,2026-06-30,CM,BSE,STK,938664,INE532F07EI5,10EFS33,F,,,,,EFSL-10%-21-7-33-NCD,996.00,996.00,996.00,996.00,996.00,996.00,,996.00,,,19,18924.00,1,F1,1,,,,,
2026-06-30,2026-06-30,CM,BSE,STK,938666,INE532F07DZ1,1045EFS33,F,,,,,EFSL-10.45%-21-7-33-NCD,1071.10,1071.10,1071.10,1071.10,1071.10,1070.20,,1071.10,,,10,10711.00,1,F1,1,,,,,
2026-06-30,2026-06-30,CM,BSE,STK,938698,INE134E07CF3,750PFCL26,F,,,,,PFC-750%-1-8-26-NCD,1055.20,1063.80,1055.20,1063.70,1063.79,1065.00,,1063.70,,,525,557118.00,21,F1,1,,,,,
2026-06-30,2026-06-30,CM,BSE,STK,938702,INE134E07CH9,753PFCL33,F,,,,,PFC-7.53%-1-8-33-NCD,1045.00,1045.00,1045.00,1045.00,1045.00,1037.00,,1045.00,,,100,104500.00,1,F1,1,,,,,
2026-06-30,2026-06-30,CM,BSE,STK,938716,INE121A07RE9,84CIFCL28,F,,,,,CIFCL-8.4%-9-8-28-NCD,1084.40,1084.50,1084.40,1084.50,1084.50,1084.40,,1084.75,,,100,108445.00,2,F1,1,,,,,
2026-06-30,2026-06-30,CM,BSE,STK,938850,INE148I07PV3,888SCL25E,F,,,,,SCL-10.25%-26-9-33-NCD,800.00,800.00,800.00,800.00,800.00,840.00,,800.00,,,12,9600.00,1,F1,1,,,,,
2026-06-30,2026-06-30,CM,BSE,STK,938862,INE403Q07DV1,10KFL27,F,,,,,KFL-10%-27-9-27-NCD,999.90,999.90,999.00,999.00,999.00,999.90,,999.00,,,30,29976.00,6,F1,1,,,,,
2026-06-30,2026-06-30,CM,BSE,STK,938892,INE860H07IS6,81ABCL33,F,,,,,ABCL-8.10%-9-10-33-NCD,1040.00,1040.00,1040.00,1040.00,1040.00,1040.00,,1053.75,,,400,416000.00,1,F1,1,,,,,
2026-06-30,2026-06-30,CM,BSE,STK,939002,INE148I07RB1,965SCL25F,F,,,,,SCL-10.25%-9-11-33-NCD,900.00,900.00,900.00,900.00,900.00,920.00,,885.00,,,6,5400.00,1,F1,1,,,,,
2026-06-30,2026-06-30,CM,BSE,STK,939022,INE121A07RM2,860CIFCL28,F,,,,,CIFCL-8.60%-07-12-28-NCD,1040.00,1047.00,1040.00,1047.00,1047.00,1030.10,,1047.00,,,20,20870.00,2,F1,1,,,,,
2026-06-30,2026-06-30,CM,BSE,STK,939090,INE05F407BB6,1050MML28,F,,,,,MML-10.50%-21-12-28-NCD,990.00,990.00,990.00,990.00,990.00,980.00,,990.00,,,30,29700.00,1,F1,1,,,,,
2026-06-30,2026-06-30,CM,BSE,STK,939128,INE148I07RP1,980SCL33D,F,,,,,SCL-9.71%-27-12-28-NCD,1025.00,1025.00,1025.00,1025.00,1025.00,1008.01,,1025.00,,,200,205000.00,1,F1,1,,,,,
2026-06-30,2026-06-30,CM,BSE,STK,939146,INE03W107231,93ARKA26,F,,,,,AFL-9.3%-27-12-26-NCD,999.33,999.33,999.33,999.33,999.33,995.00,,999.33,,,200,199866.00,5,F1,1,,,,,
2026-06-30,2026-06-30,CM,BSE,STK,939148,INE03W107249,965ARKA26,F,,,,,AFL-9.65%-27-12-26-NCD,1041.00,1041.00,1040.01,1040.01,1040.01,1043.80,,1040.01,,,221,229847.00,4,F1,1,,,,,
2026-06-30,2026-06-30,CM,BSE,STK,939196,INE532F07EY2,967EFSL29,F,,,,,EFSL-9.67%-29-1-29-NCD,999.00,999.00,999.00,999.00,999.00,999.00,,999.00,,,80,79920.00,2,F1,1,,,,,
2026-06-30,2026-06-30,CM,BSE,STK,939198,INE532F07EZ9,1010EFSL29,F,,,,,EFSL-10.10%-29-1-29-NCD,1012.50,1023.50,1012.50,1023.50,1023.50,1023.50,,1023.50,,,189,192891.00,6,F1,1,,,,,
2026-06-30,2026-06-30,CM,BSE,STK,939202,INE532F07FB7,10EFSL34,F,,,,,EFSL-10%-29-1-34-NCD,1000.00,1000.00,1000.00,1000.00,1000.00,1000.00,,1000.00,,,5,5000.00,1,F1,1,,,,,
2026-06-30,2026-06-30,CM,BSE,STK,939206,INE414G07IW6,825MFL27,F,,,,,MFL-8.25%-25-1-27-NCD,995.00,999.00,995.00,999.00,999.00,999.00,,999.00,,,233,232535.00,6,F1,1,,,,,
2026-06-30,2026-06-30,CM,BSE,STK,939280,INE302E07623,SFL270224A,F,,,,,SFL-29-3-31-NCD,1200.00,1200.00,1200.00,1200.00,1200.00,1060.00,,1200.00,,,10,12000.00,2,F1,1,,,,,
2026-06-30,2026-06-30,CM,BSE,STK,939299,INE530L07715,10NIDO27,F,,,,,NIDO-10%-1-3-27-NCD,1030.00,1030.00,1030.00,1030.00,1030.00,1020.20,,1030.00,,,1,1030.00,1,F1,1,,,,,
2026-06-30,2026-06-30,CM,BSE,STK,939309,INE530L07673,1026NIDO34,F,,,,,NHFL-10.26%-1-3-34-NCD,999.00,999.00,999.00,999.00,999.00,999.00,,999.00,,,30,29970.00,1,F1,1,,,,,
2026-06-30,2026-06-30,CM,BSE,STK,939337,INE342T07445,1119NFL27,F,,,,,NFL-11.19%-13-3-27-NCD,1034.00,1034.00,1034.00,1034.00,1034.00,1034.00,,1034.00,,,60,62040.00,1,F1,1,,,,,
2026-06-30,2026-06-30,CM,BSE,STK,939407,INE532F07FK8,920EFSL27A,F,,,,,EFSL-9.20%-29-4-27-NCD,999.00,999.00,999.00,999.00,999.00,992.00,,999.00,,,71,70929.00,4,F1,1,,,,,
2026-06-30,2026-06-30,CM,BSE,STK,939423,INE532F07FN2,967EFSL29A,F,,,,,EFSL-9.67%-29-4-29-NCD,996.95,996.95,996.95,996.95,996.95,997.74,,996.95,,,10,9969.00,1,F1,1,,,,,
2026-06-30,2026-06-30,CM,BSE,STK,939473,INE338I07149,91MOFSL27,F,,,,,MOFSL-9.1%-9-5-27-NCD,1022.00,1022.00,1019.00,1021.00,1021.00,1019.90,,1021.50,,,100,102060.00,6,F1,1,,,,,
2026-06-30,2026-06-30,CM,BSE,STK,939479,INE338I07107,935MOFSL29,F,,,,,MOFSL-9.35%-9-5-29-NCD,1039.80,1039.80,1039.80,1039.80,1039.80,1030.00,,1039.80,,,90,93582.00,1,F1,1,,,,,
2026-06-30,2026-06-30,CM,BSE,STK,939501,INE05F407CH1,1080MML29,F,,,,,MML-10.80%-27-5-29-NCD,1002.00,1002.00,1002.00,1002.00,1002.00,1002.00,,1002.00,,,50,50100.00,2,F1,1,,,,,
2026-06-30,2026-06-30,CM,BSE,STK,939521,INE148I07TF8,99SCL27,F,,,,,SCL-9.9%-31-5-27-NCD,960.30,960.30,885.10,885.10,885.10,999.00,,1000.00,,,78,72948.00,2,F1,1,,,,,
2026-06-30,2026-06-30,CM,BSE,STK,939527,INE148I07TM4,SCL310524A,F,,,,,SCL-31-5-27-NCD,1184.01,1184.01,1184.01,1184.01,1184.01,1151.10,,1184.01,,,10,11840.00,1,F1,1,,,,,
2026-06-30,2026-06-30,CM,BSE,STK,939595,INE530L07780,1026NHFL34,F,,,,,NHFL-10.26%-3-7-34-NCD,1000.00,1000.00,1000.00,1000.00,1000.00,1003.10,,1000.00,,,567,567000.00,4,F1,1,,,,,
2026-06-30,2026-06-30,CM,BSE,STK,939607,INE302E07706,1025SF29,F,,,,,SFL-10.25%-9-7-29-NCD,1000.00,1000.00,1000.00,1000.00,1000.00,975.10,,1000.00,,,50,50000.00,1,F1,1,,,,,
2026-06-30,2026-06-30,CM,BSE,STK,939609,INE302E07714,0SFL29A,F,,,,,SFL-ZC-9-7-29-NCD,1160.00,1160.00,1160.00,1160.00,1160.00,1160.00,,1160.00,,,52,60320.00,1,F1,1,,,,,
2026-06-30,2026-06-30,CM,BSE,STK,939613,INE532F07FP7,950EFSL26,F,,,,,EFSL-9.50%-26-7-26-NCD,1077.00,1077.00,1077.00,1077.00,1077.00,1077.50,,1077.00,,,20,21540.00,1,F1,1,,,,,
2026-06-30,2026-06-30,CM,BSE,STK,939631,INE532F07FZ6,1049EFSL34,F,,,,,EFSL-10.49%-26-7-34-NCD,1008.00,1008.00,1007.00,1008.00,1008.00,1008.00,,1008.00,,,492,495810.00,10,F1,1,,,,,
2026-06-30,2026-06-30,CM,BSE,STK,939647,INE103C07017,102SMCGS27,F,,,,,SMCGSL-10.20%-07-08-27-NCD,1085.00,1085.00,1085.00,1085.00,1085.00,1081.99,,1085.00,,,25,27125.00,1,F1,1,,,,,
2026-06-30,2026-06-30,CM,BSE,STK,939657,INE103C07066,104SMCGS29,F,,,,,SMCGSL-10.40%-07-08-29-NCD,1100.00,1133.00,1100.00,1127.00,1127.00,1000.00,,1127.00,,,185,208834.00,4,F1,1,,,,,
2026-06-30,2026-06-30,CM,BSE,STK,939679,INE01I507984,1075KAFL29,F,,,,,KAFL-10.75%-7-8-29-NCD,955.50,975.00,955.50,975.00,975.00,975.00,,975.00,,,12,11583.00,2,F1,1,,,,,
2026-06-30,2026-06-30,CM,BSE,STK,939723,INE423A07369,AEL120924,F,,,,,AEL-12-9-26-NCD,1072.99,1169.50,1072.99,1169.50,1169.50,1166.85,,1169.50,,,166,186398.00,11,F1,1,,,,,
2026-06-30,2026-06-30,CM,BSE,STK,939733,INE423A07344,99AEL29,F,,,,,AEL-9.90%-12-9-29-NCD,1100.00,1110.00,1100.00,1110.00,1110.00,1100.00,,1110.00,,,30,33100.00,3,F1,1,,,,,
2026-06-30,2026-06-30,CM,BSE,STK,939743,INE549K07EI9,965MFCL30,F,,,,,MFCL-9.65%-16-9-30-NCD,1000.00,1000.00,1000.00,1000.00,1000.00,1004.95,,1000.00,,,5,5000.00,1,F1,1,,,,,
2026-06-30,2026-06-30,CM,BSE,STK,939761,INE549K07EJ7,MFCL16924C,F,,,,,MFCL-16-5-32-NCD,1098.00,1098.00,1098.00,1098.00,1098.00,1095.00,,1098.00,,,100,109800.00,3,F1,1,,,,,
2026-06-30,2026-06-30,CM,BSE,STK,939823,INE530L07897,1003NHF29,F,,,,,NHFL-10.03%-8-10-29-NCD,998.00,1000.00,998.00,1000.00,1000.00,1002.10,,1000.00,,,1100,1099800.00,4,F1,1,,,,,
2026-06-30,2026-06-30,CM,BSE,STK,939835,INE583D07521,1025UCL26A,F,,,,,UCL-10.25%-24-10-26-NCD,1002.50,1002.50,1002.50,1002.50,1002.50,1002.50,,1002.50,,,62,62155.00,3,F1,1,,,,,
2026-06-30,2026-06-30,CM,BSE,STK,939873,INE549K07EO7,965MFCL27A,F,,,,,MFCL-9.65%-30-10-27-NCD,1045.00,1060.00,1045.00,1060.00,1060.00,1049.01,,1060.00,,,360,378900.00,3,F1,1,,,,,
2026-06-30,2026-06-30,CM,BSE,STK,939875,INE549K07EN9,99MFCL29,F,,,,,MFCL-9.90%-30-10-29-NCD,1047.50,1047.50,1047.49,1047.50,1047.50,1030.20,,1047.50,,,714,747914.00,6,F1,1,,,,,
2026-06-30,2026-06-30,CM,BSE,STK,939879,INE549K07ER0,MFCL301024,F,,,,,MFCL-30-10-26-NCD,1150.00,1154.62,1150.00,1154.62,1154.62,1154.81,,1154.62,,,41,47154.00,2,F1,1,,,,,
2026-06-30,2026-06-30,CM,BSE,STK,939899,INE0BUS07BE5,12IML29,F,,,,,IML-12%-7-11-29-NCD,1000.02,1050.00,1000.02,1050.00,1050.00,1060.00,,1050.00,,,150,155001.00,2,F1,1,,,,,
2026-06-30,2026-06-30,CM,BSE,STK,939901,INE0BUS07BF2,IML8112024,F,,,,,IML-7-5-30-NCD,1201.00,1201.00,1201.00,1201.00,1201.00,1210.00,,1201.00,,,90,108090.00,3,F1,1,,,,,
2026-06-30,2026-06-30,CM,BSE,STK,939913,INE101Q07AT1,10MM28,F,,,,,MML-10%-18-11-28-NCD,990.00,1000.00,990.00,1000.00,1000.00,1000.00,,1000.00,,,31,30900.00,2,F1,1,,,,,
2026-06-30,2026-06-30,CM,BSE,STK,939923,INE01CY078R1,1250ICLF29,F,,,,,ICLFL-12.20%-02-12-29-NCD,1020.99,1020.99,1020.99,1020.99,1020.99,1020.99,,1020.99,,,12,12251.00,1,F1,1,,,,,
2026-06-30,2026-06-30,CM,BSE,STK,940009,INE148I07VH0,948SCL27R,F,,,,,SCL-9.48%-27-12-27-NCD,980.00,990.00,980.00,990.00,990.00,997.00,,990.00,,,20,19700.00,2,F1,1,,,,,
2026-06-30,2026-06-30,CM,BSE,STK,940053,INE549K07EZ3,9MFLIII27,F,,,,,MFLIII-9%-10-1-27-NCD,998.99,998.99,996.00,996.00,996.00,982.62,,996.00,,,100,99749.00,3,F1,1,,,,,
2026-06-30,2026-06-30,CM,BSE,STK,940063,INE549K07FB1,965MFL28,F,,,,,MFLIII-9.65%-10-1-28-NCD,1020.22,1020.22,1020.20,1020.20,1020.20,1005.80,,1020.20,,,90,91818.00,2,F1,1,,,,,
2026-06-30,2026-06-30,CM,BSE,STK,940069,INE549K07FE5,MFL100125,F,,,,,MFLIII-10-1-27-NCD,1136.80,1136.80,1136.80,1136.80,1136.80,1120.50,,1136.80,,,1,1136.00,1,F1,1,,,,,
2026-06-30,2026-06-30,CM,BSE,STK,940077,INE549K07FI6,MFL10125C,F,,,,,MFLIII-10-9-32-NCD,1052.80,1052.80,1052.80,1052.80,1052.80,1062.80,,1052.80,,,12,12633.00,1,F1,1,,,,,
2026-06-30,2026-06-30,CM,BSE,STK,940159,INE549K07FM8,9MFLIV27,F,,,,,MFLIV-9%-24-2-27-NCD,990.00,990.00,988.00,988.00,988.00,990.00,,988.00,,,50,49420.00,2,F1,1,,,,,
2026-06-30,2026-06-30,CM,BSE,STK,940177,INE549K07FQ9,MFLIV24225,F,,,,,MFLIV-24-8-26-NCD,1120.56,1120.56,1119.96,1120.56,1120.56,1110.00,,1120.56,,,501,561380.00,4,F1,1,,,,,
2026-06-30,2026-06-30,CM,BSE,STK,940227,INE0IID07553,13PCL30,F,,,,,PCL-13%-20-3-30-NCD,1000.00,1014.00,1000.00,1014.00,1014.00,1014.00,,1014.00,,,101,101014.00,2,F1,1,,,,,
2026-06-30,2026-06-30,CM,BSE,STK,940235,INE530L07AI5,958NHFL28B,F,,,,,NHFL-9.58%-3-4-28-NCD,980.50,980.50,980.50,980.50,980.50,980.20,,980.50,,,15,14707.00,1,F1,1,,,,,
2026-06-30,2026-06-30,CM,BSE,STK,940239,INE530L07AK1,10NHFL28A,F,,,,,NHFL-10%-3-4-28-NCD,1009.80,1009.80,1009.80,1009.80,1009.80,1009.80,,1009.80,,,22,22215.00,1,F1,1,,,,,
2026-06-30,2026-06-30,CM,BSE,STK,940245,INE530L07AO3,1003NHF30,F,,,,,NHFL-10.03%-3-4-30-NCD,990.00,998.00,990.00,991.47,990.00,1000.00,,991.47,,,159,157929.00,9,F1,1,,,,,
2026-06-30,2026-06-30,CM,BSE,STK,940255,INE530L07AM7,1049NHF35,F,,,,,NHFL-10.49%-3-4-35-NCD,1015.00,1015.00,1015.00,1015.00,1015.00,1014.20,,1015.00,,,2,2030.00,1,F1,1,,,,,
2026-06-30,2026-06-30,CM,BSE,STK,940285,INE05F407DF3,MML210425,F,,,,,MML-20-4-28-NCD,1085.00,1102.80,1084.20,1084.20,1084.20,1085.00,,1084.20,,,382,416027.00,5,F1,1,,,,,
2026-06-30,2026-06-30,CM,BSE,STK,940321,INE103C07108,1025SMCGS28,F,,,,,SMCGSL-10.25%24-04-28-NCD,1000.80,1000.80,1000.80,1000.80,1000.80,1000.01,,1000.80,,,2,2001.00,1,F1,1,,,,,
2026-06-30,2026-06-30,CM,BSE,STK,940325,INE103C07082,1003SMCG30,F,,,,,SMCGSL-10.03%-24-04-30-NCD,1000.10,1000.10,1000.10,1000.10,1000.10,1001.40,,1000.10,,,10,10001.00,1,F1,1,,,,,
2026-06-30,2026-06-30,CM,BSE,STK,940339,INE532F07HL2,1004EFS30D,F,,,,,EFSL-10.04%-30-04-30-NCD,1004.00,1004.00,1004.00,1004.00,1004.00,1004.00,,1004.00,,,4,4016.00,1,F1,1,,,,,
2026-06-30,2026-06-30,CM,BSE,STK,940347,INE532F07HG2,1049EFS35F,F,,,,,EFSL-10.49%-30-04-35-NCD,1015.50,1015.50,1015.50,1015.50,1015.50,1000.50,,1015.50,,,70,71085.00,1,F1,1,,,,,
2026-06-30,2026-06-30,CM,BSE,STK,940353,INE101Q07BC5,MML130525,F,,,,,MML-12-11-26-NCD,1087.50,1087.50,1087.50,1087.50,1087.50,1000.00,,1087.50,,,30,32625.00,1,F1,1,,,,,
2026-06-30,2026-06-30,CM,BSE,STK,940361,INE101Q07BG6,1050MML30,F,,,,,MML-10.50%-12-5-30-NCD,1004.00,1004.00,1004.00,1004.00,1004.00,1003.03,,1004.00,,,4,4016.00,1,F1,1,,,,,
2026-06-30,2026-06-30,CM,BSE,STK,940363,INE101Q07BF8,1075MM30,F,,,,,MML-10.75%-12-5-30-NCD,1020.00,1020.00,1000.00,1000.00,1000.00,1007.00,,1000.00,,,81,82590.00,3,F1,1,,,,,
2026-06-30,2026-06-30,CM,BSE,STK,940369,INE01CY079T5,12ICLFL28D,F,,,,,ICLFL-12%-16-05-28-NCD,1000.00,1000.00,1000.00,1000.00,1000.00,1000.00,,1000.00,,,220,220000.00,4,F1,1,,,,,
2026-06-30,2026-06-30,CM,BSE,STK,940385,INE549K07GA1,9MFL27B,F,,,,,MFL-9%-19-5-27-NCD,985.20,996.80,985.20,996.80,996.80,996.80,,996.80,,,23,22891.00,3,F1,1,,,,,
2026-06-30,2026-06-30,CM,BSE,STK,940393,INE549K07GC7,94MFL27B,F,,,,,MFL-9.4%-19-5-27-NCD,1008.00,1008.00,1008.00,1008.00,1008.00,1008.00,,1008.00,,,25,25200.00,1,F1,1,,,,,
2026-06-30,2026-06-30,CM,BSE,STK,940395,INE549K07GE3,965MFL28A,F,,,,,MFL-9.65%-19-5-28-NCD,1019.40,1019.40,1019.40,1019.40,1019.40,1019.40,,1019.40,,,53,54028.00,1,F1,1,,,,,
2026-06-30,2026-06-30,CM,BSE,STK,940409,INE051307BQ4,105CCIL26A,F,,,,,CCIL-10.5%19-12-26-NCD,984.99,984.99,984.99,984.99,984.99,978.00,,984.99,,,2,1969.00,1,F1,1,,,,,
2026-06-30,2026-06-30,CM,BSE,STK,940433,INE530L07AY2,985NHFL30,F,,,,,NHFL-9.85%-02-07-30-NCD,960.00,960.00,960.00,960.00,960.00,821.30,,960.00,,,10,9600.00,1,F1,1,,,,,
2026-06-30,2026-06-30,CM,BSE,STK,940443,INE549K07GW5,885MFCL27,F,,,,,MFCL-8.85%-16-7-27-NCD,986.20,986.20,986.20,986.20,986.20,985.22,,986.20,,,50,49310.00,1,F1,1,,,,,
2026-06-30,2026-06-30,CM,BSE,STK,940449,INE549K07GV7,940MFCL31,F,,,,,MFCL-9.40%-16-7-31-NCD,1014.00,1014.00,1014.00,1014.00,1014.00,1000.00,,1014.00,,,20,20280.00,1,F1,1,,,,,
2026-06-30,2026-06-30,CM,BSE,STK,940451,INE549K07GU9,920MFCL27,F,,,,,MFCL-9.20%-16-7-27-NCD,1023.80,1073.80,1023.80,1073.79,1073.79,1073.80,,1073.79,,,260,274416.00,7,F1,1,,,,,
2026-06-30,2026-06-30,CM,BSE,STK,940471,INE423A07427,885AEL28,F,,,,,AEL-8.85%-17-07-28-NCD,1017.00,1017.00,1017.00,1017.00,1017.00,1018.73,,1010.07,,,82,83394.00,1,F1,1,,,,,
2026-06-30,2026-06-30,CM,BSE,STK,940473,INE423A07435,915AEL28,F,,,,,AEL-9.15%-17-07-28-NCD,1075.00,1075.00,1075.00,1075.00,1075.00,1100.00,,1090.00,,,10,10750.00,1,F1,1,,,,,
2026-06-30,2026-06-30,CM,BSE,STK,940479,INE423A07393,930AEL30,F,,,,,AEL-9.30%-17-07-30-NCD,1105.00,1105.00,1105.00,1105.00,1105.00,1105.00,,1105.00,,,16,17680.00,4,F1,1,,,,,
2026-06-30,2026-06-30,CM,BSE,STK,940489,INE532F07HM0,9EFSL27,F,,,,,EFSL-9%-24-7-27-NCD,1070.80,1070.80,1070.80,1070.80,1070.80,1055.20,,1070.80,,,57,61035.00,2,F1,1,,,,,
2026-06-30,2026-06-30,CM,BSE,STK,940501,INE532F07HX7,935EFSL28,F,,,,,EFSL-9.35%-24-7-28-NCD,989.40,989.40,989.40,989.40,989.40,999.00,,989.40,,,100,98940.00,1,F1,1,,,,,
2026-06-30,2026-06-30,CM,BSE,STK,940511,INE532F07HU3,1025EFSL30,F,,,,,EFSL-10.25%-24-7-30-NCD,1075.00,1075.00,1075.00,1075.00,1075.00,1075.00,,1075.00,,,40,43000.00,1,F1,1,,,,,
2026-06-30,2026-06-30,CM,BSE,STK,940517,INE532F07HQ1,1003EFSL35,F,,,,,EFSL-10.03%-24-7-35-NCD,1000.10,1000.10,1000.00,1000.00,1000.00,1005.00,,1000.00,,,100,100008.00,7,F1,1,,,,,
2026-06-30,2026-06-30,CM,BSE,STK,940519,INE532F07HR9,1050EFSL35,F,,,,,EFSL-10.50%-24-7-35-NCD,1051.00,1060.00,1051.00,1060.00,1060.00,1065.00,,1060.00,,,20,21110.00,2,F1,1,,,,,
2026-06-30,2026-06-30,CM,BSE,STK,940529,INE01I507AT8,10KAFL27,F,,,,,KAFL-10%-27-7-27-NCD,975.00,991.00,975.00,975.00,975.00,968.01,,975.00,,,162,158846.00,4,F1,1,,,,,
2026-06-30,2026-06-30,CM,BSE,STK,940547,INE05F407DJ5,1025MML28,F,,,,,MML-10.25%-30-7-28-NCD,996.00,996.00,996.00,996.00,996.00,1015.00,,996.00,,,21,20916.00,1,F1,1,,,,,
2026-06-30,2026-06-30,CM,BSE,STK,940551,INE05F407DL1,MML31725B,F,,,,,MML-29-10-31-NCD,1040.00,1040.00,1040.00,1040.00,1040.00,1040.00,,1040.00,,,10,10400.00,1,F1,1,,,,,
2026-06-30,2026-06-30,CM,BSE,STK,940575,INE148I07XU9,SCL0182025,F,,,,,SCL-01-08-28-NCD,1050.00,1050.00,1050.00,1050.00,1050.00,1050.00,,1050.00,,,35,36750.00,1,F1,1,,,,,
2026-06-30,2026-06-30,CM,BSE,STK,940577,INE148I07XL8,965SCL30,F,,,,,SCL-9.65%-01-08-30-NCD,1035.00,1035.00,1035.00,1035.00,1035.00,930.30,,1035.00,,,22,22770.00,1,F1,1,,,,,
2026-06-30,2026-06-30,CM,BSE,STK,940593,INE148I07XD5,945SCL32,F,,,,,SCL-9.45%-01-08-32-NCD,720.25,850.30,720.25,720.25,720.25,900.30,,855.13,,,100,76446.00,3,F1,1,,,,,
2026-06-30,2026-06-30,CM,BSE,STK,940601,INE01CYA7013,1102IFL26,F,,,,,IFL-11.02%-20-9-26-NCD,965.45,1018.00,965.45,1018.00,1018.00,985.15,,1018.00,,,174,173403.00,7,F1,1,,,,,
2026-06-30,2026-06-30,CM,BSE,STK,940609,INE01CYA7054,IFL200825,F,,,,,IFL-20-9-26-NCD,1067.21,1067.21,1067.21,1067.21,1067.21,1067.20,,1067.21,,,10,10672.00,1,F1,1,,,,,
2026-06-30,2026-06-30,CM,BSE,STK,940635,INE101Q07BK8,9MML27A,F,,,,,MML-9%-28-2-27-NCD,988.50,989.40,985.10,989.40,989.40,989.00,,989.40,,,180,178020.00,6,F1,1,,,,,
2026-06-30,2026-06-30,CM,BSE,STK,940637,INE101Q07BL6,925MML27,F,,,,,MML-9.25%-29-8-27-NCD,982.50,982.50,982.50,982.50,982.50,1015.69,,982.50,,,1,982.00,1,F1,1,,,,,
2026-06-30,2026-06-30,CM,BSE,STK,940643,INE101Q07BJ0,105MML30,F,,,,,MML-10.5%-29-8-30-NCD,1049.00,1049.00,1048.50,1048.50,1048.50,1049.00,,1048.50,,,110,115386.00,4,F1,1,,,,,
2026-06-30,2026-06-30,CM,BSE,STK,940649,INE530L07BD4,935NHFL28,F,,,,,NHFL-9.35%-10-09-28-NCD,982.50,986.00,982.00,986.00,986.00,983.00,,986.00,,,88,86446.00,3,F1,1,,,,,
2026-06-30,2026-06-30,CM,BSE,STK,940657,INE530L07BG7,1025NHFL30,F,,,,,NHFL-10.25%-10-09-30-NCD,1045.60,1045.60,1045.20,1045.42,1045.20,1045.00,,1045.42,,,45,47044.00,2,F1,1,,,,,
2026-06-30,2026-06-30,CM,BSE,STK,940659,INE530L07BH5,NHFL10925A,F,,,,,NHFL-10-09-30-NCD,1026.00,1026.00,1026.00,1026.00,1026.00,1026.00,,1026.00,,,10,10260.00,1,F1,1,,,,,
2026-06-30,2026-06-30,CM,BSE,STK,940663,INE530L07AZ9,1050NHFL35,F,,,,,NHFL-10.50%-10-09-35-NCD,1051.00,1060.00,1048.50,1052.60,1052.60,1051.68,,1052.60,,,90,94624.00,7,F1,1,,,,,
2026-06-30,2026-06-30,CM,BSE,STK,940669,INE532F07IA3,912EFSL28,F,,,,,EFSL-9.12%-7-10-28-NCD,980.55,991.80,980.50,980.50,980.50,980.50,,980.50,,,60,59157.00,4,F1,1,,,,,
2026-06-30,2026-06-30,CM,BSE,STK,940671,INE532F07IB1,950EFSL28,F,,,,,EFSL-9.50%-7-10-28-NCD,1050.00,1050.00,1050.00,1050.00,1050.00,1036.80,,1050.00,,,20,21000.00,2,F1,1,,,,,
2026-06-30,2026-06-30,CM,BSE,STK,940675,INE532F07ID7,958EFSL30,F,,,,,EFSL-9.58%-7-10-30-NCD,970.00,990.00,965.00,990.00,990.00,990.00,,990.00,,,4471,4316340.00,9,F1,1,,,,,
2026-06-30,2026-06-30,CM,BSE,STK,940677,INE532F07HY5,10EFSL30,F,,,,,EFSL-10%-7-10-30-NCD,1035.50,1035.50,1035.50,1035.50,1035.50,1028.00,,1035.50,,,160,165680.00,2,F1,1,,,,,
2026-06-30,2026-06-30,CM,BSE,STK,940691,INE180C07221,89CGCL27,F,,,,,CGCL-8.9%-13-4-27-NCD,1050.00,1050.00,1045.20,1045.20,1045.20,1040.25,,1045.20,,,102,107090.00,2,F1,1,,,,,
2026-06-30,2026-06-30,CM,BSE,STK,940705,INE0BUS07CE3,975IML27,F,,,,,IML-9.75%-30-10-27-NCD,983.97,994.00,983.97,994.00,994.00,990.00,,994.00,,,40,39659.00,2,F1,1,,,,,
2026-06-30,2026-06-30,CM,BSE,STK,940709,INE0BUS07CD5,1025IML28,F,,,,,IML-10.25%-30-10-28-NCD,985.00,985.00,985.00,985.00,985.00,1000.00,,985.00,,,21,20685.00,2,F1,1,,,,,
2026-06-30,2026-06-30,CM,BSE,STK,940713,INE0BUS07CC7,1125IML30,F,,,,,IML-11.25%-30-10-30-NCD,1007.48,1007.48,998.15,998.15,998.15,998.00,,998.15,,,257,258444.00,8,F1,1,,,,,
2026-06-30,2026-06-30,CM,BSE,STK,940715,INE0BUS07CA1,IML301025D,F,,,,,IML-30-10-31-NCD,990.00,1010.00,990.00,995.00,995.00,988.89,,995.00,,,72,72108.00,6,F1,1,,,,,
2026-06-30,2026-06-30,CM,BSE,STK,940717,INE103C07181,975SGSL27,F,,,,,SGSL-9.75%-30-10-27-NCD,1045.00,1045.00,1045.00,1045.00,1045.00,1043.00,,1045.00,,,75,78375.00,2,F1,1,,,,,
2026-06-30,2026-06-30,CM,BSE,STK,940725,INE103C07173,98SGSL30,F,,,,,SGSL-9.8%-30-10-30-NCD,1000.00,1000.00,1000.00,1000.00,1000.00,1000.00,,1000.00,,,9,9000.00,2,F1,1,,,,,
2026-06-30,2026-06-30,CM,BSE,STK,940729,INE403Q07GN1,KFL101125,F,,,,,KFL-09-05-27-NCD,1008.50,1008.50,1008.50,1008.50,1008.50,1023.80,,1008.50,,,10,10085.00,1,F1,1,,,,,
2026-06-30,2026-06-30,CM,BSE,STK,940741,INE403Q07GK7,10KFL2030,F,,,,,KFL-10%-09-11-30-NCD,980.00,980.00,968.00,975.00,975.00,968.50,,975.00,,,180,174558.00,7,F1,1,,,,,
2026-06-30,2026-06-30,CM,BSE,STK,940747,INE051307BY8,1090CCIL27,F,,,,,CCIL-10.90%-10-11-27-NCD,975.00,975.00,975.00,975.00,975.00,960.00,,975.00,,,10,9750.00,1,F1,1,,,,,
2026-06-30,2026-06-30,CM,BSE,STK,940751,INE051307CA6,12CCIL30,F,,,,,CCIL-12%-9-11-30-NCD,995.00,995.00,995.00,995.00,995.00,1000.00,,995.00,,,50,49750.00,1,F1,1,,,,,
2026-06-30,2026-06-30,CM,BSE,STK,940753,INE051307CB4,CCIL101125,F,,,,,CCIL-11-11-26-NCD,1029.00,1029.00,1029.00,1029.00,1029.00,1071.00,,1029.00,,,90,92610.00,5,F1,1,,,,,
2026-06-30,2026-06-30,CM,BSE,STK,940761,INE01CYA7203,11ICLFL27,F,,,,,ICLFL-11%-02-12-27-NCD,990.00,990.00,990.00,990.00,990.00,990.00,,990.00,,,50,49500.00,1,F1,1,,,,,
2026-06-30,2026-06-30,CM,BSE,STK,940777,INE01CYA7138,ICL021225,F,,,,,ICLFL-02-10-31-NCD,820.02,820.02,820.02,820.02,820.02,820.00,,820.02,,,10,8200.00,1,F1,1,,,,,
2026-06-30,2026-06-30,CM,BSE,STK,940785,INE532F07IQ9,940EFSL28,F,,,,,EFSL-9.40%-12-12-28-NCD,1030.00,1041.00,1030.00,1041.00,1041.00,1014.05,,1041.00,,,160,165911.00,2,F1,1,,,,,
2026-06-30,2026-06-30,CM,BSE,STK,940795,INE532F07IJ4,967EFSL35,F,,,,,EFSL-9.67-12-12-35-NCD,999.00,999.00,999.00,999.00,999.00,999.99,,999.00,,,50,49950.00,1,F1,1,,,,,
2026-06-30,2026-06-30,CM,BSE,STK,940805,INE01I507BB4,10KAFL27A,F,,,,,KAFL-10%-16-12-27-NCD,980.00,980.00,980.00,980.00,980.00,981.00,,980.00,,,54,52920.00,3,F1,1,,,,,
2026-06-30,2026-06-30,CM,BSE,STK,940809,INE01I507BD0,1025KAF028,F,,,,,KAFL-10.25%-16-12-28-NCD,964.00,964.00,964.00,964.00,964.00,960.00,,964.00,,,1,964.00,1,F1,1,,,,,
2026-06-30,2026-06-30,CM,BSE,STK,940819,INE05F407DM9,MML191225,F,,,,,MML-23-1-27-NCD,1035.80,1035.80,1035.80,1035.80,1035.80,1030.00,,1035.80,,,180,186444.00,1,F1,1,,,,,
2026-06-30,2026-06-30,CM,BSE,STK,940841,INE0IID07769,13PCL30A,F,,,,,PCL-13%-29-12-30-NCD,996.00,996.00,996.00,996.00,996.00,995.10,,996.00,,,10,9960.00,1,F1,1,,,,,
2026-06-30,2026-06-30,CM,BSE,STK,940843,INE423A07484,860AEL28,F,,,,,AEL-8.60%-12-1-28-NCD,1044.00,1044.00,1010.00,1010.00,1010.00,1044.00,,1029.50,,,7,7104.00,2,F1,1,,,,,
2026-06-30,2026-06-30,CM,BSE,STK,940855,INE423A07526,890AEL31,F,,,,,AEL-8.90%-12-1-31-NCD,1036.00,1036.00,1036.00,1036.00,1036.00,1036.08,,1040.00,,,29,30044.00,2,F1,1,,,,,
2026-06-30,2026-06-30,CM,BSE,STK,940872,INE549K07HI2,91MFL32,F,,,,,MFL-9.1%-12-2-32-NCD,963.01,963.01,963.01,963.01,963.01,963.00,,963.01,,,10,9630.00,1,F1,1,,,,,
2026-06-30,2026-06-30,CM,BSE,STK,940874,INE549K07HP7,MFL120226,F,,,,,MFL-12-2-28-NCD,1002.10,1002.10,1000.00,1000.00,1000.00,1000.00,,1000.00,,,60,60094.00,3,F1,1,,,,,
2026-06-30,2026-06-30,CM,BSE,STK,940886,INE403Q07GU6,9KFL2029,F,,,,,KFL-9%-19-2-29-NCD,976.00,976.00,964.25,971.37,973.00,964.09,,971.37,,,115,111699.00,15,F1,1,,,,,
2026-06-30,2026-06-30,CM,BSE,STK,940894,INE403Q07GS0,10KFL2031,F,,,,,KFL-10%-19-2-31-NCD,1007.98,1007.98,990.00,990.00,990.00,1007.99,,990.00,,,12,11915.00,3,F1,1,,,,,
2026-06-30,2026-06-30,CM,BSE,STK,940898,INE01CYA7245,10ICLFL27,F,,,,,ICLFL-10%-23-03-27-NCD,953.01,953.01,953.01,953.01,953.01,989.00,,953.01,,,20,19060.00,1,F1,1,,,,,
2026-06-30,2026-06-30,CM,BSE,STK,940900,INE01CYA7252,1050ICLF28,F,,,,,ICLFL-10.50-23-02-28-NCD,999.00,999.00,999.00,999.00,999.00,960.00,,999.00,,,10,9990.00,1,F1,1,,,,,
2026-06-30,2026-06-30,CM,BSE,STK,940902,INE01CYA7260,11ICLFL29,F,,,,,ICLFL-11%-23-02-29--NCD,980.00,980.00,980.00,980.00,980.00,980.00,,980.00,,,88,86240.00,1,F1,1,,,,,
2026-06-30,2026-06-30,CM,BSE,STK,940910,INE01CYA7294,ICLF23226,F,,,,,ICLFL-ZC-23-02-29-NCD,950.00,950.00,950.00,950.00,950.00,950.00,,950.00,,,1,950.00,1,F1,1,,,,,
2026-06-30,2026-06-30,CM,BSE,STK,940915,INE01CYA7237,ICL230226,F,,,,,ICLFL-23-02-32-NCD,874.00,879.00,821.01,879.00,879.00,875.00,,879.00,,,172,146453.00,15,F1,1,,,,,
2026-06-30,2026-06-30,CM,BSE,STK,940917,INE579F24099,805NMC29,F,,,,,NMC-8.05%-05-03-29-MBGB,125.00,125.00,123.00,123.00,123.00,125.00,,123.00,,,49,6031.00,2,F1,1,,,,,
2026-06-30,2026-06-30,CM,BSE,STK,940933,INE530B07658,837IIFL28,F,,,,,IIFL-8.37%-6-3-28-NCD,988.50,988.50,988.50,988.50,988.50,980.21,,984.85,,,8,7908.00,1,F1,1,,,,,
2026-06-30,2026-06-30,CM,BSE,STK,940935,INE530B07591,852IIFL29,F,,,,,IIFL-8.52%-6-3-29-NCD,990.00,990.00,990.00,990.00,990.00,0.00,,990.00,,,10,9900.00,1,F1,1,,,,,
2026-06-30,2026-06-30,CM,BSE,STK,940939,INE530B07617,870IIFL28,F,,,,,IIFL-8.70%-6-3-28-NCD,1003.00,1003.00,1003.00,1003.00,1003.00,1003.00,,1003.00,,,14,14042.00,1,F1,1,,,,,
2026-06-30,2026-06-30,CM,BSE,STK,940945,INE530B07583,IIFL060326,F,,,,,IIFL-06-03-28-NCD,997.13,997.13,997.00,997.00,997.00,990.00,,997.00,,,30,29911.00,2,F1,1,,,,,
2026-06-30,2026-06-30,CM,BSE,STK,940949,INE530B07641,IIFL06326,F,,,,,IIFL-6-3-31-NCD,971.00,971.00,929.00,929.00,929.00,970.00,,967.75,,,122,116153.00,6,F1,1,,,,,
2026-06-30,2026-06-30,CM,BSE,STK,940951,INE0IID07793,125PCL29,F,,,,,PCL-12.5%-16-3-29-NCD,980.00,995.00,970.20,995.00,995.00,990.00,,995.00,,,42,41591.00,3,F1,1,,,,,
2026-06-30,2026-06-30,CM,BSE,STK,940955,INE0IID07785,13PCL31,F,,,,,PCL-13%-16-3-31-NCD,999.00,1000.00,990.01,990.01,990.01,987.30,,990.01,,,258,256867.00,13,F1,1,,,,,
2026-06-30,2026-06-30,CM,BSE,STK,940957,INE051307CJ7,1025CCIL27,F,,,,,CCIL-10.25%-18-09-27-NCD,958.00,958.00,958.00,958.00,958.00,956.00,,958.00,,,33,31614.00,1,F1,1,,,,,
2026-06-30,2026-06-30,CM,BSE,STK,940963,INE051307CF5,12CCIL31,F,,,,,CCIL-12%-18-04-31-NCD,1010.00,1010.00,1010.00,1010.00,1010.00,1010.00,,1010.00,,,50,50500.00,1,F1,1,,,,,
2026-06-30,2026-06-30,CM,BSE,STK,940973,INE532F07JC7,EFSL180326,F,,,,,EFSL-18-3-28-NCD,1019.99,1019.99,996.10,996.10,996.10,994.00,,996.10,,,12,12000.00,2,F1,1,,,,,
2026-06-30,2026-06-30,CM,BSE,STK,940975,INE532F07IY3,880EFSL29,F,,,,,EFSL-8.80%-18-3-29-NCD,975.00,975.00,975.00,975.00,975.00,963.06,,975.00,,,11,10725.00,1,F1,1,,,,,
2026-06-30,2026-06-30,CM,BSE,STK,940981,INE532F07IV9,921EFSL31,F,,,,,EFSL-18-3-31-NCD,972.00,972.00,972.00,972.00,972.00,974.96,,972.00,,,30,29160.00,2,F1,1,,,,,
2026-06-30,2026-06-30,CM,BSE,STK,940985,INE532F07IX5,EFSL180326B,F,,,,,EFSL-18-3-31-NCD,990.00,990.00,990.00,990.00,990.00,980.00,,990.00,,,3,2970.00,1,F1,1,,,,,
2026-06-30,2026-06-30,CM,BSE,STK,940987,INE532F07JA1,958EFSL36,F,,,,,EFSL-9.58%-18-3-36-NCD,965.05,990.00,965.05,984.30,970.05,975.02,,984.30,,,55,53751.00,3,F1,1,,,,,
2026-06-30,2026-06-30,CM,BSE,STK,940991,INE549K07HR3,837MFL28A,F,,,,,MFL-8.37%-25-3-28-NCD,979.50,980.00,978.00,978.00,978.00,979.50,,978.00,,,91,89079.00,3,F1,1,,,,,
2026-06-30,2026-06-30,CM,BSE,STK,940995,INE549K07IC3,865MFL31A,F,,,,,MFL-8.65%-25-3-31-NCD,960.00,960.00,960.00,960.00,960.00,960.00,,960.00,,,29,27840.00,1,F1,1,,,,,
2026-06-30,2026-06-30,CM,BSE,STK,940997,INE549K07IB5,875MFL32A,F,,,,,MFL-8.75%-25-3-32-NCD,977.00,977.00,977.00,977.00,977.00,977.00,,977.00,,,10,9770.00,1,F1,1,,,,,
2026-06-30,2026-06-30,CM,BSE,STK,941007,INE549K07HW3,MFL250326,F,,,,,MFL-25-3-28-NCD,993.00,995.00,993.00,995.00,995.00,990.00,,995.00,,,20,19880.00,2,F1,1,,,,,
2026-06-30,2026-06-30,CM,BSE,STK,941009,INE549K07HT9,MFL250326A,F,,,,,MFL-25-3-29-NCD,980.00,980.00,980.00,980.00,980.00,985.00,,980.00,,,10,9800.00,1,F1,1,,,,,
2026-06-30,2026-06-30,CM,BSE,STK,941013,INE549K07HU7,MFL250326C,F,,,,,MFL-25-3-32-NCD,952.80,980.00,952.80,980.00,980.00,953.00,,980.00,,,350,341407.00,7,F1,1,,,,,
2026-06-30,2026-06-30,CM,BSE,STK,941015,INE01CYA7369,10ICLFL027,F,,,,,ICLFL-10%-28-05-27-NCD,963.00,963.00,957.05,960.00,960.00,958.00,,960.00,,,164,157372.00,16,F1,1,,,,,
2026-06-30,2026-06-30,CM,BSE,STK,941023,INE01CYA7401,ICLFL28426,F,,,,,ICLFL-ZC-28-05-27-NCD,975.10,975.10,975.10,975.10,975.10,971.56,,975.10,,,10,9751.00,1,F1,1,,,,,
2026-06-30,2026-06-30,CM,BSE,STK,941033,INE01CYA7336,ICLF28426,F,,,,,ICLFL-ZC-28-04-32-NCD,890.82,890.82,890.82,890.82,890.82,909.00,,890.82,,,20,17816.00,2,F1,1,,,,,
2026-06-30,2026-06-30,CM,BSE,STK,941035,INE180C07288,9CGCL028,F,,,,,CGCL-9%-30-4-28-NCD,995.00,1005.00,982.10,1005.00,1005.00,988.38,,1005.00,,,113,112191.00,11,F1,1,,,,,
2026-06-30,2026-06-30,CM,BSE,STK,941037,INE180C07304,880CGCL29,F,,,,,CGCL-8.80%-30-4-29-NCD,990.00,990.00,988.00,988.00,988.00,990.00,,988.00,,,105,103940.00,8,F1,1,,,,,
2026-06-30,2026-06-30,CM,BSE,STK,941039,INE180C07320,915CGCL29,F,,,,,CGCL-9.15%-30-4-29-NCD,1009.00,1009.00,1000.10,1000.10,1000.10,994.00,,1000.10,,,31,31270.00,2,F1,1,,,,,
2026-06-30,2026-06-30,CM,BSE,STK,941043,INE180C07338,930CGCL31,F,,,,,CGCL-9.30%-30-4-31-NCD,999.00,1010.00,999.00,1010.00,1010.00,1001.52,,1010.00,,,85,85120.00,6,F1,1,,,,,
2026-06-30,2026-06-30,CM,BSE,STK,941045,INE180C07312,950CGCL36,F,,,,,CGCL-9.50%-30-4-36-NCD,1003.00,1003.00,1003.00,1003.00,1003.00,996.50,,1003.00,,,10,10030.00,1,F1,1,,,,,
2026-06-30,2026-06-30,CM,BSE,STK,941047,INE549K07IE9,851MFL28,F,,,,,MFL-8.51%-12-5-28-NCD,983.00,990.00,975.34,977.20,977.20,984.00,,977.20,,,454,445837.00,11,F1,1,,,,,
2026-06-30,2026-06-30,CM,BSE,STK,941055,INE549K07II0,885MFL28A,F,,,,,MFL-8.85%-12-5-28-NCD,981.00,998.00,980.20,998.00,998.00,977.00,,998.00,,,115,113720.00,7,F1,1,,,,,
2026-06-30,2026-06-30,CM,BSE,STK,941061,INE549K07IL4,925MFL32,F,,,,,MFL-9.25%-12-5-32-NCD,999.00,999.00,998.00,998.00,998.00,999.99,,998.00,,,30,29950.00,2,F1,1,,,,,
2026-06-30,2026-06-30,CM,BSE,STK,941063,INE549K07IM2,MFL120526,F,,,,,MFL-12-5-28-NCD,988.70,988.70,986.00,986.00,986.00,981.00,,986.00,,,255,251983.00,2,F1,1,,,,,
2026-06-30,2026-06-30,CM,BSE,STK,941065,INE549K07IN0,MFL12526,F,,,,,MFL-12-5-29-NCD,975.00,975.00,975.00,975.00,975.00,975.00,,975.00,,,10,9750.00,1,F1,1,,,,,
2026-06-30,2026-06-30,CM,BSE,STK,941067,INE549K07IO8,MFL12526A,F,,,,,MFL-12-5-31-NCD,970.00,970.00,970.00,970.00,970.00,960.00,,970.00,,,3,2910.00,2,F1,1,,,,,
2026-06-30,2026-06-30,CM,BSE,STK,941069,INE549K07ID1,MFL12526B,F,,,,,MFL-12-5-32-NCD,970.00,970.00,970.00,970.00,970.00,961.10,,970.00,,,100,97000.00,1,F1,1,,,,,
2026-06-30,2026-06-30,CM,BSE,STK,941071,INE403Q07GY8,KFL27526,F,,,,,KFL-27-05-28-NCD,940.00,940.00,940.00,940.00,940.00,835.00,,940.00,,,1,940.00,1,F1,1,,,,,
2026-06-30,2026-06-30,CM,BSE,STK,941075,INE403Q07HB4,925KFL29,F,,,,,KFL-9.25%-27-05-29-NCD,983.00,983.00,980.00,980.00,980.00,975.00,,980.00,,,131,128473.00,4,F1,1,,,,,
2026-06-30,2026-06-30,CM,BSE,STK,941091,INE05F407DY4,1075MM28,F,,,,,MML-10.75%-12-6-28-NCD,1010.00,1010.00,1010.00,1010.00,1010.00,1010.00,,1010.00,,,1,1010.00,1,F1,1,,,,,
2026-06-30,2026-06-30,CM,BSE,STK,941099,INE05F407EB0,MML120626C,F,,,,,MML-12-7-32-NCD,951.00,951.00,951.00,951.00,951.00,955.00,,951.00,,,10,9510.00,1,F1,1,,,,,
2026-06-30,2026-06-30,CM,BSE,STK,941105,INE532F07JM6,880EFSL029,F,,,,,EFSL-8.80%-16-6-29-NCD,1011.00,1011.00,1011.00,1011.00,1011.00,1001.00,,1011.00,,,39,39429.00,2,F1,1,,,,,
2026-06-30,2026-06-30,CM,BSE,STK,941117,INE532F07JL8,958EFSL036,F,,,,,EFSL-9.58%-16-6-36-NCD,1000.00,1000.00,1000.00,1000.00,1000.00,995.00,,1000.00,,,10,10000.00,1,F1,1,,,,,
2026-06-30,2026-06-30,CM,BSE,STK,941119,INE532F07JF0,10EFSL036,F,,,,,EFSL-10%-16-6-36-NCD,1004.99,1004.99,1004.99,1004.99,1004.99,1004.99,,1004.99,,,2,2009.00,1,F1,1,,,,,
2026-06-30,2026-06-30,CM,BSE,STK,941121,INE0IID07801,1225PCL29,F,,,,,PCL-12.25%-22-6-29-NCD,990.00,990.00,972.00,972.00,972.00,990.00,,972.00,,,81,78927.00,6,F1,1,,,,,
2026-06-30,2026-06-30,CM,BSE,STK,941125,INE0IID07827,1275PCL31,F,,,,,PCL-12.75%-22-6-31-NCD,1003.49,1003.49,978.00,978.00,978.00,1004.25,,978.00,,,10010,10044680.00,2,F1,1,,,,,
2026-06-30,2026-06-30,CM,BSE,STK,957809,INE540P07343,1015UPPC27,F,,,,,UPPCL-10.15%-20-1-27-PVT,768000.00,768000.00,768000.00,768000.00,768000.00,766800.00,,768000.00,,,1,768000.00,1,F1,1,,,,,
2026-06-30,2026-06-30,CM,BSE,STK,958025,INE00WJ08019,JFCZC28,F,,,,,JFC-ZC-27-6-28-PVT,10000000.00,10000000.00,10000000.00,10000000.00,10000000.00,10020000.00,,10000000.00,,,1,10000000.00,1,F1,1,,,,,
2026-06-30,2026-06-30,CM,BSE,STK,961734,INE031A07840,82HUDCO27,F,,,,,HUDCO050327,1037.10,1043.99,1037.10,1043.99,1043.99,1044.98,,1037.45,,,51,52898.00,4,F1,1,,,,,
2026-06-30,2026-06-30,CM,BSE,STK,961754,INE787H07156,740IIFCL33,F,,,,,740IIFCL33,1145.00,1145.00,1140.46,1140.46,1140.46,1125.00,,1140.46,,,1000,1140499.00,5,F1,1,,,,,
2026-06-30,2026-06-30,CM,BSE,STK,961779,INE020B07HS2,871REC28,F,,,,,871REC28,1115.99,1115.99,1115.99,1115.99,1115.99,1112.00,,1115.99,,,10,11159.00,1,F1,1,,,,,
2026-06-30,2026-06-30,CM,BSE,STK,961785,INE031A07949,876HUDCO28,F,,,,,876HUDCO28,1128.00,1128.00,1128.00,1128.00,1128.00,1119.11,,1125.40,,,25,28200.00,1,F1,1,,,,,
2026-06-30,2026-06-30,CM,BSE,STK,961809,INE733E07JI1,873NTPC28,F,,,,,873NTPC28,1108.70,1108.70,1108.70,1108.70,1108.70,1120.99,,1108.86,,,75,83152.00,1,F1,1,,,,,
2026-06-30,2026-06-30,CM,BSE,STK,961826,INE906B07DF8,875NHAI29,F,,,,,NHAI-8.75%-5-2-29-NCD,1101.10,1101.10,1101.10,1101.10,1101.10,1101.00,,1102.99,,,10,11011.00,1,F1,1,,,,,
2026-06-30,2026-06-30,CM,BSE,STK,961839,INE202E07138,880IREDA29,F,,,,,IREDA-8.80%-13-03-29-BOND,1129.00,1129.00,1129.00,1129.00,1129.00,1125.67,,1129.00,,,1,1129.00,1,F1,1,,,,,
2026-06-30,2026-06-30,CM,BSE,STK,961851,INE363O07095,900KPL29,F,,,,,KPL-9%-25-3-29-TFBOND,1111.49,1111.49,1111.49,1111.49,1111.49,1111.49,,1111.49,,,100,111149.00,1,F1,1,,,,,
2026-06-30,2026-06-30,CM,BSE,STK,961853,INE363O07103,900KPL34,F,,,,,KPL-9%-25-3-34-TFBOND,1239.95,1239.95,1239.95,1239.95,1239.95,1239.95,,1239.95,,,100,123995.00,1,F1,1,,,,,
2026-06-30,2026-06-30,CM,BSE,STK,961885,INE053F07744,888IRFC29,F,,,,,IRFC-8.88%-19-03-2029-BOND,1117.00,1117.00,1117.00,1117.00,1117.00,1118.00,,1112.50,,,26,29042.00,2,F1,1,,,,,
2026-06-30,2026-06-30,CM,BSE,STK,961895,INE787H07420,880IIFCL29,F,,,,,IIFCL-8.8%-27-3-29-TFBOND,1100.01,1100.01,1100.00,1100.00,1100.00,1100.25,,1100.00,,,150,165000.00,3,F1,1,,,,,
2026-06-30,2026-06-30,CM,BSE,STK,961910,INE733E07JW2,762NTPC35F,F,,,,,NTPC-7.62%-3B-5-10-35-BOND,1202.01,1202.01,1202.01,1202.01,1202.01,1205.00,,1204.00,,,47,56494.00,1,F1,1,,,,,
2026-06-30,2026-06-30,CM,BSE,STK,972655,INE039A09NM1,1075IFCI26,F,,,,,IFCI-SR-I-10.75%-1-8-26-PVT,45074.50,45074.50,45000.00,45000.00,45000.00,44900.00,,45000.00,,,20,900745.00,2,F1,10,,,,,
2026-06-30,2026-06-30,CM,BSE,STK,972657,INE039A09NL3,1075IFC26A,F,,,,,IFCI-D-10.75%-01-08-26-PVT,10915.05,10915.05,10900.00,10907.87,10905.00,10916.00,,10907.87,,,680,7417102.00,12,F1,10,,,,,
2026-06-30,2026-06-30,CM,BSE,STK,972721,INE039A09OW8,872IFCI27,F,,,,,IFCI-8.72%-V-31-3-27-C-PVT,15559.00,15815.00,15559.00,15791.00,15791.00,15559.30,,15791.00,,,6,94074.00,5,F1,1,,,,,
2026-06-30,2026-06-30,CM,BSE,STK,972893,INE560K07110,915PIFS27A,F,,,,,PTCIFS-9.15%-30-3-27-PVT,17300.00,17300.00,17300.00,17300.00,17300.00,17300.00,,17300.00,,,10,173000.00,1,F1,1,,,,,
2026-06-30,2026-06-30,CM,BSE,STK,973027,INE601U08192,955TCAPERA,F,,,,,TCAP-9.55%-PERP,1055150.00,1055150.00,1055150.00,1055150.00,1055150.00,1070000.00,,1055150.00,,,2,2110300.00,1,F1,1,,,,,
2026-06-30,2026-06-30,CM,BSE,STK,973491,INE516Y07444,675PFL31,F,,,,,PFL-6.75%-26-9-31-PVT,742.75,742.75,739.00,739.99,740.00,738.08,,739.99,,,1921,1421022.00,9,F1,1,,,,,
2026-06-30,2026-06-30,CM,BSE,STK,973881,INE540P07426,97UPPCL31,F,,,,,UPCL-9.7%-31-3-31-PVT,1054000.00,1054000.00,1051000.00,1051000.00,1051000.00,1049899.97,,1051000.00,,,2,2105000.00,2,F1,1,,,,,
2026-06-30,2026-06-30,CM,BSE,STK,974370,INE860H07ID8,812ABCL32A,F,,,,,ABCL-8.12%-18-11-32-PVT,1000000.00,1000000.00,1000000.00,1000000.00,1000000.00,1000000.00,,1000000.00,,,1,1000000.00,1,F1,1,,,,,
2026-06-30,2026-06-30,CM,BSE,STK,974634,INE468N07615,EELZC27,F,,,,,EEL-ZC-26-2-27-PVT,139240.00,139541.00,136500.00,136500.00,136500.00,139040.00,,136500.00,,,15,2067656.00,5,F1,1,,,,,
2026-06-30,2026-06-30,CM,BSE,STK,974999,INE836K07056,EFCL280723,F,,,,,EFCL-8-4-27-PVT,133930.00,133930.00,133930.00,133930.00,133930.00,133000.00,,133930.00,,,1,133930.00,1,F1,1,,,,,
2026-06-30,2026-06-30,CM,BSE,STK,975107,INE420C07049,995PDL26,F,,,,,PDL-9.95%-26-9-26-PVT,99500.00,99500.00,99500.00,99500.00,99500.00,99500.00,,99500.00,,,1,99500.00,1,F1,1,,,,,
2026-06-30,2026-06-30,CM,BSE,STK,975118,INE140R08080,1055SML26,F,,,,,SML-10.55%-30-9-26,99000.00,99000.00,99000.00,99000.00,99000.00,99000.00,,99000.00,,,1,99000.00,1,F1,1,,,,,
2026-06-30,2026-06-30,CM,BSE,STK,975223,INE605Y07130,990AUXI26,F,,,,,AFPL-9.90%-29-11-26-PVT,100451.00,100451.00,100451.00,100451.00,100451.00,100000.00,,100451.00,,,4,401804.00,4,F1,1,,,,,
2026-06-30,2026-06-30,CM,BSE,STK,975251,INE420C07064,995PDL33,F,,,,,PDL-9.95%-15-12-33-PVT,100100.00,100100.00,100100.00,100100.00,100100.00,100100.00,,100100.00,,,2,200200.00,1,F1,1,,,,,
2026-06-30,2026-06-30,CM,BSE,STK,975257,INE605Y07148,990AUXI26A,F,,,,,AFPL-9.90%18-12--26-PVT,105100.22,105100.22,105100.22,105100.22,105100.22,104592.38,,105100.22,,,1,105100.00,1,F1,1,,,,,
2026-06-30,2026-06-30,CM,BSE,STK,975263,INE756I08256,840HDBFS33,F,,,,,HDBFSL-22-12-33-PVT,100628.58,100628.58,100628.58,100628.58,100628.58,100628.58,,100628.58,,,20,2012571.00,1,F1,1,,,,,
2026-06-30,2026-06-30,CM,BSE,STK,975270,INE658F08102,895KIIFB30,F,,,,,KIIFB-8.95%-20-12-30-PVT,99900.00,99900.00,99900.00,99900.00,99900.00,99714.10,,99900.00,,,1,99900.00,1,F1,1,,,,,
2026-06-30,2026-06-30,CM,BSE,STK,975282,INE296G07135,10MCSL26,F,,,,,MCSL-10%-28-12-26-PVT,99999.00,99999.00,99999.00,99999.00,99999.00,99910.19,,99999.00,,,1,99999.00,1,F1,1,,,,,
2026-06-30,2026-06-30,CM,BSE,STK,975329,INE420C07080,995PDL34,F,,,,,PDL-9.95%-17-1-34-PVT,101000.00,101000.00,101000.00,101000.00,101000.00,101000.00,,101000.00,,,1,101000.00,1,F1,1,,,,,
2026-06-30,2026-06-30,CM,BSE,STK,975375,INE982X08109,1385SML29,F,,,,,SML-13.85%-12-7-29-PVT,95488.00,95500.00,95300.00,95300.00,95300.00,95195.00,,95300.00,,,8,763377.00,6,F1,1,,,,,
2026-06-30,2026-06-30,CM,BSE,STK,975437,INE420C07098,995PDL34A,F,,,,,PDL-9.95%-24-2-34-PVT,100900.00,100900.00,100900.00,100900.00,100900.00,100000.00,,100900.00,,,1,100900.00,1,F1,1,,,,,
2026-06-30,2026-06-30,CM,BSE,STK,975520,INE818W08115,1110ESFB31,F,,,,,ESAF-11.10%-20-4-31-PVT,99200.55,99200.55,99200.55,99200.55,99200.55,102495.00,,99200.55,,,1,99200.00,1,F1,1,,,,,
2026-06-30,2026-06-30,CM,BSE,STK,975571,INE468N07BC5,EEL280324,F,,,,,EEL-27-01-27-PVT,111014.00,133210.00,111014.00,133210.00,133210.00,134110.00,,133210.00,,,2,244224.00,2,F1,1,,,,,
2026-06-30,2026-06-30,CM,BSE,STK,975572,INE468N07BD3,EEL280324A,F,,,,,EEL-26-11-27-PVT,139900.00,142118.00,110000.00,142118.00,142118.00,121000.00,,142118.00,,,3,392018.00,3,F1,1,,,,,
2026-06-30,2026-06-30,CM,BSE,STK,975640,INE420C07114,995PDL29,F,,,,,PDL-9.95%-3-5-29-PVT,101000.00,101000.00,101000.00,101000.00,101000.00,101391.00,,101000.00,,,9,909000.00,1,F1,1,,,,,
2026-06-30,2026-06-30,CM,BSE,STK,975903,INE468N07BJ0,EEL130826,F,,,,,EEL-13-8-26-PVT,119074.00,119106.68,117100.01,119106.68,119106.68,119103.46,,119106.68,,,1043,124213706.00,50,F1,1,,,,,
2026-06-30,2026-06-30,CM,BSE,STK,975905,INE468N07BI2,EEL130827,F,,,,,EEL-13-8-27-PVT,119618.00,119618.00,119618.00,119618.00,119618.00,121850.00,,119618.00,,,1,119618.00,1,F1,1,,,,,
2026-06-30,2026-06-30,CM,BSE,STK,976020,INE0Z4807015,0CIPL28,F,,,,,CIPL-ZC-17-3-28-PVT,129291.00,129291.00,129291.00,129291.00,129291.00,129000.00,,129291.00,,,1,129291.00,1,F1,1,,,,,
2026-06-30,2026-06-30,CM,BSE,STK,976036,INE549K08509,1045MFL32,F,,,,,MFL-10.45%-24-12-32-PVT,10100.00,10100.00,10100.00,10100.00,10100.00,10100.00,,10100.00,,,140,1414000.00,5,F1,1,,,,,
2026-06-30,2026-06-30,CM,BSE,STK,976048,INE179P07548,11DKGF26,F,,,,,DKGFSPL-11%-27-12-26-PVT,2246.20,2246.20,2246.20,2246.20,2246.20,1872.00,,2246.20,,,1,2246.00,1,F1,1,,,,,
2026-06-30,2026-06-30,CM,BSE,STK,976089,INE658F08250,949KIIFB33,F,,,,,KIIFB-9.49%-8-10-33-PVT,101050.03,101100.00,101000.35,101011.00,101011.00,103000.00,,101011.00,,,20,2020272.00,9,F1,1,,,,,
2026-06-30,2026-06-30,CM,BSE,STK,976248,INE138I08091,0MSFL026,F,,,,,MSFL-ZC-18-12-26-PVT,115500.00,115500.00,115500.00,115500.00,115500.00,115500.00,,115500.00,,,1,115500.00,1,F1,1,,,,,
2026-06-30,2026-06-30,CM,BSE,STK,976275,INE01HV07528,1011VCL26,F,,,,,VCL-10.11%-23-12-26,9965.00,9965.00,9800.00,9800.00,9800.00,10169.72,,9800.00,,,3,29565.00,2,F1,1,,,,,
2026-06-30,2026-06-30,CM,BSE,STK,976292,INE658F08326,942KIIFB33,F,,,,,KIIFB-9.4%-30-12-33-PVT,102500.00,103200.00,102500.00,103200.00,103200.00,101000.00,,103200.00,,,3,308900.00,3,F1,1,,,,,
2026-06-30,2026-06-30,CM,BSE,STK,976293,INE658F08318,942KIIFB34,F,,,,,KIIFB-9.4%-30-12-34-PVT,102981.71,102981.71,102981.71,102981.71,102981.71,100421.05,,102981.71,,,29,2986469.00,2,F1,1,,,,,
2026-06-30,2026-06-30,CM,BSE,STK,976325,INE342T07544,1075NFL27,F,,,,,NFL-10.75%-31-12-27-PVT,9998.00,10100.00,9955.01,9985.86,9986.00,9998.99,,9985.86,,,89,889106.00,38,F1,1,,,,,
2026-06-30,2026-06-30,CM,BSE,STK,976339,INE939X07168,115MFL26,F,,,,,MFL-11.50%-20-7-26-PVT,10000.00,10000.00,10000.00,10000.00,10000.00,9951.00,,10000.00,,,2,20000.00,1,F1,1,,,,,
2026-06-30,2026-06-30,CM,BSE,STK,976345,INE07HK07791,1095KSL26,F,,,,,KSL-10.95%-23-7-26-PVT,49900.00,49900.00,49900.00,49900.00,49900.00,49900.00,,49900.00,,,1,49900.00,1,F1,1,,,,,
2026-06-30,2026-06-30,CM,BSE,STK,976346,INE0NES07154,1130KFL27,F,,,,,KFL-11.30%-23-1-27-PVT,91118.00,109878.00,91118.00,109878.00,109878.00,110880.00,,109878.00,,,2,200996.00,2,F1,1,,,,,
2026-06-30,2026-06-30,CM,BSE,STK,976377,INE468N07BM4,EEL310125,F,,,,,EEL-DISC-31-1-28-PVT,114394.00,114394.00,114394.00,114394.00,114394.00,113150.00,,114394.00,,,1,114394.00,1,F1,1,,,,,
2026-06-30,2026-06-30,CM,BSE,STK,976392,INE583D07547,1002UCL26,F,,,,,UCL-10.02%-7-8-26-PVT,9969.00,9969.00,9969.00,9969.00,9969.00,9969.00,,9969.00,,,1,9969.00,1,F1,1,,,,,
2026-06-30,2026-06-30,CM,BSE,STK,976411,INE08XP07282,12ACAPL28,F,,,,,ACAPL-12%-14-8-28-PVT,97520.00,97520.00,97520.00,97520.00,97520.00,97520.03,,97520.00,,,1,97520.00,1,F1,1,,,,,
2026-06-30,2026-06-30,CM,BSE,STK,976421,INE04VS07362,975OFS27,F,,,,,OFSL-9.75%-18-2-27-PVT,10050.00,10050.00,10050.00,10050.00,10050.00,9901.00,,10050.00,,,2,20100.00,1,F1,1,,,,,
2026-06-30,2026-06-30,CM,BSE,STK,976423,INE0BUS07BN6,11IML026,F,,,,,IML-11%-18-8-26-PVT,10021.00,10036.98,10021.00,10036.98,10036.98,10009.54,,10036.98,,,20,200579.00,3,F1,1,,,,,
2026-06-30,2026-06-30,CM,BSE,STK,976437,INE342T07569,1060NFL27,F,,,,,NFL-10.60%-21-5-27-PVT,10008.47,10040.00,9995.01,10003.50,10003.50,10001.60,,10003.50,,,55,550622.00,11,F1,1,,,,,
2026-06-30,2026-06-30,CM,BSE,STK,976535,INE836K07221,EFCL25325,F,,,,,EFCL-21-04-28-PVT,109000.00,109000.00,109000.00,109000.00,109000.00,109000.00,,109000.00,,,1,109000.00,1,F1,1,,,,,
2026-06-30,2026-06-30,CM,BSE,STK,976560,INE385W07042,10DCAL27,F,,,,,DCAL-10%-26-03-27-PVT,100090.00,100090.00,100090.00,100090.00,100090.00,98786.00,,100090.00,,,3,300270.00,1,F1,1,,,,,
2026-06-30,2026-06-30,CM,BSE,STK,976660,INE08XP07308,985ACAP26,F,,,,,ACAPL-9.85%-30-10-26-PVT,9910.55,9910.55,9910.55,9910.55,9910.55,9856.00,,9910.55,,,5,49552.00,1,F1,1,,,,,
2026-06-30,2026-06-30,CM,BSE,STK,976675,INE07HK07809,1065KSL26,F,,,,,KSL-10-.65%-06-11-26-PVT,99995.95,99995.95,99995.95,99995.95,99995.95,99995.95,,99995.95,,,1,99995.00,1,F1,1,,,,,
2026-06-30,2026-06-30,CM,BSE,STK,976708,INE836K07262,EFCL210525,F,,,,,EFCL-20-7-28-PVT,132573.00,132573.00,100873.84,112204.00,112204.00,125958.00,,112204.00,,,4,471106.00,4,F1,1,,,,,
2026-06-30,2026-06-30,CM,BSE,STK,976712,INE549K08541,1040MFL33,F,,,,,MFL-10.40%-22-8-33-PVT,10100.00,10150.00,10100.00,10100.00,10100.00,10090.00,,10100.00,,,15,151550.00,3,F1,1,,,,,
2026-06-30,2026-06-30,CM,BSE,STK,976752,INE420C07130,10PDL27,F,,,,,PDL-10%-3-6-27-PVT,99500.00,99500.00,99500.00,99500.00,99500.00,98050.00,,99500.00,,,2,199000.00,2,F1,1,,,,,
2026-06-30,2026-06-30,CM,BSE,STK,976788,INE101Q07BH4,975MML27A,F,,,,,MML-9.75%-12-6-27-PVT,98900.00,98900.00,98020.55,98020.55,98020.55,99000.00,,98020.55,,,4,393920.00,3,F1,1,,,,,
2026-06-30,2026-06-30,CM,BSE,STK,976799,INE0BUS07BV9,1125IML027,F,,,,,IML-11.25%-17-3-27-PVT,100000.00,100000.00,100000.00,100000.00,100000.00,99900.00,,100000.00,,,1,100000.00,1,F1,1,,,,,
2026-06-30,2026-06-30,CM,BSE,STK,976808,INE342T07601,1075NFL28,F,,,,,NFL-10.75%-19-8-28-PVT,10020.00,10037.00,10000.12,10023.51,10023.51,10028.59,,10023.51,,,99,992005.00,17,F1,1,,,,,
2026-06-30,2026-06-30,CM,BSE,STK,976831,INE0NES07204,1140KFL28,F,,,,,KFL-11.40%-25-06-28-PVT,98000.00,98000.00,98000.00,98000.00,98000.00,97000.00,,98000.00,,,1,98000.00,1,F1,1,,,,,
2026-06-30,2026-06-30,CM,BSE,STK,976832,INE01HV07569,965VCL27,F,,,,,VCL-9.65%-5-2-27,9900.00,9900.00,9900.00,9900.00,9900.00,9900.00,,9900.00,,,10,99000.00,2,F1,1,,,,,
2026-06-30,2026-06-30,CM,BSE,STK,976855,INE342T07619,10NFL27,F,,,,,NFL-10%-25-03-27-PVT,99000.00,99509.48,99000.00,99509.00,99509.00,99300.00,,99509.00,,,3,298018.00,3,F1,1,,,,,
2026-06-30,2026-06-30,CM,BSE,STK,976868,INE08XP07324,125ACAP28,F,,,,,ACAPL-12.5%-27-12-28-PVT,97377.50,97377.50,96100.00,96100.00,96100.00,96755.00,,96100.00,,,3,289577.00,3,F1,1,,,,,
2026-06-30,2026-06-30,CM,BSE,STK,976875,INE403Q07FQ6,10KFL2027,F,,,,,KFL-10%-31-12-27-PVT,9901.00,9901.00,9901.00,9901.00,9901.00,9925.00,,9901.00,,,1,9901.00,1,F1,1,,,,,
2026-06-30,2026-06-30,CM,BSE,STK,976924,INE179P07597,11DKGFS27,F,,,,,DKGFSPL-11%-18-7-27-PVT,9600.00,9794.20,9600.00,9794.20,9794.20,9755.12,,9794.20,,,2,19394.00,2,F1,1,,,,,
2026-06-30,2026-06-30,CM,BSE,STK,976928,INE0BUS07BW7,1125IMLD27,F,,,,,IML-11.25%-23-4-27-PVT,99999.00,99999.00,99999.00,99999.00,99999.00,99999.00,,99999.00,,,1,99999.00,1,F1,1,,,,,
2026-06-30,2026-06-30,CM,BSE,STK,976968,INE836K07312,EFCL300725,F,,,,,EFCL-30-10-28-PVT,108687.00,108687.00,108687.00,108687.00,108687.00,103400.00,,108687.00,,,1,108687.00,1,F1,1,,,,,
2026-06-30,2026-06-30,CM,BSE,STK,976985,INE0K0Y08011,0MCIBPL27,F,,,,,MCIBPL-ZC-05-08-27-PVT,109750.00,109750.00,109700.00,109700.00,109700.00,109832.00,,109700.00,,,8,877700.00,8,F1,1,,,,,
2026-06-30,2026-06-30,CM,BSE,STK,977001,INE403Q07GC4,1062KFLD28,F,,,,,KFLD-10.62%-7-2-28-PVT,99150.00,99150.00,99150.00,99150.00,99150.00,100650.00,,99150.00,,,2,198300.00,1,F1,1,,,,,
2026-06-30,2026-06-30,CM,BSE,STK,977004,INE420C07148,975PDL28,F,,,,,PDL-9.75%-8-8-28-PVT,100000.00,100000.00,99500.00,99750.00,99500.00,99000.00,,99750.00,,,2,199500.00,2,F1,1,,,,,
2026-06-30,2026-06-30,CM,BSE,STK,977006,INE658F08433,967KIIFB29,F,,,,,KIIFB-9.67%-8-8-29-PVT,102050.00,102050.00,102050.00,102050.00,102050.00,102050.00,,102050.00,,,1,102050.00,1,F1,1,,,,,
2026-06-30,2026-06-30,CM,BSE,STK,977011,INE658F08482,967KIIFB34,F,,,,,KIIFB-9.67%-8-8-34-PVT,103000.01,103000.01,103000.01,103000.01,103000.01,102500.00,,103000.01,,,1,103000.00,1,F1,1,,,,,
2026-06-30,2026-06-30,CM,BSE,STK,977017,INE342T07635,1030NFL27,F,,,,,NFL-10.30%-30-09-27-PVT,9970.00,9970.00,9970.00,9970.00,9970.00,9980.00,,9970.00,,,11,109670.00,4,F1,1,,,,,
2026-06-30,2026-06-30,CM,BSE,STK,977022,INE07HK07825,1065KSL27,F,,,,,KSL-10.65%-12-08-27-PVT,99500.00,99500.00,99500.00,99500.00,99500.00,99550.00,,99500.00,,,1,99500.00,1,F1,1,,,,,
2026-06-30,2026-06-30,CM,BSE,STK,977023,INE04SE07137,11CFPL27,F,,,,,CFPL-11%-11-8-27-PVT,99500.00,99500.00,99000.00,99200.00,99200.00,100350.00,,99200.00,,,11,1091200.00,8,F1,1,,,,,
2026-06-30,2026-06-30,CM,BSE,STK,977028,INE136S07013,1050NCL28,F,,,,,NCL-10.50%-12-2-28-PVT,99500.00,99500.00,99500.00,99500.00,99500.00,99500.00,,99500.00,,,2,199000.00,1,F1,1,,,,,
2026-06-30,2026-06-30,CM,BSE,STK,977038,INE403Q07GE0,10KFL2027A,F,,,,,KFL-10%-30-11-27-PVT,9800.55,9800.55,9800.55,9800.55,9800.55,9745.00,,9800.55,,,1,9800.00,1,F1,1,,,,,
2026-06-30,2026-06-30,CM,BSE,STK,977044,INE0NES07261,111KFL27,F,,,,,KFL-11.10%-19-8-27-PVT,9839.73,9839.73,9772.05,9772.05,9772.05,9850.00,,9772.05,,,20,196117.00,3,F1,1,,,,,
2026-06-30,2026-06-30,CM,BSE,STK,977064,INE348L07332,91MFSL27,F,,,,,MFSL-9.10%-29-8-27-PVT,9900.00,9900.00,9900.00,9900.00,9900.00,9900.00,,9900.00,,,8,79200.00,3,F1,1,,,,,
2026-06-30,2026-06-30,CM,BSE,STK,977065,INE403Q07GF7,10KFLD27,F,,,,,KFL-10%-29-8-27-PVT,85051.00,85051.00,85051.00,85051.00,85051.00,101232.88,,85051.00,,,2,170102.00,1,F1,1,,,,,
2026-06-30,2026-06-30,CM,BSE,STK,977117,INE583D08081,1165UCL31,F,,,,,UCL-11.65%-15-3-31-PVT,98500.00,98990.00,98001.01,98010.06,98001.01,98652.50,,98010.06,,,26,2550711.00,26,F1,1,,,,,
2026-06-30,2026-06-30,CM,BSE,STK,977128,INE549K08574,1026MFL31,F,,,,,MFL-10.26%-18-7-31-PVT,10093.00,10093.00,10093.00,10093.00,10093.00,10035.00,,10093.00,,,100,1009300.00,2,F1,1,,,,,
2026-06-30,2026-06-30,CM,BSE,STK,977144,INE681R08133,1025NBS27,F,,,,,NBSPL-10.25%-23-3-27-PVT,100000.00,100000.00,100000.00,100000.00,100000.00,100000.00,,100000.00,,,1,100000.00,1,F1,1,,,,,
2026-06-30,2026-06-30,CM,BSE,STK,977159,INE08E807084,99SRFCPL27,F,,,,,SRFCPL-9.9%-26-10-27-PVT,98436.00,98436.00,97314.22,98436.00,98436.00,97010.55,,98436.00,,,4,392622.00,4,F1,1,,,,,
2026-06-30,2026-06-30,CM,BSE,STK,977176,INE08XP07381,1435ACAP26,F,,,,,ACAPL-14.35%-28-10-26-PVT,2275.00,2275.00,2275.00,2275.00,2275.00,2838.00,,2275.00,,,1,2275.00,1,F1,1,,,,,
2026-06-30,2026-06-30,CM,BSE,STK,977200,INE146O08399,925HLFL31,F,,,,,HLFL-9.25%-9-7-31-PVT,106275.00,106275.00,106275.00,106275.00,106275.00,106175.25,,106275.00,,,1,106275.00,1,F1,1,,,,,
2026-06-30,2026-06-30,CM,BSE,STK,977226,INE0JZO07032,1350LLD29,F,,,,,LLDL-13.50%-30-01-29-PVT,101190.00,101190.00,100812.00,100812.00,100812.00,101226.81,,100812.00,,,6,605250.00,6,F1,1,,,,,
2026-06-30,2026-06-30,CM,BSE,STK,977228,INE583D07612,975UCL27,F,,,,,UCL-9.75%-15-10-27-PVT,10001.21,10001.21,10001.21,10001.21,10001.21,9945.00,,10001.21,,,10,100012.00,2,F1,1,,,,,
2026-06-30,2026-06-30,CM,BSE,STK,977241,INE0NES07287,1140KRFL27,F,,,,,KRFL-11.40%-24-10-27-PVT,9849.99,9849.99,9765.05,9767.10,9767.10,9786.12,,9767.10,,,148,1448423.00,23,F1,1,,,,,
2026-06-30,2026-06-30,CM,BSE,STK,977250,INE101Q07BR3,975MMLD28,F,,,,,MML-9.75%-27-10-28-PVT,9801.00,9801.00,9801.00,9801.00,9801.00,9900.00,,9801.00,,,25,245025.00,3,F1,1,,,,,
2026-06-30,2026-06-30,CM,BSE,STK,977272,INE08KJ07142,11MGFL27,F,,,,,MGFL-11%-03-02-27-PVT,100150.95,100150.95,100150.95,100150.95,100150.95,98150.45,,100150.95,,,1,100150.00,1,F1,1,,,,,
2026-06-30,2026-06-30,CM,BSE,STK,977280,INE046W07305,98MML27A,F,,,,,MML-9.8%-4-11-27-PVT,74720.00,74720.00,74673.49,74720.00,74720.00,74720.00,,74720.00,,,8,597708.00,6,F1,1,,,,,
2026-06-30,2026-06-30,CM,BSE,STK,977309,INE08XP07423,12ACAPL27B,F,,,,,ACAPL-12%-21-05-27-PVT,9839.73,9913.64,9826.56,9906.21,9913.64,9871.00,,9906.21,,,55,544002.00,11,F1,1,,,,,
2026-06-30,2026-06-30,CM,BSE,STK,977326,INE583D07620,950UCL27,F,,,,,UCL-9.50%-27-02-27-PVT,10000.00,10000.00,10000.00,10000.00,10000.00,9999.00,,10000.00,,,5,50000.00,1,F1,1,,,,,
2026-06-30,2026-06-30,CM,BSE,STK,977331,INE07HK07866,1050KSL27,F,,,,,KSL-10.50%-2-12-27-PVT,99457.51,99600.00,99457.51,99501.00,99501.00,99999.00,,99501.00,,,7,696475.00,4,F1,1,,,,,
2026-06-30,2026-06-30,CM,BSE,STK,977354,INE148I07YI2,879SCL30,F,,,,,SCL-8.79%-09-12-30-PVT,90000.00,90000.00,90000.00,90000.00,90000.00,99590.00,,95886.59,,,1,90000.00,1,F1,1,,,,,
2026-06-30,2026-06-30,CM,BSE,STK,977367,INE08XP07431,12ACAP27,F,,,,,ACAPL-12%-11-6-27-PVT,9780.00,9791.99,9780.00,9791.99,9791.99,9780.00,,9791.99,,,19,185846.00,7,F1,1,,,,,
2026-06-30,2026-06-30,CM,BSE,STK,977379,INE046W07354,995MML28,F,,,,,MML-9.95%-16-12-28-PVT,100099.99,100099.99,99200.00,99200.00,99200.00,99990.00,,99200.00,,,3,299299.00,3,F1,1,,,,,
2026-06-30,2026-06-30,CM,BSE,STK,977380,INE046W07347,985MML27,F,,,,,MML-9.85%-16-12-27-PVT,99245.00,99245.00,99245.00,99245.00,99245.00,99245.43,,99245.00,,,2,198490.00,1,F1,1,,,,,
2026-06-30,2026-06-30,CM,BSE,STK,977382,INE583D07638,999UCL29,F,,,,,UCL-9.99%-16-06-29-PVT,9930.00,9930.00,9900.00,9900.00,9900.00,9930.00,,9900.00,,,12,118860.00,5,F1,1,,,,,
2026-06-30,2026-06-30,CM,BSE,STK,977383,INE08XP07449,1250ACAP27,F,,,,,ACAPL-12.50%-17-01-27-PVT,5500.00,5500.00,5401.00,5425.00,5425.00,5382.50,,5425.00,,,37,201344.00,13,F1,1,,,,,
2026-06-30,2026-06-30,CM,BSE,STK,977397,INE08E807134,1065SRFC28,F,,,,,SFCPL-10.65%-22-6-28-PVT,99000.00,99000.00,99000.00,99000.00,99000.00,97130.56,,99000.00,,,1,99000.00,1,F1,1,,,,,
2026-06-30,2026-06-30,CM,BSE,STK,977399,INE559D08032,12CVL27,F,,,,,CVL-12%-23-6-27-PVT,100263.04,100263.04,100263.04,100263.04,100263.04,102466.00,,100263.04,,,20,2005260.00,1,F1,1,,,,,
2026-06-30,2026-06-30,CM,BSE,STK,977418,INE515Q08283,1175AFPL32,F,,,,,AFPL-11.75%-14-04-32-PVT,101097.00,101097.00,101097.00,101097.00,101097.00,101053.12,,101097.00,,,2,202194.00,2,F1,1,,,,,
2026-06-30,2026-06-30,CM,BSE,STK,977419,INE884Q07822,1170MML27,F,,,,,MML-11.70%-30-06-27-PVT,59780.00,72000.00,59780.00,59780.00,59780.00,61000.00,,59780.00,,,6,370900.00,4,F1,1,,,,,
2026-06-30,2026-06-30,CM,BSE,STK,977424,INE0K0Y08037,0MCIBPL27A,F,,,,,MCIBPL-ZC-31-12-27-PVT,105076.00,105076.00,105076.00,105076.00,105076.00,104932.00,,105076.00,,,3094,325105144.00,47,F1,1,,,,,
2026-06-30,2026-06-30,CM,BSE,STK,977440,INE0JZO07040,13LLDL29,F,,,,,LLDL-13%-30-1-29-PVT,100348.50,100348.50,100348.50,100348.50,100348.50,100349.00,,100348.50,,,4,401394.00,4,F1,1,,,,,
2026-06-30,2026-06-30,CM,BSE,STK,977456,INE836B07907,1015SCNL28,F,,,,,SCNL-10.15%-13-7-28-PVT,9952.00,9952.00,9952.00,9952.00,9952.00,9952.00,,9952.00,,,5,49760.00,1,F1,1,,,,,
2026-06-30,2026-06-30,CM,BSE,STK,977477,INE342T07668,1075NFL28A,F,,,,,NFL-10.75%-31-12-28-PVT,10020.00,10037.00,10000.00,10037.00,10037.00,10035.00,,10037.00,,,77,771902.00,9,F1,1,,,,,
2026-06-30,2026-06-30,CM,BSE,STK,977495,INE836K07320,0EFCL29,F,,,,,EFCL-ZC-30-4-29-PVT,100000.00,100000.00,100000.00,100000.00,100000.00,100000.00,,100000.00,,,21,2100000.00,5,F1,1,,,,,
2026-06-30,2026-06-30,CM,BSE,STK,977515,INE836B07915,10SCNL28,F,,,,,SCNL-10%-30-01-28-PVT,10384.00,10384.00,9800.00,9870.00,9870.00,10445.00,,9870.00,,,25,249524.00,7,F1,1,,,,,
2026-06-30,2026-06-30,CM,BSE,STK,977516,INE179P07621,11DKGFSP29,F,,,,,DKGFSPL-11%-30-1-29-PVT,5800.00,5800.00,5800.00,5800.00,5800.00,7201.00,,5800.00,,,1,5800.00,1,F1,1,,,,,
2026-06-30,2026-06-30,CM,BSE,STK,977517,INE1VXE07023,1035STLN28,F,,,,,STLNL-10.35%-30-6-28-PVT,100265.58,100265.58,100265.58,100265.58,100265.58,0.00,,100265.58,,,30,3007967.00,1,F1,1,,,,,
2026-06-30,2026-06-30,CM,BSE,STK,977532,INE138I08117,0MSAFL28,F,,,,,MSAFL-ZC-6-2-28-PVT,103588.00,104018.00,103588.00,104018.00,104018.00,103001.00,,104018.00,,,619,64386263.00,10,F1,1,,,,,
2026-06-30,2026-06-30,CM,BSE,STK,977541,INE0NES07303,12KFL28,F,,,,,KFL-12%-10-5-28-KFL,9800.00,9800.00,9795.33,9795.33,9795.33,9792.00,,9795.33,,,60,587738.00,7,F1,1,,,,,
2026-06-30,2026-06-30,CM,BSE,STK,977558,INE14H407116,11FCPL28,F,,,,,FCPL-11%-26-8-28-PVT,9800.00,9800.00,9757.01,9757.01,9757.01,9800.00,,9757.01,,,32,312310.00,2,F1,1,,,,,
2026-06-30,2026-06-30,CM,BSE,STK,977564,INE549K08590,104MFL33,F,,,,,MFL-10.4%-30-12-33-PVT,10125.50,10125.50,10125.50,10125.50,10125.50,10100.00,,10125.50,,,200,2025100.00,1,F1,1,,,,,
2026-06-30,2026-06-30,CM,BSE,STK,977575,INE0LWH07104,CSAI240226,F,,,,,CSAIPL-14.40%-23-12-27-PVT,105181.00,105181.00,105181.00,105181.00,105181.00,100000.00,,105181.00,,,1,105181.00,1,F1,1,,,,,
2026-06-30,2026-06-30,CM,BSE,STK,977642,INE09B308044,12SSFBL31,F,,,,,SSFBL-12%-17-12-31-PVT,100500.00,100500.00,100500.00,100500.00,100500.00,100500.00,,100500.00,,,1,100500.00,1,F1,1,,,,,
2026-06-30,2026-06-30,CM,BSE,STK,977648,INE101Q07BX1,930MMCL28,F,,,,,MML-9.30%-17-06-28-PVT,9700.00,9750.00,9700.00,9700.00,9700.00,9830.00,,9700.00,,,6,58250.00,4,F1,1,,,,,
2026-06-30,2026-06-30,CM,BSE,STK,977649,INE101Q07BW3,965MMCL28,F,,,,,MML-9.65%-18-09-28-PVT,9800.00,9800.00,9800.00,9800.00,9800.00,9795.00,,9800.00,,,76,744800.00,7,F1,1,,,,,
2026-06-30,2026-06-30,CM,BSE,STK,977657,INE04UP07162,125BCSL29,F,,,,,BCSL-12.5%-18-3-29-PVT,7200.00,7200.00,5500.00,5500.00,5500.00,6000.00,,5500.00,,,2,12700.00,2,F1,1,,,,,
2026-06-30,2026-06-30,CM,BSE,STK,977659,INE545L07044,1175MCFL28,F,,,,,MCFL-11.75%-23-9-28-PVT,96685.93,99100.00,96685.93,99100.00,99100.00,0.00,,99100.00,,,8,783143.00,3,F1,1,,,,,
2026-06-30,2026-06-30,CM,BSE,STK,977662,INE03K307132,1025SFL28A,F,,,,,SFL-10.25%-20-3-28-PVT,10010.00,10010.00,10010.00,10010.00,10010.00,10000.00,,10010.00,,,1,10010.00,1,F1,1,,,,,
2026-06-30,2026-06-30,CM,BSE,STK,977671,INE836K07338,EFCL24326,F,,,,,EFCL-ZC-25-06-29-PVT,102467.00,102467.00,102467.00,102467.00,102467.00,102441.14,,102467.00,,,1,102467.00,1,F1,1,,,,,
2026-06-30,2026-06-30,CM,BSE,STK,977676,INE964R07069,14RFL2027,F,,,,,RFL-14%-23-6-27-PVT,9010.00,9016.00,9001.00,9016.00,9016.00,9011.00,,9016.00,,,5,45029.00,5,F1,1,,,,,
2026-06-30,2026-06-30,CM,BSE,STK,977705,INE0MYJ07187,1050PPL27,F,,,,,PPL-10.50%-30-12-27-PVT,97510.00,97510.00,97510.00,97510.00,97510.00,97510.00,,97510.00,,,2,195020.00,2,F1,1,,,,,
2026-06-30,2026-06-30,CM,BSE,STK,977725,INE0BUS07CL8,1050IML29,F,,,,,IML-10.50%-17-4-29-PVT,9855.00,9870.00,9855.00,9870.00,9870.00,9855.26,,9870.00,,,13,128265.00,3,F1,1,,,,,
2026-06-30,2026-06-30,CM,BSE,STK,977730,INE342T07684,1030NFL28,F,,,,,NFL-10.30%-31-5-28-PVT,9964.20,9964.20,9964.20,9964.20,9964.20,0.00,,9964.20,,,142,1414916.00,13,F1,1,,,,,
2026-06-30,2026-06-30,CM,BSE,STK,977732,INE0NES07329,12KFL27,F,,,,,KFL-12%-22-09-27-PVT,9801.00,9904.99,9801.00,9891.00,9899.00,9866.00,,9891.00,,,45,443329.00,20,F1,1,,,,,
2026-06-30,2026-06-30,CM,BSE,STK,977735,INE229U07186,1090NFL28,F,,,,,NFL-10.90%-24-04-28-PVT,9725.00,9750.00,9725.00,9725.00,9725.00,9725.00,,9725.00,,,31,301600.00,8,F1,1,,,,,
2026-06-30,2026-06-30,CM,BSE,STK,977740,INE926R07027,13UCIL28,F,,,,,UCIL-13%-23-4-28-PVT,9500.00,9519.99,9466.00,9500.00,9500.00,9500.00,,9500.00,,,204,1937415.00,61,F1,1,,,,,
2026-06-30,2026-06-30,CM,BSE,STK,977753,INE572J07810,1125SSFL28,F,,,,,SSFL-11.25%-26-24-28-PVT,9900.00,9950.00,9900.00,9950.00,9950.00,9900.00,,9950.00,,,10,99450.00,3,F1,1,,,,,
2026-06-30,2026-06-30,CM,BSE,STK,977773,INE08XP07480,1280ACAP28,F,,,,,ACAP-12.80%-7-5-28-PVT,9800.00,9890.00,9711.11,9890.00,9890.00,9865.39,,9890.00,,,46,453033.00,9,F1,1,,,,,
2026-06-30,2026-06-30,CM,BSE,STK,977777,INE08E807175,105SRFC28,F,,,,,SRFCPL-10.50%-12-6-28-PVT,99999.00,99999.00,99999.00,99999.00,99999.00,100250.00,,99999.00,,,4,399996.00,2,F1,1,,,,,
2026-06-30,2026-06-30,CM,BSE,STK,977801,INE101Q07CA7,930MML2028,F,,,,,MML-9.30%-20-11-28-PVT,9669.88,9717.00,9669.88,9717.00,9717.00,9651.50,,9717.00,,,75,728633.00,7,F1,1,,,,,
2026-06-30,2026-06-30,CM,BSE,STK,977806,INE926R07035,13UCIL2028,F,,,,,UCIL-13%-20-5-28-PVT,9575.00,9800.00,9575.00,9800.00,9800.00,9575.00,,9800.00,,,6,57675.00,2,F1,1,,,,,
2026-06-30,2026-06-30,CM,BSE,STK,977846,INE0NES07345,12KFL2028,F,,,,,KFL-12%-4-9-28-PVT,9970.00,9970.00,9970.00,9970.00,9970.00,9986.85,,9970.00,,,20,199400.00,7,F1,1,,,,,
2026-06-30,2026-06-30,CM,BSE,STK,977854,INE076I07053,11RDCL2028,F,,,,,RDCL-11%-8-12-28-PVT,9890.47,9890.47,9890.47,9890.47,9890.47,9800.00,,9890.47,,,40,395618.00,1,F1,1,,,,,
2026-06-30,2026-06-30,CM,BSE,STK,977861,INE03K307165,1075SF2028,F,,,,,SFL-10.75%-10-6-28-PVT,9973.49,9973.49,9973.49,9973.49,9973.49,9967.60,,9973.49,,,20,199469.00,1,F1,1,,,,,
2026-06-30,2026-06-30,CM,BSE,STK,977880,INE0KH208027,0ANSPL28,F,,,,,ANSPL-ZC-17-06-28-PVT,100350.00,100350.00,100350.00,100350.00,100350.00,100200.00,,100350.00,,,2,200700.00,1,F1,1,,,,,
